-- MySQL dump 10.13  Distrib 8.0.27, for macos11 (x86_64)
--
-- Host: localhost    Database: laravel
-- ------------------------------------------------------
-- Server version	8.0.27

/*!40101 SET @OLD_CHARACTER_SET_CLIENT=@@CHARACTER_SET_CLIENT */;
/*!40101 SET @OLD_CHARACTER_SET_RESULTS=@@CHARACTER_SET_RESULTS */;
/*!40101 SET @OLD_COLLATION_CONNECTION=@@COLLATION_CONNECTION */;
/*!50503 SET NAMES utf8 */;
/*!40103 SET @OLD_TIME_ZONE=@@TIME_ZONE */;
/*!40103 SET TIME_ZONE='+00:00' */;
/*!40014 SET @OLD_UNIQUE_CHECKS=@@UNIQUE_CHECKS, UNIQUE_CHECKS=0 */;
/*!40014 SET @OLD_FOREIGN_KEY_CHECKS=@@FOREIGN_KEY_CHECKS, FOREIGN_KEY_CHECKS=0 */;
/*!40101 SET @OLD_SQL_MODE=@@SQL_MODE, SQL_MODE='NO_AUTO_VALUE_ON_ZERO' */;
/*!40111 SET @OLD_SQL_NOTES=@@SQL_NOTES, SQL_NOTES=0 */;

--
-- Table structure for table `categories`
--

DROP TABLE IF EXISTS `categories`;
/*!40101 SET @saved_cs_client     = @@character_set_client */;
/*!50503 SET character_set_client = utf8mb4 */;
CREATE TABLE `categories` (
  `id` int unsigned NOT NULL AUTO_INCREMENT,
  `name` varchar(255) COLLATE utf8mb4_unicode_ci NOT NULL,
  `description` varchar(1000) COLLATE utf8mb4_unicode_ci NOT NULL,
  `created_at` timestamp NULL DEFAULT NULL,
  `updated_at` timestamp NULL DEFAULT NULL,
  `deleted_at` timestamp NULL DEFAULT NULL,
  PRIMARY KEY (`id`)
) ENGINE=InnoDB AUTO_INCREMENT=31 DEFAULT CHARSET=utf8mb4 COLLATE=utf8mb4_unicode_ci;
/*!40101 SET character_set_client = @saved_cs_client */;

--
-- Dumping data for table `categories`
--

LOCK TABLES `categories` WRITE;
/*!40000 ALTER TABLE `categories` DISABLE KEYS */;
INSERT INTO `categories` VALUES (1,'magnam','Qui qui ratione voluptatibus voluptas.','2021-11-10 21:06:36','2021-11-10 21:06:36',NULL),(2,'assumenda','Ad et veritatis eos distinctio vero nemo iste quo. Inventore praesentium illum ea dignissimos culpa ut perferendis quia.','2021-11-10 21:06:36','2021-11-10 21:06:36',NULL),(3,'dolor','Ab accusamus adipisci et blanditiis.','2021-11-10 21:06:36','2021-11-10 21:06:36',NULL),(4,'molestiae','Itaque quidem dicta fugiat culpa provident vitae deleniti corporis.','2021-11-10 21:06:36','2021-11-10 21:06:36',NULL),(5,'voluptas','Perferendis natus et officia totam consectetur sint. Doloribus perferendis aut reiciendis totam.','2021-11-10 21:06:36','2021-11-10 21:06:36',NULL),(6,'provident','Repudiandae quia ut aut ut ut.','2021-11-10 21:06:36','2021-11-10 21:06:36',NULL),(7,'ipsam','Rem consectetur eos eveniet consequatur eos vero corrupti. Libero veritatis aut quasi dolorum voluptatem eveniet repudiandae.','2021-11-10 21:06:36','2021-11-10 21:06:36',NULL),(8,'aut','Culpa ea velit sapiente eum voluptates voluptas dicta.','2021-11-10 21:06:36','2021-11-10 21:06:36',NULL),(9,'esse','Ducimus tempora possimus deleniti atque adipisci aut.','2021-11-10 21:06:36','2021-11-10 21:06:36',NULL),(10,'distinctio','Nesciunt laboriosam maxime qui corporis.','2021-11-10 21:06:36','2021-11-10 21:06:36',NULL),(11,'soluta','Harum molestiae aspernatur modi deserunt.','2021-11-10 21:06:36','2021-11-10 21:06:36',NULL),(12,'qui','Tempora debitis odio ut magni qui ut velit neque.','2021-11-10 21:06:36','2021-11-10 21:06:36',NULL),(13,'fugiat','Vero quo fugit totam. Excepturi iusto exercitationem sed nihil eveniet itaque mollitia et.','2021-11-10 21:06:36','2021-11-10 21:06:36',NULL),(14,'earum','Vitae ullam delectus ex blanditiis quo dicta et.','2021-11-10 21:06:36','2021-11-10 21:06:36',NULL),(15,'sint','Non corporis error voluptas autem laudantium minima incidunt et.','2021-11-10 21:06:36','2021-11-10 21:06:36',NULL),(16,'deserunt','Voluptatum itaque non qui nemo. Et molestias consequatur repellat eligendi.','2021-11-10 21:06:36','2021-11-10 21:06:36',NULL),(17,'minima','Est doloribus qui aut error. Earum aut et dignissimos et voluptate voluptas.','2021-11-10 21:06:36','2021-11-10 21:06:36',NULL),(18,'laboriosam','Sint labore qui est sint suscipit praesentium veniam.','2021-11-10 21:06:36','2021-11-10 21:06:36',NULL),(19,'quos','Error ea similique delectus occaecati non vel. Quia dolorum est sed sint omnis.','2021-11-10 21:06:36','2021-11-10 21:06:36',NULL),(20,'maxime','Ducimus id et debitis nobis. Laboriosam hic pariatur eligendi earum est assumenda.','2021-11-10 21:06:36','2021-11-10 21:06:36',NULL),(21,'non','Eius corporis dolor doloribus cupiditate. Quidem in qui reiciendis aperiam nobis ut suscipit dolores.','2021-11-10 21:06:36','2021-11-10 21:06:36',NULL),(22,'eos','Amet at animi dolores enim modi iusto.','2021-11-10 21:06:36','2021-11-10 21:06:36',NULL),(23,'et','Quis numquam deserunt labore omnis et necessitatibus dolores tenetur.','2021-11-10 21:06:36','2021-11-10 21:06:36',NULL),(24,'hic','Velit eum perferendis sit ipsam.','2021-11-10 21:06:36','2021-11-10 21:06:36',NULL),(25,'quia','Necessitatibus voluptates consequatur est ipsa voluptatem.','2021-11-10 21:06:36','2021-11-10 21:06:36',NULL),(26,'corporis','Quis necessitatibus et est doloremque. Quos et atque eos animi quisquam quia tempora.','2021-11-10 21:06:36','2021-11-10 21:06:36',NULL),(27,'est','Et veniam et nobis ipsa beatae quibusdam non. Possimus natus ducimus voluptatem odit itaque dolorum ex.','2021-11-10 21:06:36','2021-11-10 21:06:36',NULL),(28,'sunt','Eius laborum rerum magni est. Vel similique necessitatibus ab minus modi.','2021-11-10 21:06:36','2021-11-10 21:06:36',NULL),(29,'ipsa','Minus harum dicta voluptatum ea quos est.','2021-11-10 21:06:36','2021-11-10 21:06:36',NULL),(30,'minus','Ullam est eos dolor aspernatur quia.','2021-11-10 21:06:36','2021-11-10 21:06:36',NULL);
/*!40000 ALTER TABLE `categories` ENABLE KEYS */;
UNLOCK TABLES;

--
-- Table structure for table `category_product`
--

DROP TABLE IF EXISTS `category_product`;
/*!40101 SET @saved_cs_client     = @@character_set_client */;
/*!50503 SET character_set_client = utf8mb4 */;
CREATE TABLE `category_product` (
  `category_id` int unsigned NOT NULL,
  `product_id` int unsigned NOT NULL,
  KEY `category_product_category_id_foreign` (`category_id`),
  KEY `category_product_product_id_foreign` (`product_id`),
  CONSTRAINT `category_product_category_id_foreign` FOREIGN KEY (`category_id`) REFERENCES `categories` (`id`),
  CONSTRAINT `category_product_product_id_foreign` FOREIGN KEY (`product_id`) REFERENCES `products` (`id`)
) ENGINE=InnoDB DEFAULT CHARSET=utf8mb4 COLLATE=utf8mb4_unicode_ci;
/*!40101 SET character_set_client = @saved_cs_client */;

--
-- Dumping data for table `category_product`
--

LOCK TABLES `category_product` WRITE;
/*!40000 ALTER TABLE `category_product` DISABLE KEYS */;
INSERT INTO `category_product` VALUES (4,1),(17,1),(25,1),(30,1),(17,2),(23,2),(25,2),(27,2),(19,3),(1,4),(20,4),(19,5),(22,6),(24,6),(29,7),(15,8),(22,8),(23,9),(14,10),(21,10),(23,10),(27,11),(2,12),(4,12),(13,12),(17,12),(24,12),(17,13),(19,13),(16,14),(6,15),(17,15),(19,15),(13,16),(26,16),(6,17),(28,18),(21,19),(28,19),(4,20),(29,20),(24,21),(26,21),(11,22),(4,23),(8,23),(22,23),(28,23),(4,24),(27,24),(28,25),(2,26),(23,26),(28,26),(5,27),(24,27),(5,28),(11,28),(16,28),(25,28),(29,28),(11,29),(15,29),(17,29),(19,29),(24,29),(6,30),(25,30),(8,31),(30,31),(4,32),(6,32),(23,32),(26,32),(29,32),(23,33),(1,34),(9,34),(10,34),(20,34),(28,34),(5,35),(18,35),(23,35),(7,36),(9,36),(12,36),(22,36),(29,36),(12,37),(24,37),(30,37),(5,38),(9,38),(17,38),(20,38),(10,39),(1,40),(21,40),(25,40),(3,41),(5,42),(12,42),(27,42),(1,43),(5,43),(6,43),(7,43),(16,43),(13,44),(19,44),(27,44),(3,45),(4,45),(11,45),(24,45),(27,45),(6,46),(10,46),(11,46),(15,46),(22,46),(12,47),(23,47),(24,47),(25,47),(29,47),(19,48),(21,48),(27,48),(29,48),(7,49),(28,49),(29,49),(18,50),(20,50),(21,50),(26,50),(30,50),(1,51),(5,51),(28,51),(3,52),(8,52),(22,52),(29,52),(6,53),(15,53),(28,53),(1,54),(5,54),(18,54),(24,54),(7,55),(24,55),(9,56),(10,56),(14,56),(27,56),(30,56),(2,57),(9,57),(11,57),(22,57),(8,58),(9,58),(15,58),(26,58),(27,58),(17,59),(19,59),(21,60),(27,60),(5,61),(8,61),(12,61),(16,61),(21,61),(13,62),(17,62),(23,62),(25,62),(28,62),(26,63),(4,64),(5,64),(24,64),(26,64),(13,65),(21,65),(28,65),(18,66),(25,66),(29,66),(3,67),(12,67),(23,67),(29,67),(8,68),(11,69),(21,69),(29,69),(30,69),(11,70),(16,70),(21,71),(15,72),(7,73),(9,74),(24,74),(1,75),(12,75),(27,75),(28,75),(17,76),(18,76),(19,76),(28,76),(23,77),(16,78),(2,79),(3,79),(16,79),(20,79),(29,79),(8,80),(11,80),(29,80),(4,81),(2,82),(7,82),(12,82),(21,82),(22,82),(8,83),(15,83),(10,84),(15,84),(17,84),(2,85),(7,85),(13,85),(18,85),(27,85),(8,86),(19,86),(23,87),(5,88),(18,88),(21,88),(23,88),(8,89),(10,89),(27,89),(29,89),(20,90),(30,90),(5,91),(8,91),(13,91),(16,91),(8,92),(14,92),(19,92),(24,92),(9,93),(13,94),(17,94),(23,94),(24,94),(29,94),(6,95),(13,95),(30,95),(17,96),(2,97),(10,97),(17,97),(19,97),(5,98),(7,98),(8,98),(14,98),(26,98),(9,99),(10,99),(19,99),(27,99),(9,100),(11,100),(13,100),(19,100),(7,101),(10,102),(12,102),(13,102),(18,102),(30,102),(7,103),(14,103),(22,103),(5,104),(13,104),(24,104),(4,105),(6,105),(8,105),(15,105),(8,106),(15,106),(21,106),(27,106),(29,106),(6,107),(14,107),(15,107),(5,108),(15,108),(19,108),(2,109),(17,109),(18,109),(20,109),(3,110),(4,110),(12,110),(14,110),(24,110),(2,111),(3,111),(14,111),(20,111),(29,111),(4,112),(16,112),(20,112),(10,113),(11,113),(14,113),(23,113),(30,113),(5,114),(3,115),(7,115),(10,115),(2,116),(30,116),(22,117),(23,117),(25,117),(7,118),(15,119),(26,119),(4,120),(19,120),(23,120),(28,120),(1,121),(2,121),(4,121),(17,121),(30,121),(4,122),(24,122),(3,123),(12,123),(18,123),(28,123),(29,123),(1,124),(6,124),(22,124),(26,124),(27,124),(2,125),(8,125),(22,125),(28,125),(6,126),(12,126),(26,126),(4,127),(16,127),(20,127),(6,128),(7,128),(13,128),(21,128),(22,128),(16,129),(12,130),(25,130),(26,130),(4,131),(6,131),(20,131),(27,131),(2,132),(15,132),(18,132),(6,133),(7,133),(29,134),(11,135),(15,135),(29,135),(10,136),(1,137),(9,138),(14,138),(18,138),(24,138),(25,138),(7,139),(19,139),(7,140),(25,140),(6,141),(9,141),(13,141),(15,141),(26,141),(7,142),(9,142),(15,142),(27,142),(7,143),(19,143),(20,143),(5,144),(10,144),(24,144),(2,145),(3,146),(12,146),(20,146),(1,147),(10,147),(17,147),(6,148),(14,148),(26,148),(11,149),(13,149),(14,149),(15,149),(24,149),(9,150),(11,150),(20,150),(27,150),(28,150),(10,151),(11,151),(18,151),(23,151),(3,152),(17,152),(19,152),(30,152),(2,153),(6,153),(10,153),(30,153),(16,154),(6,155),(8,155),(14,155),(5,156),(9,156),(17,156),(4,157),(13,157),(20,157),(24,157),(25,157),(4,158),(9,158),(28,158),(29,158),(24,159),(30,159),(22,160),(4,161),(12,161),(15,161),(27,161),(9,162),(12,162),(13,162),(17,162),(6,163),(26,163),(22,164),(3,165),(7,165),(13,165),(17,165),(3,166),(10,166),(18,166),(20,166),(26,166),(30,167),(3,168),(19,168),(21,168),(5,169),(9,169),(17,169),(15,170),(29,170),(6,171),(14,171),(24,171),(27,171),(28,171),(1,172),(3,172),(15,172),(2,173),(20,173),(28,173),(6,174),(12,174),(21,174),(25,174),(7,175),(6,176),(7,176),(18,176),(6,177),(10,177),(6,178),(13,178),(22,178),(24,178),(9,179),(20,179),(29,179),(4,180),(28,180),(8,181),(22,181),(7,182),(16,182),(24,182),(26,182),(29,182),(22,183),(9,184),(20,184),(26,184),(27,184),(28,184),(3,185),(5,185),(10,185),(12,185),(14,185),(27,186),(30,186),(8,187),(18,187),(21,187),(23,187),(27,188),(13,189),(24,189),(26,189),(28,189),(11,190),(6,191),(11,191),(18,191),(23,191),(24,191),(25,192),(27,192),(3,193),(8,193),(15,193),(26,194),(8,195),(6,196),(14,196),(16,196),(26,196),(30,196),(3,197),(17,197),(26,198),(6,199),(9,199),(11,199),(25,199),(27,199),(4,200),(9,200),(11,200),(18,200),(24,200),(15,201),(21,201),(11,202),(4,203),(22,203),(28,203),(14,204),(20,204),(22,204),(27,204),(4,205),(6,205),(9,205),(19,205),(6,206),(19,206),(24,206),(4,207),(8,207),(21,207),(24,207),(18,208),(9,209),(11,209),(15,209),(25,209),(26,209),(5,210),(6,210),(16,210),(23,210),(16,211),(2,212),(8,212),(16,212),(18,212),(27,212),(3,213),(19,213),(20,213),(21,213),(25,213),(25,214),(4,215),(28,215),(9,216),(20,216),(21,216),(7,217),(14,217),(18,217),(23,217),(29,217),(2,218),(5,218),(23,219),(30,219),(1,220),(7,220),(17,220),(22,220),(23,220),(2,221),(8,221),(9,221),(10,221),(12,221),(30,222),(16,223),(8,224),(16,224),(19,224),(20,224),(29,224),(10,225),(14,225),(16,225),(8,226),(14,227),(16,227),(9,228),(17,228),(22,228),(24,228),(21,229),(25,229),(14,230),(30,231),(3,232),(4,232),(16,232),(25,232),(27,232),(22,233),(1,234),(4,234),(10,234),(11,234),(2,235),(6,235),(20,235),(26,235),(7,236),(14,236),(27,236),(17,237),(27,237),(11,238),(29,238),(9,239),(10,239),(22,240),(13,241),(1,242),(3,242),(6,242),(9,242),(25,242),(15,243),(21,243),(11,244),(11,245),(21,245),(26,245),(2,246),(12,246),(6,247),(11,247),(13,247),(22,247),(28,247),(28,248),(17,249),(29,249),(8,250),(20,251),(24,251),(30,251),(17,252),(19,252),(24,252),(20,253),(8,254),(9,254),(20,254),(3,255),(4,255),(5,255),(6,255),(19,255),(3,256),(5,256),(9,256),(10,256),(23,256),(1,257),(3,257),(21,257),(23,257),(24,257),(5,258),(26,258),(29,258),(6,259),(12,259),(19,259),(22,259),(25,259),(2,260),(11,260),(16,260),(21,260),(4,261),(11,261),(6,262),(13,262),(18,262),(20,262),(29,262),(1,263),(7,263),(17,263),(28,263),(2,264),(6,264),(17,264),(27,264),(10,265),(22,265),(8,266),(9,266),(26,266),(2,267),(17,267),(19,267),(11,268),(23,268),(25,268),(27,268),(5,269),(8,269),(10,269),(14,269),(17,269),(24,270),(26,270),(28,270),(16,271),(21,271),(3,272),(6,272),(17,272),(22,272),(30,272),(13,273),(19,273),(20,273),(24,273),(29,273),(28,274),(3,275),(5,275),(8,275),(13,275),(15,275),(1,276),(18,276),(11,277),(30,277),(4,278),(13,278),(15,278),(25,278),(26,278),(6,279),(16,280),(22,280),(24,280),(28,280),(30,280),(5,281),(9,281),(25,281),(26,281),(26,282),(3,283),(12,283),(14,283),(18,283),(22,283),(9,284),(10,284),(13,284),(27,284),(30,284),(11,285),(14,285),(27,285),(10,286),(28,286),(3,287),(6,287),(14,287),(10,288),(13,288),(15,288),(9,289),(26,289),(10,290),(19,290),(21,290),(1,291),(7,291),(17,291),(19,291),(6,292),(7,292),(15,292),(17,292),(26,292),(22,293),(23,293),(24,294),(26,294),(28,294),(29,294),(10,295),(17,295),(19,295),(11,296),(16,296),(21,296),(28,296),(30,296),(6,297),(17,297),(20,297),(23,297),(27,297),(28,298),(30,298),(19,299),(11,300),(16,300),(21,300),(27,300),(5,301),(14,301),(17,301),(26,301),(30,301),(5,302),(25,302),(26,302),(1,303),(10,303),(21,303),(28,303),(30,303),(2,304),(3,304),(4,304),(15,305),(17,305),(20,305),(5,306),(1,307),(3,307),(17,307),(20,307),(25,307),(1,308),(11,308),(17,309),(18,310),(22,310),(2,311),(3,311),(17,311),(20,311),(25,311),(6,312),(10,312),(15,312),(17,312),(11,313),(2,314),(14,314),(22,314),(23,314),(22,315),(6,316),(10,316),(18,316),(30,316),(2,317),(7,317),(18,317),(21,317),(30,317),(8,318),(17,318),(22,318),(24,318),(22,319),(4,320),(6,320),(14,320),(15,320),(16,320),(3,321),(16,321),(6,322),(7,322),(11,322),(22,322),(27,322),(9,323),(14,323),(21,323),(22,323),(24,323),(3,324),(11,324),(18,325),(23,325),(4,326),(5,327),(10,327),(18,327),(22,327),(25,327),(4,328),(6,328),(6,329),(12,329),(14,329),(15,329),(14,330),(17,331),(25,331),(26,331),(27,331),(30,331),(8,332),(18,332),(22,333),(3,334),(6,334),(20,334),(23,334),(29,335),(18,336),(19,336),(22,336),(26,336),(30,336),(2,337),(13,337),(18,337),(21,337),(12,338),(14,338),(22,338),(26,338),(29,338),(4,339),(19,339),(28,339),(8,340),(20,340),(25,340),(26,340),(30,340),(1,341),(14,341),(15,341),(1,342),(22,343),(16,344),(24,344),(1,345),(17,345),(13,346),(28,346),(30,346),(1,347),(24,347),(2,348),(8,348),(13,348),(3,349),(26,349),(8,350),(11,350),(16,350),(24,350),(3,351),(12,351),(22,351),(6,352),(14,352),(5,353),(9,353),(12,353),(13,353),(29,353),(3,354),(10,354),(14,354),(28,354),(28,355),(15,356),(19,356),(3,357),(6,357),(13,357),(24,357),(10,358),(13,358),(14,358),(25,358),(9,359),(15,359),(17,359),(19,359),(11,360),(13,360),(9,361),(19,361),(14,362),(5,363),(6,363),(16,363),(24,363),(28,363),(1,364),(8,364),(18,364),(25,364),(26,364),(4,365),(10,365),(14,365),(17,365),(19,365),(11,366),(16,366),(18,366),(2,367),(14,367),(27,367),(6,368),(29,368),(4,369),(18,369),(23,369),(29,369),(5,370),(19,370),(3,371),(24,371),(26,372),(13,373),(17,374),(25,374),(1,375),(13,375),(15,375),(21,375),(5,376),(3,377),(8,377),(1,378),(16,378),(27,378),(7,379),(6,380),(9,380),(11,380),(23,380),(25,380),(2,381),(5,381),(15,381),(15,382),(23,382),(2,383),(12,383),(17,383),(18,383),(21,384),(7,385),(19,385),(21,385),(27,385),(13,386),(14,386),(15,387),(2,388),(5,388),(28,388),(18,389),(23,389),(27,389),(11,390),(29,390),(10,391),(23,391),(17,392),(20,392),(22,392),(23,392),(30,392),(3,393),(6,393),(14,393),(21,393),(7,394),(21,394),(11,395),(25,395),(14,396),(4,397),(11,397),(15,397),(16,397),(30,397),(6,398),(21,398),(2,399),(16,399),(1,400),(2,400),(13,400),(16,400),(18,400),(10,401),(26,401),(1,402),(6,403),(13,403),(19,403),(24,403),(2,404),(12,404),(14,404),(16,404),(20,404),(1,405),(15,405),(23,405),(25,405),(5,406),(14,406),(27,406),(28,406),(29,406),(4,407),(7,407),(20,407),(21,407),(26,407),(10,408),(24,409),(25,409),(5,410),(10,410),(12,410),(25,410),(16,411),(19,411),(26,411),(5,412),(8,412),(17,412),(18,412),(28,412),(4,413),(21,413),(22,413),(27,413),(4,414),(7,414),(24,414),(27,414),(1,415),(8,415),(18,415),(29,415),(19,416),(24,417),(27,417),(4,418),(20,418),(21,418),(25,418),(2,419),(5,419),(9,419),(22,419),(6,420),(12,420),(26,420),(21,421),(25,421),(29,421),(5,422),(25,423),(2,424),(4,424),(14,424),(23,424),(15,425),(11,426),(9,427),(3,428),(15,428),(21,428),(25,428),(29,428),(20,429),(25,429),(27,429),(3,430),(4,430),(12,430),(14,430),(24,430),(18,431),(10,432),(15,432),(6,433),(16,433),(18,433),(28,433),(6,434),(22,435),(15,436),(22,436),(28,436),(8,437),(9,437),(15,437),(12,438),(13,438),(16,438),(4,439),(13,439),(5,440),(15,440),(19,440),(22,440),(28,440),(7,441),(8,441),(9,441),(12,441),(29,441),(1,442),(17,442),(30,442),(7,443),(17,443),(19,443),(21,443),(22,443),(5,444),(7,445),(14,445),(3,446),(4,446),(12,446),(13,446),(23,446),(3,447),(11,448),(16,448),(30,448),(3,449),(8,450),(14,450),(26,450),(30,450),(9,451),(8,452),(15,452),(18,452),(21,452),(4,453),(9,453),(23,453),(26,453),(4,454),(8,454),(11,454),(23,454),(26,454),(2,455),(13,455),(14,455),(18,455),(22,455),(2,456),(4,456),(7,456),(10,456),(2,457),(4,457),(28,457),(30,457),(17,458),(26,458),(4,459),(18,459),(27,459),(29,459),(20,460),(21,460),(26,460),(13,461),(17,461),(15,462),(21,462),(30,462),(4,463),(11,463),(26,463),(4,464),(6,464),(20,464),(27,464),(29,464),(6,465),(10,465),(16,465),(20,465),(11,466),(19,467),(22,467),(26,467),(28,467),(29,467),(5,468),(13,468),(22,469),(25,469),(20,470),(23,470),(10,471),(15,471),(16,471),(30,471),(18,472),(19,472),(29,472),(13,473),(27,474),(9,475),(21,475),(24,475),(2,476),(12,476),(23,476),(24,476),(6,477),(16,478),(19,478),(20,478),(9,479),(22,479),(6,480),(7,480),(16,480),(1,481),(23,482),(24,482),(26,482),(28,482),(15,483),(25,483),(29,484),(17,485),(18,485),(28,485),(22,486),(18,487),(20,487),(25,487),(28,488),(29,488),(20,489),(14,490),(15,490),(16,490),(28,490),(29,490),(4,491),(7,491),(18,491),(23,491),(28,491),(10,492),(15,492),(7,493),(26,493),(28,493),(15,494),(19,494),(29,494),(30,495),(13,496),(4,497),(11,497),(12,497),(26,497),(28,497),(2,498),(6,498),(14,498),(24,498),(2,499),(12,499),(17,499),(27,499),(30,499),(7,500),(18,500),(19,500),(20,500),(11,501),(26,501),(9,502),(8,503),(20,503),(24,503),(26,503),(2,504),(6,504),(20,504),(1,505),(5,505),(8,505),(19,505),(1,506),(2,506),(1,507),(4,507),(12,507),(15,507),(22,507),(5,508),(11,508),(16,508),(6,509),(14,509),(9,510),(30,510),(21,511),(2,512),(19,512),(2,513),(4,513),(3,514),(11,514),(22,514),(23,514),(28,514),(12,515),(21,515),(25,515),(27,515),(28,515),(17,516),(9,517),(16,517),(27,517),(3,518),(10,518),(17,518),(22,518),(25,518),(18,519),(9,520),(10,520),(23,520),(24,520),(25,520),(11,521),(21,521),(29,521),(4,522),(22,522),(25,522),(27,522),(1,523),(3,523),(10,523),(14,523),(19,523),(18,524),(19,524),(27,524),(1,525),(12,525),(16,525),(19,525),(24,525),(4,526),(5,526),(10,526),(21,526),(25,526),(17,527),(19,527),(24,527),(28,527),(30,527),(2,528),(9,528),(7,529),(29,530),(1,531),(8,532),(21,532),(30,532),(2,533),(14,533),(17,533),(19,533),(1,534),(12,534),(21,534),(21,535),(24,535),(1,536),(5,536),(19,536),(21,536),(29,536),(6,537),(4,538),(13,538),(17,538),(22,538),(27,538),(5,539),(10,539),(20,539),(29,539),(9,540),(20,540),(9,541),(10,541),(12,541),(14,541),(24,541),(14,542),(21,542),(3,543),(6,543),(23,543),(13,544),(14,544),(2,545),(3,545),(5,545),(14,545),(17,545),(14,546),(18,546),(20,546),(21,546),(13,547),(25,547),(27,547),(29,547),(30,547),(3,548),(4,548),(20,548),(30,548),(3,549),(12,549),(13,549),(19,549),(30,549),(1,550),(4,550),(10,550),(13,550),(24,550),(11,551),(25,551),(29,551),(30,551),(9,552),(5,553),(22,553),(24,553),(26,553),(28,553),(8,554),(14,554),(9,555),(13,556),(14,556),(24,556),(3,557),(9,557),(12,557),(19,557),(20,557),(6,558),(9,558),(25,558),(2,559),(4,559),(9,560),(12,560),(11,561),(15,561),(25,561),(7,562),(17,562),(18,562),(9,563),(14,563),(15,563),(30,563),(26,564),(27,564),(9,565),(13,565),(14,565),(11,566),(19,566),(24,566),(27,566),(3,567),(21,567),(29,567),(13,568),(14,568),(16,569),(25,569),(26,569),(20,570),(17,571),(19,572),(24,572),(29,572),(13,573),(19,573),(4,574),(23,574),(15,575),(23,575),(30,575),(1,576),(2,576),(6,576),(10,576),(30,576),(8,577),(16,577),(17,577),(18,577),(24,577),(5,578),(13,578),(21,578),(30,578),(13,579),(15,579),(16,579),(18,579),(22,579),(23,580),(4,581),(8,581),(16,581),(17,581),(11,582),(17,582),(1,583),(10,583),(24,583),(20,584),(12,585),(13,585),(25,585),(18,586),(15,587),(25,587),(28,587),(19,588),(23,588),(2,589),(7,589),(10,590),(17,590),(21,590),(3,591),(5,591),(10,591),(11,591),(23,591),(8,592),(4,593),(26,593),(2,594),(14,594),(20,594),(24,594),(29,594),(7,595),(9,596),(29,597),(30,597),(1,598),(26,598),(4,599),(10,600),(14,600),(15,601),(19,601),(22,601),(29,601),(13,602),(25,602),(27,602),(10,603),(20,603),(23,603),(4,604),(7,604),(8,604),(17,604),(21,604),(13,605),(19,605),(22,605),(7,606),(9,606),(26,607),(11,608),(25,608),(4,609),(23,609),(3,610),(4,610),(12,610),(18,610),(25,610),(29,611),(9,612),(12,612),(16,612),(23,612),(6,613),(8,613),(11,613),(19,613),(6,614),(10,614),(15,614),(4,615),(10,615),(19,615),(22,615),(26,615),(22,616),(1,617),(5,618),(14,618),(26,618),(29,618),(2,619),(8,619),(19,619),(9,620),(13,620),(20,620),(27,620),(28,620),(3,621),(12,621),(17,621),(19,621),(29,621),(16,622),(5,623),(19,623),(20,623),(4,624),(12,624),(26,624),(21,625),(6,626),(10,626),(19,626),(25,626),(4,627),(16,627),(29,627),(6,628),(24,628),(29,628),(13,629),(15,629),(20,629),(25,629),(26,629),(4,630),(14,630),(10,631),(13,631),(27,631),(24,632),(30,632),(2,633),(5,633),(19,633),(21,633),(27,633),(16,634),(24,634),(7,635),(8,635),(24,635),(28,635),(30,635),(8,636),(14,637),(17,637),(20,637),(26,637),(17,638),(27,639),(29,639),(11,640),(18,640),(24,640),(12,641),(15,641),(21,641),(30,641),(2,642),(17,642),(19,642),(29,642),(1,643),(12,643),(16,643),(17,643),(5,644),(8,644),(14,644),(28,644),(24,645),(21,646),(29,646),(24,647),(28,647),(2,648),(5,648),(21,648),(27,648),(7,649),(19,649),(9,650),(20,650),(26,650),(2,651),(3,651),(9,651),(28,651),(29,651),(1,652),(3,653),(12,653),(3,654),(4,654),(28,654),(29,654),(1,655),(12,655),(17,655),(30,655),(9,656),(2,657),(2,658),(3,658),(9,659),(10,659),(24,659),(29,659),(24,660),(30,660),(13,661),(11,662),(8,663),(20,663),(5,664),(12,664),(19,664),(28,664),(1,665),(3,665),(4,665),(19,665),(11,666),(9,667),(24,667),(25,667),(27,667),(20,668),(26,668),(3,669),(18,670),(5,671),(6,671),(12,671),(14,671),(16,671),(1,672),(2,672),(10,672),(28,672),(30,672),(9,673),(12,673),(14,673),(25,673),(9,674),(13,674),(21,674),(2,675),(7,675),(19,675),(24,675),(8,676),(18,676),(25,676),(29,676),(30,676),(17,677),(25,678),(9,679),(25,679),(9,680),(17,680),(30,680),(8,681),(11,681),(14,681),(8,682),(15,682),(22,682),(23,682),(1,683),(25,683),(27,683),(28,683),(14,684),(19,684),(21,684),(23,684),(27,684),(25,685),(11,686),(1,687),(10,687),(15,687),(26,687),(28,687),(3,688),(11,689),(25,689),(2,690),(15,690),(17,690),(23,690),(12,691),(21,691),(26,691),(8,692),(11,692),(6,693),(20,694),(23,694),(24,694),(28,694),(2,695),(28,695),(3,696),(6,696),(30,696),(8,697),(9,697),(15,697),(17,697),(15,698),(24,698),(13,699),(30,699),(21,700),(22,700),(23,700),(29,700),(10,701),(28,701),(10,702),(13,702),(1,703),(2,704),(30,704),(1,705),(2,705),(4,705),(17,705),(29,705),(8,706),(29,707),(13,708),(14,708),(26,708),(18,709),(19,709),(25,709),(10,710),(21,710),(22,710),(4,711),(16,711),(18,711),(20,712),(13,713),(7,714),(27,714),(1,715),(3,715),(19,715),(20,715),(25,715),(18,716),(19,716),(23,716),(8,717),(11,717),(14,717),(4,718),(24,718),(20,719),(30,719),(7,720),(17,720),(1,721),(17,721),(28,721),(3,722),(6,722),(12,722),(1,723),(14,723),(13,724),(16,724),(17,724),(7,725),(9,725),(15,725),(21,725),(27,725),(3,726),(24,726),(26,726),(28,726),(10,727),(16,727),(20,727),(27,727),(16,728),(4,729),(7,729),(8,729),(13,729),(29,729),(9,730),(16,730),(19,730),(16,731),(23,731),(5,732),(6,733),(13,733),(18,733),(21,733),(27,734),(18,735),(1,736),(7,736),(15,736),(16,736),(20,736),(6,737),(7,737),(18,737),(23,737),(5,738),(11,738),(13,738),(17,738),(23,738),(8,739),(28,739),(6,740),(13,740),(29,740),(12,741),(1,742),(15,742),(16,742),(5,743),(20,743),(24,743),(3,744),(11,744),(18,744),(7,745),(9,745),(13,745),(14,745),(19,745),(28,746),(13,747),(1,748),(6,748),(29,748),(30,748),(6,749),(9,749),(11,749),(23,749),(26,749),(8,750),(30,751),(3,752),(14,752),(29,752),(10,753),(14,753),(22,753),(11,754),(10,755),(16,756),(24,757),(3,758),(10,758),(18,758),(28,758),(3,759),(4,759),(6,759),(15,759),(26,759),(2,760),(8,761),(12,761),(13,761),(2,762),(12,763),(15,763),(17,763),(25,763),(29,763),(9,764),(16,764),(2,765),(5,765),(15,765),(28,765),(23,766),(25,766),(3,767),(4,767),(24,767),(27,767),(30,767),(4,768),(8,768),(23,768),(1,769),(15,769),(17,770),(20,770),(21,770),(3,771),(5,771),(12,771),(16,771),(22,771),(12,772),(13,772),(25,772),(4,773),(22,773),(16,774),(20,774),(3,775),(10,775),(24,775),(2,776),(10,776),(19,776),(19,777),(25,777),(26,777),(30,777),(3,778),(7,778),(10,778),(12,778),(24,778),(20,779),(8,780),(15,780),(21,780),(24,780),(28,781),(30,781),(4,782),(5,782),(6,782),(11,782),(14,782),(9,783),(15,783),(21,783),(23,783),(28,783),(10,784),(2,785),(8,785),(13,785),(26,785),(29,785),(13,786),(26,786),(27,786),(9,787),(11,787),(20,788),(30,788),(1,789),(13,789),(15,789),(22,789),(25,789),(13,790),(27,790),(2,791),(6,791),(7,791),(8,791),(4,792),(6,792),(21,793),(22,793),(30,793),(13,794),(26,794),(13,795),(4,796),(8,796),(20,796),(1,797),(4,798),(29,799),(20,800),(4,801),(13,801),(15,801),(21,801),(9,802),(10,802),(29,802),(5,803),(7,803),(13,803),(18,803),(23,803),(10,804),(25,804),(28,804),(23,805),(25,805),(28,805),(7,806),(13,806),(21,806),(24,806),(25,806),(4,807),(16,807),(21,807),(25,807),(10,808),(16,808),(26,808),(2,809),(8,809),(20,809),(24,809),(6,810),(23,810),(25,810),(28,810),(15,811),(7,812),(5,813),(18,813),(23,813),(28,813),(2,814),(6,814),(10,814),(27,814),(1,815),(9,815),(17,815),(27,815),(7,816),(10,816),(22,816),(27,816),(1,817),(6,817),(7,817),(7,818),(9,818),(16,818),(21,818),(25,818),(5,819),(14,819),(19,819),(9,820),(10,820),(13,820),(16,820),(22,821),(24,821),(2,822),(19,822),(26,822),(28,822),(29,822),(15,823),(22,823),(8,824),(24,824),(30,824),(9,825),(19,825),(22,825),(23,825),(26,826),(4,827),(6,827),(8,827),(23,827),(2,828),(8,828),(13,828),(14,828),(10,829),(13,829),(15,829),(23,829),(24,829),(5,830),(22,830),(11,831),(1,832),(13,832),(15,832),(19,833),(22,833),(4,834),(7,834),(24,834),(28,834),(30,834),(4,835),(8,835),(17,835),(22,835),(24,835),(30,836),(14,837),(20,837),(24,837),(27,837),(10,838),(11,838),(12,838),(16,838),(28,838),(15,839),(19,839),(24,839),(6,840),(22,841),(6,842),(8,842),(10,842),(14,842),(23,842),(8,843),(18,843),(23,843),(12,844),(1,845),(18,845),(27,845),(10,846),(11,846),(18,846),(25,846),(28,846),(15,847),(18,847),(10,848),(6,849),(12,849),(27,849),(29,849),(26,850),(8,851),(12,852),(15,852),(23,852),(10,853),(16,853),(2,854),(7,854),(18,854),(6,855),(16,855),(27,855),(10,856),(12,856),(26,856),(18,857),(25,857),(7,858),(20,858),(26,858),(30,858),(8,859),(18,859),(20,859),(25,859),(27,859),(14,860),(21,860),(30,860),(5,861),(30,861),(4,862),(6,862),(8,862),(14,862),(20,862),(3,863),(30,863),(2,864),(5,864),(20,864),(2,865),(4,865),(11,865),(12,865),(25,866),(5,867),(6,867),(12,867),(24,867),(29,867),(14,868),(25,868),(4,869),(17,869),(22,869),(26,869),(29,869),(3,870),(17,870),(20,870),(21,870),(8,871),(9,872),(12,872),(13,872),(15,872),(2,873),(17,873),(23,873),(25,873),(26,873),(9,874),(19,874),(1,875),(11,875),(24,875),(7,876),(15,876),(5,877),(9,877),(20,877),(24,877),(6,878),(10,878),(14,878),(22,878),(28,878),(23,879),(30,879),(14,880),(23,880),(1,881),(4,881),(5,881),(18,881),(19,881),(6,882),(13,882),(26,882),(27,882),(30,882),(23,883),(7,884),(10,884),(19,884),(25,884),(26,885),(5,886),(12,886),(17,886),(18,886),(19,886),(23,887),(3,888),(13,888),(12,889),(14,889),(15,889),(2,890),(9,891),(14,891),(28,891),(8,892),(17,892),(19,892),(26,892),(16,893),(19,893),(24,893),(6,894),(11,894),(18,895),(14,896),(17,896),(7,897),(9,898),(30,898),(2,899),(9,899),(23,899),(24,899),(3,900),(6,900),(10,900),(18,900),(21,900),(10,901),(12,901),(12,902),(15,902),(17,902),(18,902),(11,903),(28,903),(4,904),(5,905),(8,905),(10,905),(21,905),(29,905),(7,906),(15,906),(16,906),(23,906),(26,906),(13,907),(14,907),(25,907),(13,908),(17,908),(26,908),(30,908),(4,909),(22,909),(3,910),(19,910),(3,911),(22,911),(30,911),(4,912),(5,912),(20,912),(5,913),(16,913),(18,913),(20,913),(27,913),(4,914),(18,914),(23,914),(9,915),(16,915),(23,915),(24,915),(29,915),(7,916),(7,917),(8,917),(11,917),(20,917),(26,917),(21,918),(23,918),(25,918),(23,919),(27,920),(10,921),(12,921),(22,921),(26,921),(15,922),(26,922),(28,922),(30,922),(21,923),(11,924),(17,925),(14,926),(20,926),(27,926),(13,927),(21,927),(30,927),(5,928),(9,928),(21,928),(26,928),(30,928),(7,929),(10,929),(15,929),(27,929),(19,930),(15,931),(5,932),(8,932),(25,932),(11,933),(12,933),(14,933),(22,933),(29,933),(1,934),(7,934),(22,934),(15,935),(18,935),(11,936),(13,936),(17,936),(22,936),(14,937),(3,938),(22,938),(23,938),(29,938),(30,938),(14,939),(28,939),(29,939),(30,939),(11,940),(26,941),(8,942),(10,943),(19,943),(24,943),(25,943),(30,943),(26,944),(18,945),(14,946),(6,947),(7,948),(3,949),(11,949),(20,949),(22,949),(11,950),(19,950),(9,951),(18,951),(26,951),(8,952),(23,952),(1,953),(18,953),(19,953),(22,953),(3,954),(9,954),(11,954),(21,954),(1,955),(6,955),(10,955),(12,955),(25,955),(7,956),(15,956),(21,956),(23,956),(6,957),(15,957),(19,957),(28,957),(10,958),(11,958),(12,958),(15,958),(17,958),(14,959),(4,960),(13,960),(16,960),(23,960),(8,961),(9,961),(16,961),(27,961),(3,962),(6,962),(10,962),(12,962),(23,962),(4,963),(7,963),(13,963),(20,963),(30,963),(13,964),(17,964),(27,964),(1,965),(13,965),(14,966),(4,967),(10,968),(20,968),(25,968),(30,968),(1,969),(6,970),(20,970),(21,970),(24,970),(30,970),(6,971),(10,971),(17,971),(20,971),(23,971),(1,972),(27,972),(29,972),(13,973),(30,973),(1,974),(4,974),(12,974),(16,974),(29,974),(4,975),(9,975),(21,975),(24,975),(25,975),(1,976),(3,976),(7,976),(1,977),(4,977),(20,977),(29,977),(30,977),(22,978),(2,979),(18,979),(1,980),(5,980),(22,980),(24,980),(28,980),(13,981),(9,982),(13,982),(16,982),(18,982),(1,983),(10,983),(18,983),(7,984),(16,984),(23,984),(27,984),(5,985),(7,985),(17,985),(24,985),(25,985),(1,986),(6,986),(11,986),(17,986),(28,986),(20,987),(6,988),(11,988),(16,989),(20,989),(30,989),(12,990),(18,990),(2,991),(7,991),(13,991),(18,991),(21,991),(6,992),(9,992),(26,992),(16,993),(17,993),(19,994),(12,995),(18,995),(27,995),(28,995),(6,996),(15,996),(9,997),(16,997),(19,997),(27,997),(29,997),(10,998),(25,998),(27,998),(24,999),(26,999),(20,1000),(27,1000);
/*!40000 ALTER TABLE `category_product` ENABLE KEYS */;
UNLOCK TABLES;

--
-- Table structure for table `failed_jobs`
--

DROP TABLE IF EXISTS `failed_jobs`;
/*!40101 SET @saved_cs_client     = @@character_set_client */;
/*!50503 SET character_set_client = utf8mb4 */;
CREATE TABLE `failed_jobs` (
  `id` bigint unsigned NOT NULL AUTO_INCREMENT,
  `connection` text COLLATE utf8mb4_unicode_ci NOT NULL,
  `queue` text COLLATE utf8mb4_unicode_ci NOT NULL,
  `payload` longtext COLLATE utf8mb4_unicode_ci NOT NULL,
  `exception` longtext COLLATE utf8mb4_unicode_ci NOT NULL,
  `failed_at` timestamp NOT NULL DEFAULT CURRENT_TIMESTAMP,
  PRIMARY KEY (`id`)
) ENGINE=InnoDB DEFAULT CHARSET=utf8mb4 COLLATE=utf8mb4_unicode_ci;
/*!40101 SET character_set_client = @saved_cs_client */;

--
-- Dumping data for table `failed_jobs`
--

LOCK TABLES `failed_jobs` WRITE;
/*!40000 ALTER TABLE `failed_jobs` DISABLE KEYS */;
/*!40000 ALTER TABLE `failed_jobs` ENABLE KEYS */;
UNLOCK TABLES;

--
-- Table structure for table `migrations`
--

DROP TABLE IF EXISTS `migrations`;
/*!40101 SET @saved_cs_client     = @@character_set_client */;
/*!50503 SET character_set_client = utf8mb4 */;
CREATE TABLE `migrations` (
  `id` int unsigned NOT NULL AUTO_INCREMENT,
  `migration` varchar(255) COLLATE utf8mb4_unicode_ci NOT NULL,
  `batch` int NOT NULL,
  PRIMARY KEY (`id`)
) ENGINE=InnoDB AUTO_INCREMENT=13 DEFAULT CHARSET=utf8mb4 COLLATE=utf8mb4_unicode_ci;
/*!40101 SET character_set_client = @saved_cs_client */;

--
-- Dumping data for table `migrations`
--

LOCK TABLES `migrations` WRITE;
/*!40000 ALTER TABLE `migrations` DISABLE KEYS */;
INSERT INTO `migrations` VALUES (1,'2014_10_12_000000_create_users_table',1),(2,'2014_10_12_100000_create_password_resets_table',1),(3,'2016_06_01_000001_create_oauth_auth_codes_table',1),(4,'2016_06_01_000002_create_oauth_access_tokens_table',1),(5,'2016_06_01_000003_create_oauth_refresh_tokens_table',1),(6,'2016_06_01_000004_create_oauth_clients_table',1),(7,'2016_06_01_000005_create_oauth_personal_access_clients_table',1),(8,'2019_08_19_000000_create_failed_jobs_table',1),(9,'2021_11_11_031251_create_categories_table',1),(10,'2021_11_11_031313_create_products_table',1),(11,'2021_11_11_031337_create_transactions_table',1),(12,'2021_11_11_031358_create_category_product_table',1);
/*!40000 ALTER TABLE `migrations` ENABLE KEYS */;
UNLOCK TABLES;

--
-- Table structure for table `oauth_access_tokens`
--

DROP TABLE IF EXISTS `oauth_access_tokens`;
/*!40101 SET @saved_cs_client     = @@character_set_client */;
/*!50503 SET character_set_client = utf8mb4 */;
CREATE TABLE `oauth_access_tokens` (
  `id` varchar(100) COLLATE utf8mb4_unicode_ci NOT NULL,
  `user_id` bigint unsigned DEFAULT NULL,
  `client_id` bigint unsigned NOT NULL,
  `name` varchar(255) COLLATE utf8mb4_unicode_ci DEFAULT NULL,
  `scopes` text COLLATE utf8mb4_unicode_ci,
  `revoked` tinyint(1) NOT NULL,
  `created_at` timestamp NULL DEFAULT NULL,
  `updated_at` timestamp NULL DEFAULT NULL,
  `expires_at` datetime DEFAULT NULL,
  PRIMARY KEY (`id`),
  KEY `oauth_access_tokens_user_id_index` (`user_id`)
) ENGINE=InnoDB DEFAULT CHARSET=utf8mb4 COLLATE=utf8mb4_unicode_ci;
/*!40101 SET character_set_client = @saved_cs_client */;

--
-- Dumping data for table `oauth_access_tokens`
--

LOCK TABLES `oauth_access_tokens` WRITE;
/*!40000 ALTER TABLE `oauth_access_tokens` DISABLE KEYS */;
/*!40000 ALTER TABLE `oauth_access_tokens` ENABLE KEYS */;
UNLOCK TABLES;

--
-- Table structure for table `oauth_auth_codes`
--

DROP TABLE IF EXISTS `oauth_auth_codes`;
/*!40101 SET @saved_cs_client     = @@character_set_client */;
/*!50503 SET character_set_client = utf8mb4 */;
CREATE TABLE `oauth_auth_codes` (
  `id` varchar(100) COLLATE utf8mb4_unicode_ci NOT NULL,
  `user_id` bigint unsigned NOT NULL,
  `client_id` bigint unsigned NOT NULL,
  `scopes` text COLLATE utf8mb4_unicode_ci,
  `revoked` tinyint(1) NOT NULL,
  `expires_at` datetime DEFAULT NULL,
  PRIMARY KEY (`id`),
  KEY `oauth_auth_codes_user_id_index` (`user_id`)
) ENGINE=InnoDB DEFAULT CHARSET=utf8mb4 COLLATE=utf8mb4_unicode_ci;
/*!40101 SET character_set_client = @saved_cs_client */;

--
-- Dumping data for table `oauth_auth_codes`
--

LOCK TABLES `oauth_auth_codes` WRITE;
/*!40000 ALTER TABLE `oauth_auth_codes` DISABLE KEYS */;
/*!40000 ALTER TABLE `oauth_auth_codes` ENABLE KEYS */;
UNLOCK TABLES;

--
-- Table structure for table `oauth_clients`
--

DROP TABLE IF EXISTS `oauth_clients`;
/*!40101 SET @saved_cs_client     = @@character_set_client */;
/*!50503 SET character_set_client = utf8mb4 */;
CREATE TABLE `oauth_clients` (
  `id` bigint unsigned NOT NULL AUTO_INCREMENT,
  `user_id` bigint unsigned DEFAULT NULL,
  `name` varchar(255) COLLATE utf8mb4_unicode_ci NOT NULL,
  `secret` varchar(100) COLLATE utf8mb4_unicode_ci DEFAULT NULL,
  `provider` varchar(255) COLLATE utf8mb4_unicode_ci DEFAULT NULL,
  `redirect` text COLLATE utf8mb4_unicode_ci NOT NULL,
  `personal_access_client` tinyint(1) NOT NULL,
  `password_client` tinyint(1) NOT NULL,
  `revoked` tinyint(1) NOT NULL,
  `created_at` timestamp NULL DEFAULT NULL,
  `updated_at` timestamp NULL DEFAULT NULL,
  PRIMARY KEY (`id`),
  KEY `oauth_clients_user_id_index` (`user_id`)
) ENGINE=InnoDB AUTO_INCREMENT=3 DEFAULT CHARSET=utf8mb4 COLLATE=utf8mb4_unicode_ci;
/*!40101 SET character_set_client = @saved_cs_client */;

--
-- Dumping data for table `oauth_clients`
--

LOCK TABLES `oauth_clients` WRITE;
/*!40000 ALTER TABLE `oauth_clients` DISABLE KEYS */;
INSERT INTO `oauth_clients` VALUES (1,NULL,'','secret',NULL,'',1,1,0,'2021-11-10 21:06:59','2021-11-10 21:06:59'),(2,NULL,'','secret',NULL,'',1,0,0,'2021-11-10 21:06:59','2021-11-10 21:06:59');
/*!40000 ALTER TABLE `oauth_clients` ENABLE KEYS */;
UNLOCK TABLES;

--
-- Table structure for table `oauth_personal_access_clients`
--

DROP TABLE IF EXISTS `oauth_personal_access_clients`;
/*!40101 SET @saved_cs_client     = @@character_set_client */;
/*!50503 SET character_set_client = utf8mb4 */;
CREATE TABLE `oauth_personal_access_clients` (
  `id` bigint unsigned NOT NULL AUTO_INCREMENT,
  `client_id` bigint unsigned NOT NULL,
  `created_at` timestamp NULL DEFAULT NULL,
  `updated_at` timestamp NULL DEFAULT NULL,
  PRIMARY KEY (`id`)
) ENGINE=InnoDB AUTO_INCREMENT=2 DEFAULT CHARSET=utf8mb4 COLLATE=utf8mb4_unicode_ci;
/*!40101 SET character_set_client = @saved_cs_client */;

--
-- Dumping data for table `oauth_personal_access_clients`
--

LOCK TABLES `oauth_personal_access_clients` WRITE;
/*!40000 ALTER TABLE `oauth_personal_access_clients` DISABLE KEYS */;
INSERT INTO `oauth_personal_access_clients` VALUES (1,2,'2021-11-10 21:06:59','2021-11-10 21:06:59');
/*!40000 ALTER TABLE `oauth_personal_access_clients` ENABLE KEYS */;
UNLOCK TABLES;

--
-- Table structure for table `oauth_refresh_tokens`
--

DROP TABLE IF EXISTS `oauth_refresh_tokens`;
/*!40101 SET @saved_cs_client     = @@character_set_client */;
/*!50503 SET character_set_client = utf8mb4 */;
CREATE TABLE `oauth_refresh_tokens` (
  `id` varchar(100) COLLATE utf8mb4_unicode_ci NOT NULL,
  `access_token_id` varchar(100) COLLATE utf8mb4_unicode_ci NOT NULL,
  `revoked` tinyint(1) NOT NULL,
  `expires_at` datetime DEFAULT NULL,
  PRIMARY KEY (`id`),
  KEY `oauth_refresh_tokens_access_token_id_index` (`access_token_id`)
) ENGINE=InnoDB DEFAULT CHARSET=utf8mb4 COLLATE=utf8mb4_unicode_ci;
/*!40101 SET character_set_client = @saved_cs_client */;

--
-- Dumping data for table `oauth_refresh_tokens`
--

LOCK TABLES `oauth_refresh_tokens` WRITE;
/*!40000 ALTER TABLE `oauth_refresh_tokens` DISABLE KEYS */;
/*!40000 ALTER TABLE `oauth_refresh_tokens` ENABLE KEYS */;
UNLOCK TABLES;

--
-- Table structure for table `password_resets`
--

DROP TABLE IF EXISTS `password_resets`;
/*!40101 SET @saved_cs_client     = @@character_set_client */;
/*!50503 SET character_set_client = utf8mb4 */;
CREATE TABLE `password_resets` (
  `email` varchar(255) COLLATE utf8mb4_unicode_ci NOT NULL,
  `token` varchar(255) COLLATE utf8mb4_unicode_ci NOT NULL,
  `created_at` timestamp NULL DEFAULT NULL,
  KEY `password_resets_email_index` (`email`)
) ENGINE=InnoDB DEFAULT CHARSET=utf8mb4 COLLATE=utf8mb4_unicode_ci;
/*!40101 SET character_set_client = @saved_cs_client */;

--
-- Dumping data for table `password_resets`
--

LOCK TABLES `password_resets` WRITE;
/*!40000 ALTER TABLE `password_resets` DISABLE KEYS */;
/*!40000 ALTER TABLE `password_resets` ENABLE KEYS */;
UNLOCK TABLES;

--
-- Table structure for table `products`
--

DROP TABLE IF EXISTS `products`;
/*!40101 SET @saved_cs_client     = @@character_set_client */;
/*!50503 SET character_set_client = utf8mb4 */;
CREATE TABLE `products` (
  `id` int unsigned NOT NULL AUTO_INCREMENT,
  `name` varchar(255) COLLATE utf8mb4_unicode_ci NOT NULL,
  `description` varchar(1000) COLLATE utf8mb4_unicode_ci NOT NULL,
  `quantity` int unsigned NOT NULL,
  `status` varchar(255) COLLATE utf8mb4_unicode_ci NOT NULL DEFAULT 'unavailable',
  `image` varchar(255) COLLATE utf8mb4_unicode_ci NOT NULL,
  `seller_id` int unsigned NOT NULL,
  `created_at` timestamp NULL DEFAULT NULL,
  `updated_at` timestamp NULL DEFAULT NULL,
  `deleted_at` timestamp NULL DEFAULT NULL,
  PRIMARY KEY (`id`),
  KEY `products_seller_id_foreign` (`seller_id`),
  CONSTRAINT `products_seller_id_foreign` FOREIGN KEY (`seller_id`) REFERENCES `users` (`id`)
) ENGINE=InnoDB AUTO_INCREMENT=1001 DEFAULT CHARSET=utf8mb4 COLLATE=utf8mb4_unicode_ci;
/*!40101 SET character_set_client = @saved_cs_client */;

--
-- Dumping data for table `products`
--

LOCK TABLES `products` WRITE;
/*!40000 ALTER TABLE `products` DISABLE KEYS */;
INSERT INTO `products` VALUES (1,'consequatur','Et quidem sed id distinctio expedita quas. Et labore distinctio consequatur pariatur.',4,'unavailable','1.jpg',732,'2021-11-10 21:06:42','2021-11-10 21:06:42',NULL),(2,'repudiandae','Repellat rerum magni illum saepe aperiam optio sit accusantium. Velit officia necessitatibus ut quidem pariatur et.',4,'unavailable','2.jpg',24,'2021-11-10 21:06:42','2021-11-10 21:06:42',NULL),(3,'consequatur','Dolorem deserunt quidem distinctio velit omnis debitis.',9,'unavailable','3.jpg',573,'2021-11-10 21:06:42','2021-11-10 21:06:42',NULL),(4,'placeat','Voluptatem aut in ut sit.',9,'available','3.jpg',893,'2021-11-10 21:06:42','2021-11-10 21:06:42',NULL),(5,'et','Earum sequi nulla aut tempora et. Voluptas culpa voluptate hic voluptatem totam animi et.',9,'available','1.jpg',460,'2021-11-10 21:06:42','2021-11-10 21:06:42',NULL),(6,'esse','Est beatae delectus est deleniti qui.',8,'unavailable','1.jpg',458,'2021-11-10 21:06:42','2021-11-10 21:06:42',NULL),(7,'natus','Accusantium totam cum et ut.',2,'available','2.jpg',323,'2021-11-10 21:06:42','2021-11-10 21:06:42',NULL),(8,'rerum','Voluptatem odit corporis sequi praesentium eum enim.',8,'available','1.jpg',142,'2021-11-10 21:06:42','2021-11-10 21:06:42',NULL),(9,'explicabo','Sit animi et harum facere vel sint. Consectetur officia illum placeat quia voluptate eum.',7,'unavailable','3.jpg',759,'2021-11-10 21:06:42','2021-11-10 21:06:42',NULL),(10,'magnam','Deserunt labore qui et assumenda. Consequatur voluptates ut nihil mollitia nostrum fugit eum.',4,'available','1.jpg',803,'2021-11-10 21:06:42','2021-11-10 21:06:42',NULL),(11,'neque','Unde iure atque laborum cum tenetur labore. Rerum a odit error excepturi nisi neque a.',3,'available','3.jpg',119,'2021-11-10 21:06:42','2021-11-10 21:06:42',NULL),(12,'veritatis','Qui modi alias sequi.',4,'available','1.jpg',699,'2021-11-10 21:06:42','2021-11-10 21:06:42',NULL),(13,'at','Quisquam alias culpa neque. Ipsa sunt quos ea quis nobis sint suscipit id.',6,'available','3.jpg',570,'2021-11-10 21:06:42','2021-11-10 21:06:42',NULL),(14,'quisquam','Eaque provident cupiditate sequi neque consequatur. Eum praesentium sed asperiores excepturi ipsum.',5,'unavailable','2.jpg',910,'2021-11-10 21:06:42','2021-11-10 21:06:42',NULL),(15,'fugiat','Praesentium dolorem inventore rem quia aliquam.',2,'unavailable','3.jpg',497,'2021-11-10 21:06:42','2021-11-10 21:06:42',NULL),(16,'provident','Cupiditate cupiditate exercitationem modi rerum sunt quas.',4,'available','1.jpg',767,'2021-11-10 21:06:42','2021-11-10 21:06:42',NULL),(17,'tenetur','Et pariatur sed aliquam laudantium officia nulla.',9,'available','1.jpg',388,'2021-11-10 21:06:42','2021-11-10 21:06:42',NULL),(18,'quo','Quo delectus nulla numquam voluptas voluptas asperiores laudantium omnis.',5,'available','1.jpg',572,'2021-11-10 21:06:42','2021-11-10 21:06:42',NULL),(19,'aut','Non id non iste ex quam placeat. Est placeat iusto est pariatur.',10,'unavailable','1.jpg',766,'2021-11-10 21:06:42','2021-11-10 21:06:42',NULL),(20,'veniam','Id culpa temporibus id. Animi magni recusandae atque aliquam est ut.',2,'available','2.jpg',36,'2021-11-10 21:06:42','2021-11-10 21:06:42',NULL),(21,'et','Amet rerum illo aut aut.',8,'unavailable','1.jpg',347,'2021-11-10 21:06:42','2021-11-10 21:06:42',NULL),(22,'maiores','Ut voluptas qui velit impedit tempora. Vel dolore at vitae velit.',9,'available','3.jpg',26,'2021-11-10 21:06:42','2021-11-10 21:06:42',NULL),(23,'modi','Eveniet odio porro qui occaecati est. Et voluptatem aut omnis tenetur dolorem.',6,'available','2.jpg',924,'2021-11-10 21:06:42','2021-11-10 21:06:42',NULL),(24,'minus','Omnis atque reiciendis qui voluptatem quia.',2,'unavailable','3.jpg',672,'2021-11-10 21:06:42','2021-11-10 21:06:42',NULL),(25,'reiciendis','Nesciunt possimus iure adipisci saepe. Maxime ullam similique temporibus exercitationem.',7,'available','3.jpg',3,'2021-11-10 21:06:42','2021-11-10 21:06:42',NULL),(26,'praesentium','Praesentium voluptas totam veniam voluptatem saepe blanditiis. Tempore excepturi earum numquam qui et in.',4,'unavailable','3.jpg',849,'2021-11-10 21:06:42','2021-11-10 21:06:42',NULL),(27,'mollitia','Aliquam perferendis et recusandae numquam nesciunt aut suscipit.',4,'unavailable','1.jpg',31,'2021-11-10 21:06:42','2021-11-10 21:06:42',NULL),(28,'saepe','Amet et omnis tempora tenetur accusantium non. Sapiente cumque et corrupti quia.',6,'unavailable','3.jpg',882,'2021-11-10 21:06:42','2021-11-10 21:06:42',NULL),(29,'qui','Harum assumenda ut iusto ab corporis. Labore ut nostrum iure aut.',8,'unavailable','2.jpg',936,'2021-11-10 21:06:42','2021-11-10 21:06:42',NULL),(30,'eum','Saepe omnis tempora quo vero.',8,'available','2.jpg',931,'2021-11-10 21:06:42','2021-11-10 21:06:42',NULL),(31,'quo','Et sit reiciendis ipsam suscipit beatae consequuntur autem tenetur. Error tempore sed eum saepe corrupti quis qui et.',3,'unavailable','2.jpg',932,'2021-11-10 21:06:42','2021-11-10 21:06:42',NULL),(32,'esse','Tenetur blanditiis qui excepturi debitis.',7,'unavailable','2.jpg',796,'2021-11-10 21:06:42','2021-11-10 21:06:42',NULL),(33,'laboriosam','Autem voluptates ut qui quam tempora.',1,'unavailable','3.jpg',636,'2021-11-10 21:06:42','2021-11-10 21:06:42',NULL),(34,'veritatis','Corrupti et perspiciatis necessitatibus soluta dolores sit.',6,'unavailable','3.jpg',942,'2021-11-10 21:06:42','2021-11-10 21:06:42',NULL),(35,'in','Fuga maxime modi maiores qui illum. Dolorem aspernatur ipsam sapiente nihil esse a.',7,'unavailable','1.jpg',621,'2021-11-10 21:06:42','2021-11-10 21:06:42',NULL),(36,'adipisci','Voluptatibus iure perspiciatis ut minus nihil earum ullam. Qui est rerum animi autem libero sapiente.',8,'unavailable','1.jpg',904,'2021-11-10 21:06:42','2021-11-10 21:06:42',NULL),(37,'id','Ea iusto non dolorum earum.',9,'unavailable','3.jpg',112,'2021-11-10 21:06:42','2021-11-10 21:06:42',NULL),(38,'expedita','Cumque quo rerum maiores architecto sint.',4,'unavailable','2.jpg',265,'2021-11-10 21:06:42','2021-11-10 21:06:42',NULL),(39,'rerum','Laboriosam atque culpa quaerat sed. Perspiciatis magni animi nostrum sunt sed tempore ut.',5,'unavailable','1.jpg',190,'2021-11-10 21:06:42','2021-11-10 21:06:42',NULL),(40,'aut','At voluptas sed ab harum at ipsam.',2,'available','1.jpg',485,'2021-11-10 21:06:42','2021-11-10 21:06:42',NULL),(41,'rerum','Nobis animi explicabo doloribus eaque velit saepe.',7,'unavailable','2.jpg',790,'2021-11-10 21:06:42','2021-11-10 21:06:42',NULL),(42,'aut','Omnis aut sed corporis amet amet iusto. Earum optio quo inventore repudiandae.',4,'unavailable','2.jpg',201,'2021-11-10 21:06:42','2021-11-10 21:06:42',NULL),(43,'voluptatem','Nulla voluptatum nesciunt quos libero.',8,'unavailable','1.jpg',424,'2021-11-10 21:06:42','2021-11-10 21:06:42',NULL),(44,'earum','Quibusdam ratione minus pariatur culpa et reprehenderit. Quis iusto dolorem hic nulla recusandae accusantium sint.',1,'unavailable','1.jpg',644,'2021-11-10 21:06:42','2021-11-10 21:06:42',NULL),(45,'repellat','Vel quia et earum enim modi cumque. Nihil eos voluptatem quia non.',10,'unavailable','2.jpg',839,'2021-11-10 21:06:42','2021-11-10 21:06:42',NULL),(46,'autem','Rerum quibusdam qui atque qui commodi consequuntur vel facilis.',4,'unavailable','1.jpg',828,'2021-11-10 21:06:42','2021-11-10 21:06:42',NULL),(47,'et','Cum quis fugit id voluptatem. Amet modi a eum ullam autem corrupti.',8,'unavailable','1.jpg',225,'2021-11-10 21:06:42','2021-11-10 21:06:42',NULL),(48,'sunt','Id facere dicta omnis sunt est cumque. Beatae corrupti accusantium eius similique ut laudantium placeat.',10,'unavailable','2.jpg',910,'2021-11-10 21:06:42','2021-11-10 21:06:42',NULL),(49,'qui','Sit assumenda aut voluptatem voluptatem minus.',4,'available','1.jpg',865,'2021-11-10 21:06:42','2021-11-10 21:06:42',NULL),(50,'rerum','Fugiat cupiditate est quo. Quae officiis fugit tempore velit eos dicta.',4,'unavailable','3.jpg',221,'2021-11-10 21:06:42','2021-11-10 21:06:42',NULL),(51,'minima','Voluptatem commodi iusto voluptas est aut deleniti ratione dolor. Sunt sunt aut at rerum aut.',8,'unavailable','1.jpg',327,'2021-11-10 21:06:42','2021-11-10 21:06:42',NULL),(52,'natus','Tenetur ut assumenda repudiandae nihil repellendus.',4,'available','3.jpg',743,'2021-11-10 21:06:42','2021-11-10 21:06:42',NULL),(53,'sit','Minima veritatis delectus repellendus dolores ut.',10,'unavailable','3.jpg',27,'2021-11-10 21:06:42','2021-11-10 21:06:42',NULL),(54,'voluptas','Inventore iure culpa nostrum doloribus ipsum.',8,'unavailable','2.jpg',179,'2021-11-10 21:06:42','2021-11-10 21:06:42',NULL),(55,'consequatur','Nam iure qui sit ut omnis.',8,'available','1.jpg',575,'2021-11-10 21:06:42','2021-11-10 21:06:42',NULL),(56,'soluta','Aut quisquam reprehenderit doloremque rerum ut sit cum. Expedita debitis et ut aspernatur et.',6,'available','2.jpg',400,'2021-11-10 21:06:42','2021-11-10 21:06:42',NULL),(57,'repellat','Qui laudantium quasi libero laborum et error sit.',7,'unavailable','1.jpg',426,'2021-11-10 21:06:42','2021-11-10 21:06:42',NULL),(58,'corporis','Error rerum sint ut iure dolorum alias.',3,'unavailable','1.jpg',767,'2021-11-10 21:06:42','2021-11-10 21:06:42',NULL),(59,'quidem','Quaerat numquam et tenetur.',8,'unavailable','3.jpg',326,'2021-11-10 21:06:42','2021-11-10 21:06:42',NULL),(60,'est','Quibusdam id quis quidem quaerat fugiat.',1,'unavailable','3.jpg',819,'2021-11-10 21:06:42','2021-11-10 21:06:42',NULL),(61,'nam','Est veniam illo excepturi facere est et delectus. Doloremque minus harum veritatis accusamus.',4,'unavailable','3.jpg',185,'2021-11-10 21:06:42','2021-11-10 21:06:42',NULL),(62,'velit','Mollitia sunt consequatur ipsam architecto.',5,'available','3.jpg',188,'2021-11-10 21:06:42','2021-11-10 21:06:42',NULL),(63,'sit','Quia et earum similique ea sunt architecto accusantium repellat.',9,'available','2.jpg',274,'2021-11-10 21:06:42','2021-11-10 21:06:42',NULL),(64,'a','Incidunt doloribus optio vero eum earum consequatur.',5,'unavailable','2.jpg',549,'2021-11-10 21:06:42','2021-11-10 21:06:42',NULL),(65,'qui','Dolores architecto fugit voluptas qui consequatur provident. Aliquam neque quo sed quas et enim eum.',9,'available','3.jpg',444,'2021-11-10 21:06:42','2021-11-10 21:06:42',NULL),(66,'provident','Laboriosam praesentium adipisci rem ad. Non porro aspernatur corrupti velit.',9,'available','3.jpg',968,'2021-11-10 21:06:42','2021-11-10 21:06:42',NULL),(67,'ut','Voluptas nihil ea quo placeat amet qui temporibus nobis. Quos quo et sint accusamus voluptate dolor consequatur quo.',10,'unavailable','3.jpg',580,'2021-11-10 21:06:42','2021-11-10 21:06:42',NULL),(68,'labore','Cumque quis sit dolore. Quisquam totam sit ea rem totam ea qui excepturi.',5,'unavailable','1.jpg',460,'2021-11-10 21:06:42','2021-11-10 21:06:42',NULL),(69,'sunt','Placeat consequuntur iusto illum ut saepe magni est.',7,'unavailable','2.jpg',203,'2021-11-10 21:06:42','2021-11-10 21:06:42',NULL),(70,'id','Nostrum consequatur et ea neque quasi est qui. Distinctio distinctio nobis et suscipit cumque nesciunt.',7,'unavailable','3.jpg',808,'2021-11-10 21:06:42','2021-11-10 21:06:42',NULL),(71,'culpa','Dolores recusandae optio mollitia nisi omnis quae minima maxime.',2,'unavailable','1.jpg',344,'2021-11-10 21:06:42','2021-11-10 21:06:42',NULL),(72,'soluta','Excepturi non nesciunt tempore voluptas voluptatem debitis nostrum. Vel quidem nam est dolorem ullam.',4,'unavailable','2.jpg',95,'2021-11-10 21:06:42','2021-11-10 21:06:42',NULL),(73,'accusamus','Optio placeat inventore consequatur odit qui sint.',9,'unavailable','2.jpg',639,'2021-11-10 21:06:42','2021-11-10 21:06:42',NULL),(74,'enim','Quia optio laborum consequuntur quia quia.',5,'unavailable','3.jpg',673,'2021-11-10 21:06:42','2021-11-10 21:06:42',NULL),(75,'nostrum','Ad optio earum voluptas et iure labore error.',3,'unavailable','1.jpg',582,'2021-11-10 21:06:42','2021-11-10 21:06:42',NULL),(76,'ut','Est eius voluptatibus dicta molestias. Voluptatum dolorum vero qui aut excepturi.',6,'available','3.jpg',984,'2021-11-10 21:06:42','2021-11-10 21:06:42',NULL),(77,'quisquam','Culpa qui quidem rem laborum.',9,'available','2.jpg',267,'2021-11-10 21:06:42','2021-11-10 21:06:42',NULL),(78,'rerum','Provident aut necessitatibus tenetur natus. Voluptas quis aut aliquam velit dolorem sapiente nesciunt.',4,'unavailable','1.jpg',305,'2021-11-10 21:06:42','2021-11-10 21:06:42',NULL),(79,'rerum','Molestiae placeat ex tempore aut quas quibusdam ut ut. Quas dolor ratione fuga non.',10,'available','1.jpg',748,'2021-11-10 21:06:42','2021-11-10 21:06:42',NULL),(80,'et','Maxime animi id consequatur voluptatum architecto unde velit.',10,'available','3.jpg',636,'2021-11-10 21:06:42','2021-11-10 21:06:42',NULL),(81,'vel','Earum quae nostrum beatae eos. Natus ad earum eos qui.',2,'unavailable','2.jpg',976,'2021-11-10 21:06:42','2021-11-10 21:06:42',NULL),(82,'rem','Ut ipsum neque dolores qui aut et consequuntur omnis. Ut expedita vero est.',3,'available','2.jpg',395,'2021-11-10 21:06:42','2021-11-10 21:06:42',NULL),(83,'doloribus','Itaque quod itaque et enim dignissimos vel est.',3,'unavailable','1.jpg',223,'2021-11-10 21:06:42','2021-11-10 21:06:42',NULL),(84,'corporis','Quisquam non consequatur cum debitis eius. Tempora est dignissimos asperiores id voluptate rerum tenetur.',2,'available','1.jpg',546,'2021-11-10 21:06:42','2021-11-10 21:06:42',NULL),(85,'ratione','Aut ex sit quia sit et eveniet voluptates.',7,'unavailable','3.jpg',294,'2021-11-10 21:06:42','2021-11-10 21:06:42',NULL),(86,'enim','Ex at quia cumque dignissimos veniam excepturi ullam.',4,'available','2.jpg',688,'2021-11-10 21:06:42','2021-11-10 21:06:42',NULL),(87,'hic','Molestias officiis voluptatem unde nesciunt molestiae sit consectetur.',5,'available','1.jpg',416,'2021-11-10 21:06:42','2021-11-10 21:06:42',NULL),(88,'magni','Maiores est dicta fugit hic magni atque quo. Qui cumque pariatur illo est tenetur in voluptatem.',6,'available','3.jpg',366,'2021-11-10 21:06:42','2021-11-10 21:06:42',NULL),(89,'ut','Molestiae velit earum dolorum exercitationem nihil. Omnis consequatur qui error eum aspernatur.',3,'unavailable','3.jpg',615,'2021-11-10 21:06:42','2021-11-10 21:06:42',NULL),(90,'totam','Sint non est fugit animi.',4,'unavailable','1.jpg',718,'2021-11-10 21:06:42','2021-11-10 21:06:42',NULL),(91,'rem','Ipsam veniam quia nihil mollitia quasi. Dignissimos iure ratione earum voluptatem.',10,'unavailable','1.jpg',86,'2021-11-10 21:06:42','2021-11-10 21:06:42',NULL),(92,'tempora','Sit voluptatem totam fugiat ut quis veniam quos. Aperiam voluptates magnam sint.',4,'available','2.jpg',560,'2021-11-10 21:06:42','2021-11-10 21:06:42',NULL),(93,'est','Distinctio exercitationem rerum excepturi sint animi ex.',10,'available','2.jpg',522,'2021-11-10 21:06:42','2021-11-10 21:06:42',NULL),(94,'aspernatur','Sed nostrum molestias earum non eos. Fugit molestiae distinctio error tempore tempora perspiciatis omnis.',8,'available','3.jpg',477,'2021-11-10 21:06:42','2021-11-10 21:06:42',NULL),(95,'tenetur','Amet molestiae ut corrupti eaque sit veniam quos minima. Quia asperiores impedit quis ut libero officia.',7,'unavailable','1.jpg',19,'2021-11-10 21:06:42','2021-11-10 21:06:42',NULL),(96,'et','Quidem nesciunt aspernatur explicabo delectus debitis dolor. Qui a voluptatem vel.',6,'unavailable','3.jpg',927,'2021-11-10 21:06:42','2021-11-10 21:06:42',NULL),(97,'quos','In quo soluta saepe odit voluptatum rerum.',3,'unavailable','3.jpg',554,'2021-11-10 21:06:42','2021-11-10 21:06:42',NULL),(98,'tempora','Rerum ut odit libero deserunt.',6,'available','3.jpg',484,'2021-11-10 21:06:42','2021-11-10 21:06:42',NULL),(99,'quae','Non velit et quod. Dolores atque consequatur error velit architecto deserunt commodi.',5,'unavailable','1.jpg',865,'2021-11-10 21:06:42','2021-11-10 21:06:42',NULL),(100,'velit','Dicta sed quos rerum velit.',1,'unavailable','3.jpg',339,'2021-11-10 21:06:42','2021-11-10 21:06:42',NULL),(101,'impedit','Fugit placeat modi voluptate dolor. Sint quos veniam velit veritatis exercitationem.',8,'available','1.jpg',779,'2021-11-10 21:06:42','2021-11-10 21:06:42',NULL),(102,'vel','Quam veniam nam ratione impedit et iure. Eos eos itaque sed quis itaque.',9,'unavailable','1.jpg',25,'2021-11-10 21:06:42','2021-11-10 21:06:42',NULL),(103,'quaerat','Enim quia iure similique delectus. Blanditiis excepturi ratione a rerum itaque quia nisi reprehenderit.',4,'unavailable','3.jpg',476,'2021-11-10 21:06:42','2021-11-10 21:06:42',NULL),(104,'quaerat','Cupiditate recusandae explicabo iusto neque ut. Optio optio nemo voluptatum temporibus.',10,'available','1.jpg',972,'2021-11-10 21:06:42','2021-11-10 21:06:42',NULL),(105,'quia','Culpa eius provident magni veniam nihil. Ipsa molestiae est totam facere ex.',10,'available','3.jpg',58,'2021-11-10 21:06:42','2021-11-10 21:06:42',NULL),(106,'voluptatem','Omnis accusantium in officiis voluptas id quo.',6,'unavailable','3.jpg',515,'2021-11-10 21:06:42','2021-11-10 21:06:42',NULL),(107,'deleniti','Qui consequatur ut reprehenderit qui dolorum ea qui. Harum pariatur earum itaque ad praesentium quidem.',1,'unavailable','2.jpg',464,'2021-11-10 21:06:42','2021-11-10 21:06:42',NULL),(108,'explicabo','Similique autem aut fugit et repellendus. Officiis consectetur officia rerum.',7,'available','1.jpg',59,'2021-11-10 21:06:42','2021-11-10 21:06:42',NULL),(109,'itaque','Provident debitis et et perspiciatis. Natus sint voluptatem rerum dolore et cupiditate suscipit.',9,'available','3.jpg',363,'2021-11-10 21:06:42','2021-11-10 21:06:42',NULL),(110,'dolores','Rerum assumenda commodi illum quae repellendus aut. Veniam reprehenderit enim nostrum dolor recusandae.',4,'available','3.jpg',866,'2021-11-10 21:06:42','2021-11-10 21:06:42',NULL),(111,'minus','Quaerat necessitatibus adipisci deserunt perspiciatis. Et consequatur quae reprehenderit totam voluptate sit placeat dolor.',9,'unavailable','3.jpg',682,'2021-11-10 21:06:42','2021-11-10 21:06:42',NULL),(112,'temporibus','Sunt inventore sunt similique aspernatur. Et officia dolor ipsa pariatur assumenda.',4,'unavailable','3.jpg',775,'2021-11-10 21:06:42','2021-11-10 21:06:42',NULL),(113,'velit','Iure a earum placeat at enim quis.',9,'unavailable','2.jpg',537,'2021-11-10 21:06:42','2021-11-10 21:06:42',NULL),(114,'culpa','Sint qui eum cum quisquam repellat ipsum ut mollitia.',8,'available','1.jpg',790,'2021-11-10 21:06:42','2021-11-10 21:06:42',NULL),(115,'molestiae','Quis nisi et et.',1,'unavailable','2.jpg',63,'2021-11-10 21:06:42','2021-11-10 21:06:42',NULL),(116,'quis','Quibusdam eum temporibus qui consequatur asperiores recusandae sit. Nisi voluptas maxime qui aut.',3,'unavailable','2.jpg',599,'2021-11-10 21:06:42','2021-11-10 21:06:42',NULL),(117,'explicabo','Tempora ea ullam a aut nam omnis.',6,'unavailable','3.jpg',648,'2021-11-10 21:06:42','2021-11-10 21:06:42',NULL),(118,'voluptate','Dicta quod et necessitatibus neque nobis saepe. Pariatur et alias laborum omnis consequuntur eos delectus.',10,'unavailable','2.jpg',141,'2021-11-10 21:06:42','2021-11-10 21:06:42',NULL),(119,'enim','Ratione doloremque doloribus velit nihil quo facere. Voluptas recusandae voluptatem provident.',7,'available','2.jpg',101,'2021-11-10 21:06:42','2021-11-10 21:06:42',NULL),(120,'quia','Dicta ea ducimus aut omnis unde. Quis facere odio dolor vel voluptatem similique.',1,'available','3.jpg',134,'2021-11-10 21:06:42','2021-11-10 21:06:42',NULL),(121,'consequuntur','Natus eveniet nemo vel non.',3,'available','3.jpg',575,'2021-11-10 21:06:42','2021-11-10 21:06:42',NULL),(122,'fuga','Ea doloremque provident expedita cum quasi rerum qui. Vel esse facere quam voluptatem quisquam aliquam nam.',9,'unavailable','1.jpg',413,'2021-11-10 21:06:42','2021-11-10 21:06:42',NULL),(123,'nihil','Molestiae facilis enim voluptatum incidunt. Reprehenderit mollitia quis qui saepe laborum autem iure.',4,'available','2.jpg',847,'2021-11-10 21:06:42','2021-11-10 21:06:42',NULL),(124,'labore','Tempora dolor iusto dolor sequi magni.',7,'unavailable','1.jpg',936,'2021-11-10 21:06:42','2021-11-10 21:06:42',NULL),(125,'dolore','Ex cupiditate et sit recusandae animi id fuga dolore.',2,'unavailable','3.jpg',565,'2021-11-10 21:06:42','2021-11-10 21:06:42',NULL),(126,'sunt','Est illo asperiores vitae numquam et ea laboriosam.',7,'unavailable','3.jpg',327,'2021-11-10 21:06:42','2021-11-10 21:06:42',NULL),(127,'eum','Hic veritatis ullam et iste vitae laboriosam.',5,'unavailable','3.jpg',926,'2021-11-10 21:06:42','2021-11-10 21:06:42',NULL),(128,'minus','Ex hic natus sed eius molestiae accusantium. Itaque id quo aut et eos et.',2,'unavailable','2.jpg',817,'2021-11-10 21:06:42','2021-11-10 21:06:42',NULL),(129,'cumque','Quo rerum est provident rerum debitis.',4,'unavailable','3.jpg',147,'2021-11-10 21:06:42','2021-11-10 21:06:42',NULL),(130,'libero','Est quidem consectetur eos sed autem. Eos impedit labore rerum quas placeat non laborum.',7,'available','3.jpg',188,'2021-11-10 21:06:42','2021-11-10 21:06:42',NULL),(131,'soluta','Beatae quos sed voluptatum eveniet consequuntur distinctio praesentium voluptas.',3,'unavailable','2.jpg',54,'2021-11-10 21:06:42','2021-11-10 21:06:42',NULL),(132,'molestiae','Reprehenderit id unde quo eius.',10,'unavailable','1.jpg',892,'2021-11-10 21:06:42','2021-11-10 21:06:42',NULL),(133,'similique','Nostrum omnis quia veritatis quo cum optio sequi.',1,'available','1.jpg',16,'2021-11-10 21:06:42','2021-11-10 21:06:42',NULL),(134,'aut','Animi hic esse consequuntur voluptatem expedita aut adipisci alias. Corporis nulla accusamus culpa fugit sit dicta beatae nostrum.',8,'available','3.jpg',963,'2021-11-10 21:06:42','2021-11-10 21:06:42',NULL),(135,'qui','Tempora illo rem asperiores earum quas. Perspiciatis qui rerum id aut et.',3,'unavailable','1.jpg',601,'2021-11-10 21:06:42','2021-11-10 21:06:42',NULL),(136,'sapiente','Temporibus rem ex velit autem. Ea distinctio sapiente rerum natus quasi.',2,'available','1.jpg',217,'2021-11-10 21:06:42','2021-11-10 21:06:42',NULL),(137,'rerum','Ipsa eos assumenda vel dolorum sequi beatae qui quia. Esse suscipit laudantium accusantium architecto enim.',6,'unavailable','1.jpg',283,'2021-11-10 21:06:42','2021-11-10 21:06:42',NULL),(138,'et','Ipsam natus eveniet quod autem quaerat animi a.',10,'available','1.jpg',95,'2021-11-10 21:06:42','2021-11-10 21:06:42',NULL),(139,'qui','Officia molestias tempora voluptas illo. Dolor ut aut ipsum ab.',8,'available','2.jpg',422,'2021-11-10 21:06:42','2021-11-10 21:06:42',NULL),(140,'iure','Nostrum quaerat repudiandae quibusdam in aut. Nemo omnis a molestiae velit.',5,'unavailable','2.jpg',801,'2021-11-10 21:06:42','2021-11-10 21:06:42',NULL),(141,'esse','Qui modi blanditiis dolores.',8,'available','1.jpg',44,'2021-11-10 21:06:42','2021-11-10 21:06:42',NULL),(142,'architecto','Esse sint quisquam hic repellendus fugiat omnis perspiciatis.',2,'unavailable','2.jpg',630,'2021-11-10 21:06:42','2021-11-10 21:06:42',NULL),(143,'cupiditate','Sequi optio ea sunt voluptatibus provident ullam.',7,'unavailable','3.jpg',296,'2021-11-10 21:06:42','2021-11-10 21:06:42',NULL),(144,'eum','Et asperiores cupiditate aut voluptas.',3,'unavailable','3.jpg',522,'2021-11-10 21:06:42','2021-11-10 21:06:42',NULL),(145,'quasi','Minus qui est quia dolores quod voluptate consequatur explicabo.',9,'available','2.jpg',969,'2021-11-10 21:06:42','2021-11-10 21:06:42',NULL),(146,'rerum','Quam ad ipsa quae repellat fuga omnis est.',8,'available','1.jpg',55,'2021-11-10 21:06:42','2021-11-10 21:06:42',NULL),(147,'nobis','Eius nihil labore molestias reprehenderit aspernatur qui et voluptatem.',5,'unavailable','1.jpg',600,'2021-11-10 21:06:42','2021-11-10 21:06:42',NULL),(148,'nostrum','Molestiae qui aut facilis minima quam. Quaerat incidunt ipsum similique non facere quas.',5,'unavailable','3.jpg',906,'2021-11-10 21:06:42','2021-11-10 21:06:42',NULL),(149,'doloremque','In iure recusandae perferendis et quia. Laudantium omnis animi eos ut.',6,'available','2.jpg',923,'2021-11-10 21:06:42','2021-11-10 21:06:42',NULL),(150,'in','Ipsam est pariatur ducimus cupiditate.',5,'unavailable','3.jpg',753,'2021-11-10 21:06:42','2021-11-10 21:06:42',NULL),(151,'ut','Delectus eum voluptatem eum molestias doloremque hic officia.',7,'available','2.jpg',977,'2021-11-10 21:06:42','2021-11-10 21:06:42',NULL),(152,'quaerat','Aut architecto sunt minima debitis. Laudantium eligendi quis blanditiis.',4,'unavailable','1.jpg',923,'2021-11-10 21:06:42','2021-11-10 21:06:42',NULL),(153,'sequi','Dolor est est doloremque tempora vero non.',4,'available','1.jpg',191,'2021-11-10 21:06:42','2021-11-10 21:06:42',NULL),(154,'rem','Quis et quidem sint occaecati molestiae quo consectetur. Occaecati aut rem ut et provident omnis.',7,'available','3.jpg',767,'2021-11-10 21:06:42','2021-11-10 21:06:42',NULL),(155,'facere','Sint quia facilis non et molestias quod veritatis culpa.',2,'available','1.jpg',351,'2021-11-10 21:06:42','2021-11-10 21:06:42',NULL),(156,'sunt','Voluptates ut voluptate doloremque rerum.',5,'available','2.jpg',712,'2021-11-10 21:06:42','2021-11-10 21:06:42',NULL),(157,'nihil','Non rem quas et hic nisi nihil.',10,'unavailable','3.jpg',185,'2021-11-10 21:06:42','2021-11-10 21:06:42',NULL),(158,'esse','Aperiam quos commodi sunt ducimus voluptas.',2,'available','2.jpg',441,'2021-11-10 21:06:42','2021-11-10 21:06:42',NULL),(159,'ducimus','Facilis exercitationem itaque provident aliquam.',8,'unavailable','2.jpg',601,'2021-11-10 21:06:42','2021-11-10 21:06:42',NULL),(160,'numquam','Accusantium et molestias odit ut.',7,'unavailable','2.jpg',47,'2021-11-10 21:06:42','2021-11-10 21:06:42',NULL),(161,'doloremque','Quia itaque voluptatem et sequi eligendi aperiam.',2,'unavailable','2.jpg',77,'2021-11-10 21:06:42','2021-11-10 21:06:42',NULL),(162,'non','Iure architecto voluptates non dolorem dolores aut nihil accusantium.',2,'available','2.jpg',805,'2021-11-10 21:06:42','2021-11-10 21:06:42',NULL),(163,'et','Culpa et et quibusdam facere.',2,'available','1.jpg',646,'2021-11-10 21:06:42','2021-11-10 21:06:42',NULL),(164,'in','Qui ipsam temporibus consequatur at ut molestiae.',8,'available','3.jpg',499,'2021-11-10 21:06:42','2021-11-10 21:06:42',NULL),(165,'aut','Quia et et sed.',1,'available','1.jpg',443,'2021-11-10 21:06:42','2021-11-10 21:06:42',NULL),(166,'unde','Ab tempore explicabo molestias repellat officiis consequuntur magni. Beatae dolor sint modi omnis consequuntur.',4,'unavailable','1.jpg',919,'2021-11-10 21:06:42','2021-11-10 21:06:42',NULL),(167,'adipisci','Ullam fugit officia eius officiis. Eum cum hic eos id unde necessitatibus.',4,'unavailable','3.jpg',192,'2021-11-10 21:06:42','2021-11-10 21:06:42',NULL),(168,'a','Unde qui quia maiores consequatur. Repellendus vel autem error natus.',5,'unavailable','2.jpg',862,'2021-11-10 21:06:42','2021-11-10 21:06:42',NULL),(169,'in','Inventore non impedit sequi adipisci provident aut. Sed eaque natus molestias veritatis sint eos sed enim.',1,'available','3.jpg',854,'2021-11-10 21:06:42','2021-11-10 21:06:42',NULL),(170,'perspiciatis','Aperiam quos sit porro qui est consequatur qui.',3,'unavailable','2.jpg',650,'2021-11-10 21:06:42','2021-11-10 21:06:42',NULL),(171,'velit','Quam doloremque nostrum aut blanditiis tempore.',5,'available','1.jpg',875,'2021-11-10 21:06:42','2021-11-10 21:06:42',NULL),(172,'laboriosam','Deleniti ullam reiciendis illum magni. Quisquam nemo necessitatibus sunt quo velit et.',3,'available','3.jpg',594,'2021-11-10 21:06:42','2021-11-10 21:06:42',NULL),(173,'in','Provident nostrum culpa itaque nesciunt non ea.',5,'unavailable','1.jpg',239,'2021-11-10 21:06:42','2021-11-10 21:06:42',NULL),(174,'quia','Libero eligendi commodi in inventore tempore assumenda ipsum non. Doloribus a minima natus rem praesentium est.',2,'available','2.jpg',210,'2021-11-10 21:06:42','2021-11-10 21:06:42',NULL),(175,'quia','Corrupti neque nam commodi eos doloribus.',6,'available','3.jpg',613,'2021-11-10 21:06:42','2021-11-10 21:06:42',NULL),(176,'occaecati','Doloribus ullam beatae quod minima voluptas nulla.',6,'available','2.jpg',479,'2021-11-10 21:06:42','2021-11-10 21:06:42',NULL),(177,'quaerat','Natus corrupti sed maiores velit.',2,'unavailable','2.jpg',39,'2021-11-10 21:06:42','2021-11-10 21:06:42',NULL),(178,'maxime','Temporibus illo molestias rerum. Eveniet velit atque veniam mollitia sint.',7,'unavailable','1.jpg',622,'2021-11-10 21:06:42','2021-11-10 21:06:42',NULL),(179,'consequuntur','Magnam sint nam aspernatur nobis.',3,'available','2.jpg',24,'2021-11-10 21:06:42','2021-11-10 21:06:42',NULL),(180,'in','Error et minus praesentium pariatur.',6,'available','2.jpg',59,'2021-11-10 21:06:42','2021-11-10 21:06:42',NULL),(181,'suscipit','Incidunt dolor est cumque eveniet corrupti. Qui id aspernatur aut qui dolor nemo quaerat.',7,'available','1.jpg',79,'2021-11-10 21:06:42','2021-11-10 21:06:42',NULL),(182,'qui','Quam ratione voluptas blanditiis quos perferendis asperiores.',8,'available','1.jpg',964,'2021-11-10 21:06:42','2021-11-10 21:06:42',NULL),(183,'consequuntur','Maxime voluptatibus tenetur sequi fugit veritatis. Eos sint beatae doloremque.',5,'unavailable','3.jpg',134,'2021-11-10 21:06:42','2021-11-10 21:06:42',NULL),(184,'quaerat','Dolor commodi vel et qui et et eos.',4,'available','3.jpg',336,'2021-11-10 21:06:42','2021-11-10 21:06:42',NULL),(185,'et','Fugiat rerum ut cumque explicabo.',8,'available','1.jpg',64,'2021-11-10 21:06:42','2021-11-10 21:06:42',NULL),(186,'aliquam','Dignissimos possimus nulla aut culpa enim reprehenderit incidunt incidunt.',10,'available','2.jpg',683,'2021-11-10 21:06:42','2021-11-10 21:06:42',NULL),(187,'magni','Repellendus nam quia expedita ea et tenetur.',9,'available','1.jpg',429,'2021-11-10 21:06:42','2021-11-10 21:06:42',NULL),(188,'doloribus','Nostrum quidem autem mollitia suscipit ex rerum officia.',6,'unavailable','2.jpg',597,'2021-11-10 21:06:42','2021-11-10 21:06:42',NULL),(189,'et','Quidem eos eum dolores aut voluptas ex accusamus.',6,'available','1.jpg',48,'2021-11-10 21:06:42','2021-11-10 21:06:42',NULL),(190,'natus','Qui necessitatibus vitae sit omnis ullam qui et.',9,'unavailable','1.jpg',353,'2021-11-10 21:06:42','2021-11-10 21:06:42',NULL),(191,'dolor','Iste et mollitia sed et inventore et odit. Eos quo provident repellendus amet nulla blanditiis optio.',2,'available','3.jpg',707,'2021-11-10 21:06:42','2021-11-10 21:06:42',NULL),(192,'voluptate','Nesciunt tempore nesciunt quaerat.',4,'available','2.jpg',144,'2021-11-10 21:06:42','2021-11-10 21:06:42',NULL),(193,'doloribus','Deserunt architecto eum repellat. Suscipit aut dicta temporibus et.',8,'unavailable','1.jpg',617,'2021-11-10 21:06:42','2021-11-10 21:06:42',NULL),(194,'sint','Praesentium voluptas at consequatur aspernatur quibusdam non iure distinctio.',10,'unavailable','3.jpg',88,'2021-11-10 21:06:42','2021-11-10 21:06:42',NULL),(195,'ratione','Totam animi rerum esse laudantium sint mollitia occaecati. Exercitationem expedita in rerum temporibus.',9,'available','3.jpg',271,'2021-11-10 21:06:42','2021-11-10 21:06:42',NULL),(196,'accusantium','Quia officiis ut et ea assumenda. Praesentium ea eos ut repellat accusamus.',3,'available','3.jpg',939,'2021-11-10 21:06:42','2021-11-10 21:06:42',NULL),(197,'voluptates','Deleniti eius hic commodi hic non iusto. Iusto itaque aliquid sit soluta.',9,'unavailable','2.jpg',397,'2021-11-10 21:06:42','2021-11-10 21:06:42',NULL),(198,'ea','Odit sed ullam qui sint aut et. Quia sit sunt neque dolorum deserunt.',9,'available','1.jpg',47,'2021-11-10 21:06:42','2021-11-10 21:06:42',NULL),(199,'consectetur','Et aliquam distinctio quos saepe. Voluptas totam libero illum recusandae blanditiis.',6,'available','2.jpg',598,'2021-11-10 21:06:42','2021-11-10 21:06:42',NULL),(200,'omnis','Omnis quasi et velit nobis qui excepturi placeat. Numquam incidunt enim harum cum fugit.',10,'unavailable','3.jpg',222,'2021-11-10 21:06:42','2021-11-10 21:06:42',NULL),(201,'deleniti','Soluta iste omnis voluptates quam qui omnis molestiae accusamus. Ea blanditiis vero sit.',4,'unavailable','3.jpg',817,'2021-11-10 21:06:42','2021-11-10 21:06:42',NULL),(202,'et','Dignissimos rem ut consequatur enim.',10,'available','1.jpg',373,'2021-11-10 21:06:42','2021-11-10 21:06:42',NULL),(203,'recusandae','Qui quo neque nulla natus perspiciatis non. Sit iusto et libero est numquam consequatur voluptatem voluptates.',9,'available','1.jpg',1,'2021-11-10 21:06:42','2021-11-10 21:06:42',NULL),(204,'nulla','Dolor totam inventore sunt et nihil voluptatem quas. Porro odio maiores hic quae ea blanditiis illum.',4,'available','3.jpg',438,'2021-11-10 21:06:42','2021-11-10 21:06:42',NULL),(205,'temporibus','Nihil perspiciatis exercitationem qui natus.',4,'unavailable','1.jpg',955,'2021-11-10 21:06:42','2021-11-10 21:06:42',NULL),(206,'molestiae','Sed dolores aperiam nostrum sed ea facere. Eum eos magni distinctio libero ipsum iusto itaque.',1,'unavailable','2.jpg',969,'2021-11-10 21:06:42','2021-11-10 21:06:42',NULL),(207,'itaque','Ea ad excepturi quia vel est itaque aperiam.',2,'unavailable','2.jpg',288,'2021-11-10 21:06:42','2021-11-10 21:06:42',NULL),(208,'molestiae','Ducimus ut totam et temporibus inventore ad cum nobis.',9,'available','2.jpg',286,'2021-11-10 21:06:42','2021-11-10 21:06:42',NULL),(209,'aut','Et dolor nostrum vel rerum eius qui ea.',9,'unavailable','2.jpg',155,'2021-11-10 21:06:42','2021-11-10 21:06:42',NULL),(210,'sint','Vel itaque autem quae harum. Dolores minima ducimus neque.',3,'unavailable','2.jpg',450,'2021-11-10 21:06:42','2021-11-10 21:06:42',NULL),(211,'enim','Nihil voluptatem ullam quo iusto quibusdam minus.',4,'unavailable','2.jpg',555,'2021-11-10 21:06:42','2021-11-10 21:06:42',NULL),(212,'consequuntur','Velit perspiciatis earum ut incidunt qui. Dolores eveniet et quasi pariatur minima dolorem.',9,'available','3.jpg',547,'2021-11-10 21:06:42','2021-11-10 21:06:42',NULL),(213,'quaerat','Et deserunt expedita consequatur sunt.',3,'available','3.jpg',262,'2021-11-10 21:06:42','2021-11-10 21:06:42',NULL),(214,'in','Blanditiis neque atque unde eveniet dicta facere velit.',1,'unavailable','1.jpg',902,'2021-11-10 21:06:42','2021-11-10 21:06:42',NULL),(215,'architecto','Sit sed dicta odit explicabo vel. Eaque molestiae voluptates nobis quae ullam vel.',8,'unavailable','1.jpg',332,'2021-11-10 21:06:42','2021-11-10 21:06:42',NULL),(216,'iste','In temporibus asperiores quia aut sit voluptatum. In natus rem cumque quis eveniet omnis.',9,'unavailable','3.jpg',27,'2021-11-10 21:06:42','2021-11-10 21:06:42',NULL),(217,'non','Porro illum ipsa fugit reiciendis et ratione.',10,'unavailable','2.jpg',542,'2021-11-10 21:06:42','2021-11-10 21:06:42',NULL),(218,'nemo','Sit sunt eum optio odit tempore.',5,'unavailable','2.jpg',958,'2021-11-10 21:06:42','2021-11-10 21:06:42',NULL),(219,'et','Et et molestiae optio et. Rem quidem architecto at quia velit dolorum non quas.',9,'unavailable','1.jpg',600,'2021-11-10 21:06:42','2021-11-10 21:06:42',NULL),(220,'ut','Dignissimos quia quo sit.',7,'unavailable','1.jpg',10,'2021-11-10 21:06:42','2021-11-10 21:06:42',NULL),(221,'excepturi','Est et sed harum nemo aut. Aut dolorum repudiandae et tempora aspernatur exercitationem dolorum.',1,'unavailable','1.jpg',793,'2021-11-10 21:06:42','2021-11-10 21:06:42',NULL),(222,'libero','Dicta est consequatur aut. Quo ea fuga corrupti ab nam sunt.',6,'unavailable','3.jpg',821,'2021-11-10 21:06:42','2021-11-10 21:06:42',NULL),(223,'sed','Placeat vero dolorem vitae fuga.',5,'unavailable','2.jpg',115,'2021-11-10 21:06:42','2021-11-10 21:06:42',NULL),(224,'qui','Libero minima ut possimus corporis. Est eaque quia sed quia non.',9,'available','3.jpg',755,'2021-11-10 21:06:42','2021-11-10 21:06:42',NULL),(225,'suscipit','Hic magni fugiat consequatur placeat. Cumque corporis dolor dolor et eum.',4,'available','1.jpg',696,'2021-11-10 21:06:42','2021-11-10 21:06:42',NULL),(226,'nisi','Libero laudantium voluptatibus quo non corrupti dolorem sapiente quaerat. Est et tempore exercitationem veniam dolorem enim temporibus.',9,'unavailable','2.jpg',157,'2021-11-10 21:06:42','2021-11-10 21:06:42',NULL),(227,'cupiditate','In sint possimus dolores impedit tempore voluptates eum et.',3,'unavailable','2.jpg',902,'2021-11-10 21:06:42','2021-11-10 21:06:42',NULL),(228,'vel','Pariatur aperiam amet aut ut quae facere fugit. Velit ut repudiandae quos dolores rerum repudiandae.',4,'unavailable','3.jpg',596,'2021-11-10 21:06:42','2021-11-10 21:06:42',NULL),(229,'assumenda','Aspernatur dolorem eaque voluptatum exercitationem quaerat cumque numquam. Quaerat aut laborum culpa.',7,'unavailable','1.jpg',714,'2021-11-10 21:06:42','2021-11-10 21:06:42',NULL),(230,'consequatur','Vitae voluptates et nobis omnis quae est perspiciatis.',3,'unavailable','1.jpg',753,'2021-11-10 21:06:42','2021-11-10 21:06:42',NULL),(231,'consequatur','Nihil debitis facere eos sit eum.',8,'available','1.jpg',340,'2021-11-10 21:06:42','2021-11-10 21:06:42',NULL),(232,'et','Ipsa sit et enim voluptatem et.',9,'available','2.jpg',159,'2021-11-10 21:06:42','2021-11-10 21:06:42',NULL),(233,'voluptas','Quisquam nisi sapiente beatae illo autem explicabo itaque. Laudantium voluptate dolores nam accusamus aliquid saepe sunt.',7,'unavailable','1.jpg',56,'2021-11-10 21:06:42','2021-11-10 21:06:42',NULL),(234,'voluptas','Voluptatem eum sit ratione voluptas eaque eos et quasi.',5,'available','2.jpg',992,'2021-11-10 21:06:42','2021-11-10 21:06:42',NULL),(235,'tenetur','Totam sint cupiditate sequi repellendus.',10,'available','3.jpg',209,'2021-11-10 21:06:42','2021-11-10 21:06:42',NULL),(236,'enim','Beatae earum quasi magnam ut.',5,'available','3.jpg',667,'2021-11-10 21:06:42','2021-11-10 21:06:42',NULL),(237,'necessitatibus','Nobis reprehenderit eum quia et.',8,'available','3.jpg',952,'2021-11-10 21:06:42','2021-11-10 21:06:42',NULL),(238,'molestiae','Quos dignissimos eveniet exercitationem enim veritatis est quod.',9,'available','2.jpg',772,'2021-11-10 21:06:42','2021-11-10 21:06:42',NULL),(239,'sed','Eum dignissimos vero quisquam sunt quo sed. Voluptas aspernatur consequuntur rerum ut culpa optio.',4,'unavailable','3.jpg',272,'2021-11-10 21:06:42','2021-11-10 21:06:42',NULL),(240,'eos','Eum expedita et voluptatem id ut quisquam mollitia. Veritatis vero fuga tenetur minima reiciendis voluptatem illum.',7,'unavailable','1.jpg',293,'2021-11-10 21:06:42','2021-11-10 21:06:42',NULL),(241,'ducimus','Aliquid modi non et numquam. Distinctio et sed soluta ratione.',3,'unavailable','1.jpg',32,'2021-11-10 21:06:42','2021-11-10 21:06:42',NULL),(242,'assumenda','Qui iusto tenetur minus sit aut in enim.',2,'available','1.jpg',850,'2021-11-10 21:06:42','2021-11-10 21:06:42',NULL),(243,'velit','Officiis ducimus est iste vero id possimus minus.',7,'unavailable','3.jpg',339,'2021-11-10 21:06:42','2021-11-10 21:06:42',NULL),(244,'harum','Ut et ut magnam ut recusandae. Reprehenderit unde qui velit nisi hic expedita.',7,'available','3.jpg',175,'2021-11-10 21:06:42','2021-11-10 21:06:42',NULL),(245,'aut','Hic natus ut non adipisci enim.',3,'available','2.jpg',515,'2021-11-10 21:06:42','2021-11-10 21:06:42',NULL),(246,'harum','Quod voluptatem sed nisi quia tempora similique.',10,'available','1.jpg',67,'2021-11-10 21:06:42','2021-11-10 21:06:42',NULL),(247,'eaque','Et sint similique exercitationem excepturi quis repellat dolores illo.',6,'available','1.jpg',458,'2021-11-10 21:06:42','2021-11-10 21:06:42',NULL),(248,'nesciunt','Quod iusto sed commodi libero at omnis. Similique rerum expedita ratione voluptatem sint fugiat enim.',6,'available','3.jpg',3,'2021-11-10 21:06:42','2021-11-10 21:06:42',NULL),(249,'quasi','Aliquid consectetur nobis blanditiis ea exercitationem vel.',5,'available','2.jpg',236,'2021-11-10 21:06:42','2021-11-10 21:06:42',NULL),(250,'eos','Ipsam optio minus rerum consequatur.',7,'unavailable','2.jpg',946,'2021-11-10 21:06:42','2021-11-10 21:06:42',NULL),(251,'error','Perferendis omnis nihil qui ratione dolor nemo. Libero et cumque praesentium quia et.',1,'unavailable','3.jpg',319,'2021-11-10 21:06:42','2021-11-10 21:06:42',NULL),(252,'ut','Vel dicta numquam ipsum asperiores aut. Tenetur beatae velit ut debitis enim.',10,'unavailable','1.jpg',296,'2021-11-10 21:06:42','2021-11-10 21:06:42',NULL),(253,'qui','Pariatur suscipit reprehenderit sit quisquam aperiam aut pariatur.',2,'unavailable','1.jpg',302,'2021-11-10 21:06:42','2021-11-10 21:06:42',NULL),(254,'placeat','Laborum culpa rem illo alias.',5,'available','3.jpg',393,'2021-11-10 21:06:42','2021-11-10 21:06:42',NULL),(255,'et','Dicta et sapiente velit doloremque.',7,'available','1.jpg',115,'2021-11-10 21:06:42','2021-11-10 21:06:42',NULL),(256,'neque','Tempora voluptas veniam voluptates nihil quia. Aliquid ex quam porro molestiae qui explicabo.',8,'available','1.jpg',872,'2021-11-10 21:06:42','2021-11-10 21:06:42',NULL),(257,'unde','Et eos possimus deleniti dolores. Et sit qui praesentium quibusdam assumenda.',8,'available','3.jpg',856,'2021-11-10 21:06:42','2021-11-10 21:06:42',NULL),(258,'voluptatum','Omnis voluptates vel cumque dolores rerum ea.',4,'available','1.jpg',364,'2021-11-10 21:06:42','2021-11-10 21:06:42',NULL),(259,'repellendus','Quia expedita qui sint. Possimus reiciendis animi quasi sapiente non recusandae.',10,'available','3.jpg',32,'2021-11-10 21:06:42','2021-11-10 21:06:42',NULL),(260,'est','Ab natus consequatur vel dolores placeat ullam libero. Cum nihil reprehenderit et est omnis nulla velit.',4,'unavailable','1.jpg',514,'2021-11-10 21:06:42','2021-11-10 21:06:42',NULL),(261,'doloribus','Voluptatem magni provident sit illo.',8,'available','3.jpg',875,'2021-11-10 21:06:42','2021-11-10 21:06:42',NULL),(262,'ab','Ut similique repellat voluptas sed rerum cupiditate.',3,'available','3.jpg',718,'2021-11-10 21:06:42','2021-11-10 21:06:42',NULL),(263,'accusamus','Iusto aut veritatis quam quasi dolor. Officiis repellat omnis harum veritatis autem laboriosam consequatur.',9,'unavailable','1.jpg',767,'2021-11-10 21:06:42','2021-11-10 21:06:42',NULL),(264,'unde','Vel earum aperiam sequi rem molestiae soluta eius dolorum. Accusamus non inventore corporis facere culpa ducimus quos aspernatur.',2,'available','1.jpg',64,'2021-11-10 21:06:42','2021-11-10 21:06:42',NULL),(265,'aliquid','Doloribus voluptatum ipsum ut voluptate non.',4,'available','1.jpg',548,'2021-11-10 21:06:42','2021-11-10 21:06:42',NULL),(266,'sequi','Odit quia maxime non quo vero neque. Enim earum reprehenderit distinctio.',3,'unavailable','3.jpg',269,'2021-11-10 21:06:42','2021-11-10 21:06:42',NULL),(267,'animi','Nihil perferendis possimus corporis in voluptates id.',10,'available','2.jpg',529,'2021-11-10 21:06:42','2021-11-10 21:06:42',NULL),(268,'beatae','Sunt pariatur et voluptas est esse. Aut non repudiandae sed ad expedita quidem sit.',8,'available','3.jpg',727,'2021-11-10 21:06:42','2021-11-10 21:06:42',NULL),(269,'accusantium','Inventore cumque rem nihil autem consequatur. Odio non aut unde iusto doloribus.',2,'unavailable','3.jpg',570,'2021-11-10 21:06:42','2021-11-10 21:06:42',NULL),(270,'quae','Velit quam pariatur sunt ut sunt. Temporibus ut dolores officiis et aspernatur.',10,'unavailable','2.jpg',457,'2021-11-10 21:06:42','2021-11-10 21:06:42',NULL),(271,'quis','Nostrum hic ipsum voluptatem quis sunt. Neque ab incidunt quod aspernatur.',3,'unavailable','2.jpg',183,'2021-11-10 21:06:42','2021-11-10 21:06:42',NULL),(272,'reprehenderit','Facilis aut nam qui quae.',8,'unavailable','3.jpg',154,'2021-11-10 21:06:42','2021-11-10 21:06:42',NULL),(273,'et','Sunt soluta reiciendis nesciunt illo dolores fugit.',8,'unavailable','2.jpg',527,'2021-11-10 21:06:42','2021-11-10 21:06:42',NULL),(274,'sunt','Assumenda qui non dolorem quasi sunt dolore. Non iure qui doloribus.',4,'unavailable','1.jpg',360,'2021-11-10 21:06:42','2021-11-10 21:06:42',NULL),(275,'molestiae','Officia quia veniam iste ab ipsum id. Fugiat in officia quaerat autem praesentium reiciendis ut.',3,'unavailable','1.jpg',655,'2021-11-10 21:06:42','2021-11-10 21:06:42',NULL),(276,'ab','Et ullam sequi repellendus id consequatur non pariatur.',5,'unavailable','2.jpg',616,'2021-11-10 21:06:42','2021-11-10 21:06:42',NULL),(277,'tenetur','Eum dolorem perferendis eaque rerum veritatis et beatae. Est dolor distinctio dignissimos voluptate dicta in expedita recusandae.',8,'unavailable','3.jpg',847,'2021-11-10 21:06:42','2021-11-10 21:06:42',NULL),(278,'itaque','Expedita aut ipsa veniam totam non sint. Suscipit est eius labore ea.',2,'available','2.jpg',603,'2021-11-10 21:06:42','2021-11-10 21:06:42',NULL),(279,'error','Eum ut natus autem enim non omnis. Est dolorem soluta aliquid dolorem id.',4,'available','1.jpg',628,'2021-11-10 21:06:42','2021-11-10 21:06:42',NULL),(280,'officiis','Vero et quo voluptas voluptatem amet possimus. Nemo qui saepe voluptates.',9,'unavailable','2.jpg',140,'2021-11-10 21:06:42','2021-11-10 21:06:42',NULL),(281,'nihil','Dolor et dolorem fugit.',8,'available','2.jpg',691,'2021-11-10 21:06:42','2021-11-10 21:06:42',NULL),(282,'ad','Ut voluptates quam soluta incidunt qui.',5,'unavailable','2.jpg',54,'2021-11-10 21:06:42','2021-11-10 21:06:42',NULL),(283,'dolorum','Iure ut magni sapiente aut exercitationem mollitia reprehenderit. Ducimus consequuntur eligendi eveniet repellat veniam officia aspernatur.',5,'unavailable','1.jpg',292,'2021-11-10 21:06:42','2021-11-10 21:06:42',NULL),(284,'aliquam','Eum id dicta in ex nisi a dolorem.',1,'unavailable','1.jpg',945,'2021-11-10 21:06:42','2021-11-10 21:06:42',NULL),(285,'fuga','Consequatur voluptatem impedit tenetur tempore omnis animi.',2,'unavailable','1.jpg',214,'2021-11-10 21:06:42','2021-11-10 21:06:42',NULL),(286,'voluptate','Odio numquam doloribus sunt excepturi quod ut quidem. Nemo sed reprehenderit ratione explicabo.',5,'unavailable','2.jpg',86,'2021-11-10 21:06:42','2021-11-10 21:06:42',NULL),(287,'optio','Iusto voluptates neque tenetur eum facilis est vel.',3,'available','1.jpg',779,'2021-11-10 21:06:42','2021-11-10 21:06:42',NULL),(288,'quasi','Voluptatum id ea quis sequi. Suscipit sint deserunt necessitatibus.',6,'available','2.jpg',850,'2021-11-10 21:06:42','2021-11-10 21:06:42',NULL),(289,'suscipit','Perferendis sapiente quia corporis aperiam.',7,'available','2.jpg',104,'2021-11-10 21:06:42','2021-11-10 21:06:42',NULL),(290,'quas','Dolorum eum iure dignissimos ab perferendis.',1,'available','3.jpg',594,'2021-11-10 21:06:42','2021-11-10 21:06:42',NULL),(291,'unde','Quaerat ex distinctio et est odio.',1,'unavailable','1.jpg',429,'2021-11-10 21:06:42','2021-11-10 21:06:42',NULL),(292,'autem','Ea quia dolores est cum vitae. Quo distinctio aut veritatis quia delectus quidem est.',1,'available','3.jpg',416,'2021-11-10 21:06:42','2021-11-10 21:06:42',NULL),(293,'porro','Nihil asperiores aliquam aut enim est.',9,'available','2.jpg',164,'2021-11-10 21:06:42','2021-11-10 21:06:42',NULL),(294,'laboriosam','Tempore aut repellendus et totam rem corporis officia. Nesciunt fuga adipisci voluptatem sit.',1,'available','3.jpg',406,'2021-11-10 21:06:42','2021-11-10 21:06:42',NULL),(295,'eum','Atque dolorem molestiae amet pariatur. In voluptatem qui fugiat sit commodi ducimus.',1,'unavailable','2.jpg',608,'2021-11-10 21:06:42','2021-11-10 21:06:42',NULL),(296,'voluptatem','A accusamus a autem vitae quam incidunt. Nihil aut dolorem sit deleniti doloribus voluptas vitae dolores.',8,'available','2.jpg',954,'2021-11-10 21:06:42','2021-11-10 21:06:42',NULL),(297,'doloremque','Natus quae qui voluptates quibusdam doloribus praesentium consequatur.',1,'unavailable','3.jpg',568,'2021-11-10 21:06:42','2021-11-10 21:06:42',NULL),(298,'error','Sed ducimus id eos quia. Nihil doloremque autem velit et et nemo est.',3,'unavailable','3.jpg',696,'2021-11-10 21:06:42','2021-11-10 21:06:42',NULL),(299,'ut','Aut sapiente laboriosam aliquam rem porro sed optio.',7,'available','2.jpg',227,'2021-11-10 21:06:42','2021-11-10 21:06:42',NULL),(300,'est','Esse quia et quos ut neque aut.',2,'unavailable','1.jpg',223,'2021-11-10 21:06:42','2021-11-10 21:06:42',NULL),(301,'libero','Dicta non ut repellat quam est quis.',2,'available','3.jpg',574,'2021-11-10 21:06:42','2021-11-10 21:06:42',NULL),(302,'harum','Qui similique consequatur saepe dolores aut illo. Impedit et temporibus quidem suscipit illo commodi.',10,'unavailable','1.jpg',74,'2021-11-10 21:06:42','2021-11-10 21:06:42',NULL),(303,'iste','Voluptas est animi nemo sint. Et quibusdam aut tempora deleniti officiis exercitationem nobis at.',2,'available','3.jpg',683,'2021-11-10 21:06:42','2021-11-10 21:06:42',NULL),(304,'aut','Deserunt assumenda non aperiam beatae. Aut ratione labore veritatis laboriosam.',4,'available','2.jpg',393,'2021-11-10 21:06:42','2021-11-10 21:06:42',NULL),(305,'blanditiis','Architecto voluptatibus vel possimus ut asperiores consequuntur qui. Enim dolores sed assumenda perspiciatis corporis.',9,'available','2.jpg',628,'2021-11-10 21:06:42','2021-11-10 21:06:42',NULL),(306,'earum','Dolore quo numquam non.',5,'available','1.jpg',213,'2021-11-10 21:06:42','2021-11-10 21:06:42',NULL),(307,'voluptas','Omnis ea non nisi similique voluptate nisi. Et hic laborum amet veritatis iste est numquam.',1,'available','1.jpg',666,'2021-11-10 21:06:42','2021-11-10 21:06:42',NULL),(308,'itaque','Accusantium harum aut dolorum dicta quia. Cupiditate ab iusto iure itaque quas qui.',5,'available','2.jpg',490,'2021-11-10 21:06:42','2021-11-10 21:06:42',NULL),(309,'cum','Asperiores voluptas aut voluptatem a. Odio dolorem ratione in perspiciatis quos at.',1,'unavailable','1.jpg',514,'2021-11-10 21:06:42','2021-11-10 21:06:42',NULL),(310,'consequatur','Et alias cumque laudantium velit sed modi. Ea impedit repellat voluptatem sit.',5,'unavailable','3.jpg',410,'2021-11-10 21:06:42','2021-11-10 21:06:42',NULL),(311,'reiciendis','Hic doloremque enim qui quo.',8,'unavailable','1.jpg',237,'2021-11-10 21:06:42','2021-11-10 21:06:42',NULL),(312,'atque','Odit qui laudantium voluptatem recusandae cum vero inventore vero. Dicta molestias placeat aspernatur possimus officiis in quaerat.',4,'available','3.jpg',616,'2021-11-10 21:06:42','2021-11-10 21:06:42',NULL),(313,'asperiores','Maxime laudantium aut explicabo modi illo.',8,'available','1.jpg',322,'2021-11-10 21:06:42','2021-11-10 21:06:42',NULL),(314,'corporis','Et esse qui porro in debitis sit aut. Doloremque dolore qui qui et rem voluptas.',9,'available','2.jpg',783,'2021-11-10 21:06:42','2021-11-10 21:06:42',NULL),(315,'sit','Enim deserunt eligendi et eveniet recusandae hic fugiat.',5,'available','2.jpg',702,'2021-11-10 21:06:42','2021-11-10 21:06:42',NULL),(316,'ut','Ratione dolorem aperiam debitis aut et.',5,'available','2.jpg',69,'2021-11-10 21:06:42','2021-11-10 21:06:42',NULL),(317,'enim','Aut expedita voluptatibus esse modi praesentium.',1,'unavailable','3.jpg',480,'2021-11-10 21:06:42','2021-11-10 21:06:42',NULL),(318,'veritatis','Sunt quia voluptas est.',5,'available','3.jpg',867,'2021-11-10 21:06:42','2021-11-10 21:06:42',NULL),(319,'quia','Et molestias occaecati vel sed commodi quisquam ut. Natus in nihil eaque quasi quis.',5,'available','1.jpg',802,'2021-11-10 21:06:42','2021-11-10 21:06:42',NULL),(320,'et','Repellat quasi consequatur similique dignissimos. Provident odit perferendis explicabo consequatur ipsum sed tempora.',7,'available','1.jpg',857,'2021-11-10 21:06:42','2021-11-10 21:06:42',NULL),(321,'temporibus','Vel ea eveniet inventore veritatis id cum et.',4,'unavailable','3.jpg',566,'2021-11-10 21:06:42','2021-11-10 21:06:42',NULL),(322,'non','Sit eveniet esse harum beatae rerum tempore.',8,'available','2.jpg',47,'2021-11-10 21:06:42','2021-11-10 21:06:42',NULL),(323,'nulla','Doloremque quia et dicta exercitationem in aliquam aperiam.',5,'available','2.jpg',191,'2021-11-10 21:06:42','2021-11-10 21:06:42',NULL),(324,'eligendi','Est placeat qui et maiores ratione eum enim.',7,'available','3.jpg',42,'2021-11-10 21:06:42','2021-11-10 21:06:42',NULL),(325,'laborum','Sunt nihil vel consequatur aut ut deserunt alias. Ipsam animi recusandae sunt possimus.',3,'unavailable','1.jpg',947,'2021-11-10 21:06:42','2021-11-10 21:06:42',NULL),(326,'dignissimos','Aliquid qui sit ipsa perspiciatis. Quis sint quae voluptas rerum quaerat molestias nemo.',5,'unavailable','3.jpg',880,'2021-11-10 21:06:42','2021-11-10 21:06:42',NULL),(327,'aut','Ex quia dolores est et.',1,'available','3.jpg',208,'2021-11-10 21:06:42','2021-11-10 21:06:42',NULL),(328,'ut','Dolores ut rerum maxime sit.',8,'available','1.jpg',5,'2021-11-10 21:06:42','2021-11-10 21:06:42',NULL),(329,'beatae','Vel odio tenetur et sunt voluptas dolor. Voluptate eum ullam enim.',6,'unavailable','3.jpg',485,'2021-11-10 21:06:42','2021-11-10 21:06:42',NULL),(330,'hic','Voluptatem autem quae ducimus non alias.',10,'unavailable','2.jpg',96,'2021-11-10 21:06:42','2021-11-10 21:06:42',NULL),(331,'eius','Fugit cumque impedit et sit aut facere officiis. Omnis illum et necessitatibus enim saepe veritatis.',4,'unavailable','1.jpg',484,'2021-11-10 21:06:42','2021-11-10 21:06:42',NULL),(332,'ut','Ipsum consequatur voluptas aut perferendis repellat quod tempora.',6,'available','3.jpg',55,'2021-11-10 21:06:42','2021-11-10 21:06:42',NULL),(333,'officiis','Laboriosam aut quibusdam aut consequatur eos debitis amet illo. Aliquam ut aliquid eaque rerum aperiam consequatur omnis.',10,'unavailable','1.jpg',847,'2021-11-10 21:06:42','2021-11-10 21:06:42',NULL),(334,'id','Reiciendis nobis animi est eos placeat quis qui. Quibusdam reiciendis minima a ipsa.',9,'available','3.jpg',933,'2021-11-10 21:06:42','2021-11-10 21:06:42',NULL),(335,'beatae','Rerum iure ipsa omnis distinctio.',7,'available','2.jpg',524,'2021-11-10 21:06:42','2021-11-10 21:06:42',NULL),(336,'libero','Tempore enim adipisci repellat est suscipit ut. Natus mollitia eos quas sint.',9,'available','1.jpg',667,'2021-11-10 21:06:42','2021-11-10 21:06:42',NULL),(337,'hic','Voluptatum perferendis sed nam dicta. Aut sit ducimus deserunt nemo natus.',1,'available','3.jpg',391,'2021-11-10 21:06:42','2021-11-10 21:06:42',NULL),(338,'ut','Nihil unde reiciendis quae. Suscipit delectus suscipit voluptas earum dignissimos quos et.',2,'unavailable','2.jpg',382,'2021-11-10 21:06:42','2021-11-10 21:06:42',NULL),(339,'culpa','Nam inventore earum dolor et. Omnis nisi doloribus mollitia fuga quis dolore quia.',9,'available','3.jpg',88,'2021-11-10 21:06:42','2021-11-10 21:06:42',NULL),(340,'et','Fugit unde veritatis iusto repellendus fugiat. Dolore fugiat suscipit voluptatum dicta eveniet hic.',1,'available','2.jpg',791,'2021-11-10 21:06:42','2021-11-10 21:06:42',NULL),(341,'cupiditate','Enim id consequuntur excepturi occaecati minima nulla. Aut debitis officiis aut enim.',7,'available','2.jpg',937,'2021-11-10 21:06:42','2021-11-10 21:06:42',NULL),(342,'quibusdam','Non laboriosam fugiat molestias quidem.',3,'available','1.jpg',875,'2021-11-10 21:06:42','2021-11-10 21:06:42',NULL),(343,'et','Quia cum et qui perferendis id iure sit et.',10,'unavailable','1.jpg',921,'2021-11-10 21:06:42','2021-11-10 21:06:42',NULL),(344,'unde','Consectetur harum nulla aut eaque repellat deserunt sit.',9,'available','1.jpg',644,'2021-11-10 21:06:42','2021-11-10 21:06:42',NULL),(345,'voluptatem','Quos reiciendis et incidunt quia harum ut magni.',5,'unavailable','1.jpg',461,'2021-11-10 21:06:42','2021-11-10 21:06:42',NULL),(346,'et','Tempora et sint eum ab voluptate sint.',6,'unavailable','3.jpg',773,'2021-11-10 21:06:42','2021-11-10 21:06:42',NULL),(347,'distinctio','Velit nobis corporis similique sequi. Totam dolor aut labore tenetur.',3,'unavailable','1.jpg',173,'2021-11-10 21:06:42','2021-11-10 21:06:42',NULL),(348,'praesentium','Voluptatem et error temporibus est animi sint. Ea debitis quia suscipit.',5,'available','2.jpg',889,'2021-11-10 21:06:42','2021-11-10 21:06:42',NULL),(349,'et','Fugit corrupti molestias tenetur iste maiores voluptatem sed. Ut atque laudantium et aliquid.',9,'unavailable','2.jpg',769,'2021-11-10 21:06:42','2021-11-10 21:06:42',NULL),(350,'delectus','Dolorum culpa sed porro corporis autem qui. Optio voluptatem distinctio labore placeat illum asperiores.',6,'available','3.jpg',74,'2021-11-10 21:06:42','2021-11-10 21:06:42',NULL),(351,'et','Tempora placeat officiis vel. Laboriosam impedit veniam quos est mollitia voluptatibus.',5,'unavailable','2.jpg',488,'2021-11-10 21:06:42','2021-11-10 21:06:42',NULL),(352,'dolore','Dolorem eos ipsa suscipit explicabo perspiciatis dolores. Aliquam voluptas amet et tenetur molestias.',1,'unavailable','2.jpg',377,'2021-11-10 21:06:42','2021-11-10 21:06:42',NULL),(353,'et','Ut rerum aperiam eveniet recusandae.',5,'unavailable','1.jpg',153,'2021-11-10 21:06:42','2021-11-10 21:06:42',NULL),(354,'deserunt','Nihil architecto sed dolor illo inventore. Quos tenetur nam ea molestiae.',7,'available','1.jpg',91,'2021-11-10 21:06:42','2021-11-10 21:06:42',NULL),(355,'non','Dolorum doloremque eos molestiae ea.',10,'unavailable','3.jpg',785,'2021-11-10 21:06:42','2021-11-10 21:06:42',NULL),(356,'sunt','Omnis expedita enim nihil est ipsa at enim.',9,'available','3.jpg',158,'2021-11-10 21:06:42','2021-11-10 21:06:42',NULL),(357,'in','Harum ad ut eos dolorem. Nostrum quaerat ducimus error culpa.',10,'available','2.jpg',539,'2021-11-10 21:06:42','2021-11-10 21:06:42',NULL),(358,'sit','Quo earum autem facere atque. Eum ullam quas omnis vitae harum.',8,'available','2.jpg',507,'2021-11-10 21:06:42','2021-11-10 21:06:42',NULL),(359,'est','Illo eaque minima vitae laudantium est voluptatem qui.',3,'unavailable','3.jpg',295,'2021-11-10 21:06:42','2021-11-10 21:06:42',NULL),(360,'nostrum','Veniam non ipsum quae earum voluptatibus eos alias.',1,'unavailable','3.jpg',238,'2021-11-10 21:06:42','2021-11-10 21:06:42',NULL),(361,'nostrum','Quis rerum facere minus cupiditate provident aperiam velit. Non placeat doloremque quis pariatur quo rem.',2,'unavailable','3.jpg',46,'2021-11-10 21:06:42','2021-11-10 21:06:42',NULL),(362,'in','Asperiores cum et laudantium numquam.',1,'unavailable','1.jpg',96,'2021-11-10 21:06:42','2021-11-10 21:06:42',NULL),(363,'cumque','Veritatis voluptatem aut qui nihil ipsum. Et voluptatem tempore quo reprehenderit.',9,'available','3.jpg',620,'2021-11-10 21:06:42','2021-11-10 21:06:42',NULL),(364,'quae','Sint earum odio deleniti quasi beatae.',1,'unavailable','1.jpg',656,'2021-11-10 21:06:42','2021-11-10 21:06:42',NULL),(365,'aut','Et asperiores incidunt vel rerum quibusdam quo.',4,'unavailable','2.jpg',827,'2021-11-10 21:06:42','2021-11-10 21:06:42',NULL),(366,'aut','Quia aut ad et doloremque. Est iusto quos et animi vel.',8,'available','1.jpg',143,'2021-11-10 21:06:42','2021-11-10 21:06:42',NULL),(367,'commodi','Repudiandae molestiae minima quis rerum temporibus accusamus.',8,'unavailable','1.jpg',495,'2021-11-10 21:06:42','2021-11-10 21:06:42',NULL),(368,'natus','Expedita iure aut blanditiis qui animi sed architecto. Rerum incidunt vel sed dolor quas ut quia.',5,'available','3.jpg',718,'2021-11-10 21:06:42','2021-11-10 21:06:42',NULL),(369,'dolor','Corporis repudiandae nisi quidem soluta omnis vero. Quidem excepturi aperiam est soluta exercitationem et vero.',10,'available','2.jpg',636,'2021-11-10 21:06:42','2021-11-10 21:06:42',NULL),(370,'magni','Labore doloremque et dolorum voluptatem blanditiis atque reprehenderit. Quasi dolor et consequatur doloremque id et.',10,'available','2.jpg',989,'2021-11-10 21:06:42','2021-11-10 21:06:42',NULL),(371,'voluptates','Ullam et beatae vero tenetur consequatur eius explicabo hic. Est quod commodi animi id voluptas reprehenderit.',9,'unavailable','2.jpg',682,'2021-11-10 21:06:42','2021-11-10 21:06:42',NULL),(372,'quibusdam','Illum sunt nisi ut est suscipit a doloribus.',3,'available','2.jpg',587,'2021-11-10 21:06:42','2021-11-10 21:06:42',NULL),(373,'ut','Ut quos quibusdam commodi laboriosam omnis.',3,'available','3.jpg',219,'2021-11-10 21:06:42','2021-11-10 21:06:42',NULL),(374,'minima','Beatae non sed eius voluptatum quasi deserunt voluptate. Voluptas sequi laborum quo asperiores.',8,'unavailable','2.jpg',931,'2021-11-10 21:06:42','2021-11-10 21:06:42',NULL),(375,'eos','Est ut dolorem rerum qui laboriosam neque reprehenderit.',6,'available','1.jpg',808,'2021-11-10 21:06:42','2021-11-10 21:06:42',NULL),(376,'ut','Ipsa modi doloribus est veniam doloremque architecto.',6,'available','1.jpg',888,'2021-11-10 21:06:42','2021-11-10 21:06:42',NULL),(377,'et','Quam ea reiciendis numquam iusto quidem sed. Et quibusdam molestiae exercitationem neque rerum.',9,'available','2.jpg',657,'2021-11-10 21:06:42','2021-11-10 21:06:42',NULL),(378,'voluptate','Consequatur et eos perferendis explicabo.',9,'unavailable','2.jpg',356,'2021-11-10 21:06:42','2021-11-10 21:06:42',NULL),(379,'id','Corporis rerum quia voluptas aut mollitia qui.',9,'available','3.jpg',872,'2021-11-10 21:06:42','2021-11-10 21:06:42',NULL),(380,'natus','Velit voluptatum natus ex dolorum.',1,'unavailable','2.jpg',722,'2021-11-10 21:06:42','2021-11-10 21:06:42',NULL),(381,'velit','Repellendus beatae ut iure doloribus eum expedita.',5,'available','1.jpg',64,'2021-11-10 21:06:42','2021-11-10 21:06:42',NULL),(382,'nam','Et recusandae voluptatem ipsa et et eaque omnis.',9,'available','2.jpg',108,'2021-11-10 21:06:42','2021-11-10 21:06:42',NULL),(383,'praesentium','Sequi ipsa a aut voluptatem.',1,'unavailable','3.jpg',980,'2021-11-10 21:06:42','2021-11-10 21:06:42',NULL),(384,'laboriosam','Quae asperiores ab aliquid optio hic. Modi aut aliquid eum numquam qui assumenda aut modi.',2,'available','1.jpg',609,'2021-11-10 21:06:42','2021-11-10 21:06:42',NULL),(385,'at','Autem quaerat ut fugiat blanditiis facere architecto maiores.',4,'unavailable','3.jpg',32,'2021-11-10 21:06:42','2021-11-10 21:06:42',NULL),(386,'tempora','Perferendis provident sit explicabo enim ipsam laborum.',5,'available','2.jpg',942,'2021-11-10 21:06:42','2021-11-10 21:06:42',NULL),(387,'accusantium','Aut et qui sunt aperiam.',3,'unavailable','1.jpg',493,'2021-11-10 21:06:42','2021-11-10 21:06:42',NULL),(388,'quibusdam','Laboriosam molestiae laborum unde inventore suscipit voluptatem et.',1,'available','2.jpg',764,'2021-11-10 21:06:42','2021-11-10 21:06:42',NULL),(389,'laborum','Repudiandae expedita velit qui fuga. Quasi neque rerum pariatur distinctio et non aperiam.',1,'unavailable','3.jpg',355,'2021-11-10 21:06:42','2021-11-10 21:06:42',NULL),(390,'perferendis','Molestiae et aut sed aliquid. Voluptatem tempore ex et enim.',2,'available','2.jpg',985,'2021-11-10 21:06:42','2021-11-10 21:06:42',NULL),(391,'eum','Et voluptatum est modi quis sed. Tempora suscipit modi autem officiis quasi ex.',7,'unavailable','3.jpg',679,'2021-11-10 21:06:42','2021-11-10 21:06:42',NULL),(392,'ut','Quas facere corrupti aut in rerum consequatur.',10,'unavailable','1.jpg',655,'2021-11-10 21:06:42','2021-11-10 21:06:42',NULL),(393,'dolor','Aliquid quasi omnis minima labore.',4,'available','1.jpg',49,'2021-11-10 21:06:42','2021-11-10 21:06:42',NULL),(394,'dolor','Tempora deserunt libero ad non accusamus sit aut voluptatem.',5,'unavailable','1.jpg',339,'2021-11-10 21:06:42','2021-11-10 21:06:42',NULL),(395,'sed','Quia qui harum atque dicta. Quis eum quidem ea veniam tempora aut consequatur deserunt.',1,'unavailable','2.jpg',766,'2021-11-10 21:06:42','2021-11-10 21:06:42',NULL),(396,'molestiae','Veritatis quam aut quis deserunt quibusdam porro. Impedit unde quam laboriosam quae ducimus mollitia dolor nihil.',1,'available','1.jpg',38,'2021-11-10 21:06:42','2021-11-10 21:06:42',NULL),(397,'ratione','Quo similique suscipit ipsum fugit quis voluptas accusamus. Quia consequatur sunt optio non.',7,'unavailable','1.jpg',189,'2021-11-10 21:06:42','2021-11-10 21:06:42',NULL),(398,'quam','Sed autem optio quam sapiente. Doloremque beatae dolores maiores.',2,'unavailable','2.jpg',780,'2021-11-10 21:06:42','2021-11-10 21:06:42',NULL),(399,'doloremque','Laboriosam facere nesciunt vel illum consequatur et nam omnis. Maiores illum at molestiae dolores adipisci eligendi culpa.',9,'unavailable','1.jpg',910,'2021-11-10 21:06:42','2021-11-10 21:06:42',NULL),(400,'ipsam','Aut perspiciatis rerum quis at.',8,'available','2.jpg',990,'2021-11-10 21:06:42','2021-11-10 21:06:42',NULL),(401,'minus','Maxime earum totam necessitatibus veritatis culpa est.',10,'available','1.jpg',915,'2021-11-10 21:06:42','2021-11-10 21:06:42',NULL),(402,'eius','Non totam ea id distinctio eius. Et ab possimus nulla nihil recusandae esse asperiores.',6,'unavailable','1.jpg',931,'2021-11-10 21:06:42','2021-11-10 21:06:42',NULL),(403,'corporis','Aspernatur minus incidunt qui enim.',3,'available','1.jpg',724,'2021-11-10 21:06:42','2021-11-10 21:06:42',NULL),(404,'dicta','Cumque laudantium ratione qui voluptate quasi voluptatem aut. Facilis commodi veritatis ut omnis ea tempore.',8,'available','3.jpg',489,'2021-11-10 21:06:42','2021-11-10 21:06:42',NULL),(405,'voluptatem','Assumenda placeat eius delectus dolor odio facere.',5,'available','1.jpg',969,'2021-11-10 21:06:42','2021-11-10 21:06:42',NULL),(406,'cupiditate','Consequatur sint odit unde.',7,'available','2.jpg',530,'2021-11-10 21:06:42','2021-11-10 21:06:42',NULL),(407,'et','Ipsam quo enim ut ipsa aliquam enim.',3,'unavailable','1.jpg',185,'2021-11-10 21:06:42','2021-11-10 21:06:42',NULL),(408,'laboriosam','Similique molestiae molestiae hic neque cupiditate a vel.',1,'unavailable','3.jpg',152,'2021-11-10 21:06:42','2021-11-10 21:06:42',NULL),(409,'modi','Ea delectus est est quidem porro iusto explicabo. Tempore voluptas impedit quo culpa eaque ullam.',10,'unavailable','1.jpg',124,'2021-11-10 21:06:42','2021-11-10 21:06:42',NULL),(410,'facere','Voluptas est aliquam quam velit et. Distinctio dolorem in aliquam illum et sed quibusdam voluptas.',10,'available','1.jpg',178,'2021-11-10 21:06:42','2021-11-10 21:06:42',NULL),(411,'et','Nobis aut sed non dolor.',8,'unavailable','2.jpg',280,'2021-11-10 21:06:42','2021-11-10 21:06:42',NULL),(412,'non','Odit libero voluptatem est eum omnis non.',4,'unavailable','1.jpg',238,'2021-11-10 21:06:42','2021-11-10 21:06:42',NULL),(413,'molestiae','Expedita exercitationem et numquam mollitia.',6,'unavailable','1.jpg',823,'2021-11-10 21:06:42','2021-11-10 21:06:42',NULL),(414,'officiis','Ut quia aut sint omnis.',8,'available','2.jpg',339,'2021-11-10 21:06:42','2021-11-10 21:06:42',NULL),(415,'reprehenderit','Velit quo et et beatae aut. Voluptatibus cum porro tenetur doloremque omnis sapiente molestiae.',4,'unavailable','3.jpg',10,'2021-11-10 21:06:42','2021-11-10 21:06:42',NULL),(416,'atque','Sed quis nihil est qui veritatis est. Praesentium est magni saepe earum cum ea quibusdam.',6,'unavailable','2.jpg',843,'2021-11-10 21:06:42','2021-11-10 21:06:42',NULL),(417,'assumenda','Qui molestiae voluptatum est iusto iusto. Doloremque quo expedita eveniet vel voluptatem laudantium excepturi.',2,'unavailable','1.jpg',647,'2021-11-10 21:06:42','2021-11-10 21:06:42',NULL),(418,'nihil','Animi quia qui sequi quos dignissimos. Maxime totam exercitationem sint.',1,'unavailable','2.jpg',934,'2021-11-10 21:06:42','2021-11-10 21:06:42',NULL),(419,'aspernatur','Et sed saepe reprehenderit id.',6,'available','3.jpg',801,'2021-11-10 21:06:42','2021-11-10 21:06:42',NULL),(420,'qui','Ea sit et et optio quo et.',6,'unavailable','2.jpg',583,'2021-11-10 21:06:42','2021-11-10 21:06:42',NULL),(421,'quidem','Vitae error eaque doloremque sed aut. Autem non rerum est vero.',8,'unavailable','3.jpg',463,'2021-11-10 21:06:42','2021-11-10 21:06:42',NULL),(422,'commodi','Mollitia commodi aliquid ullam et. Harum quaerat recusandae illo praesentium suscipit.',5,'available','1.jpg',569,'2021-11-10 21:06:42','2021-11-10 21:06:42',NULL),(423,'at','Dolorem voluptate at molestias explicabo.',2,'available','1.jpg',955,'2021-11-10 21:06:42','2021-11-10 21:06:42',NULL),(424,'iure','Vitae quas sit sed praesentium fugit. Corporis non hic laudantium at reprehenderit et aut.',7,'available','1.jpg',367,'2021-11-10 21:06:42','2021-11-10 21:06:42',NULL),(425,'enim','Cumque nostrum aut est dolorem non illo. Est minus et explicabo.',4,'available','3.jpg',869,'2021-11-10 21:06:42','2021-11-10 21:06:42',NULL),(426,'voluptas','At eligendi deleniti mollitia. Nihil totam est illo alias velit eum.',3,'available','1.jpg',792,'2021-11-10 21:06:42','2021-11-10 21:06:42',NULL),(427,'quasi','Voluptates eius autem ratione nulla. Unde perferendis qui tempore illum voluptatum est consectetur.',3,'available','3.jpg',484,'2021-11-10 21:06:42','2021-11-10 21:06:42',NULL),(428,'placeat','Aliquid aut ut atque odio laborum.',9,'available','3.jpg',579,'2021-11-10 21:06:42','2021-11-10 21:06:42',NULL),(429,'sequi','Eum voluptatem illo magni esse cupiditate aspernatur ex.',2,'unavailable','3.jpg',388,'2021-11-10 21:06:42','2021-11-10 21:06:42',NULL),(430,'et','Rem cumque distinctio quisquam et et. Sapiente accusamus voluptatem doloremque voluptatem ducimus.',8,'available','3.jpg',521,'2021-11-10 21:06:42','2021-11-10 21:06:42',NULL),(431,'perferendis','Facere sint vel dolorem nobis. Sit doloribus corporis eum.',4,'available','2.jpg',454,'2021-11-10 21:06:42','2021-11-10 21:06:42',NULL),(432,'enim','Et aperiam voluptas beatae veritatis sequi animi accusamus.',3,'available','1.jpg',58,'2021-11-10 21:06:42','2021-11-10 21:06:42',NULL),(433,'aut','Hic saepe dicta eveniet. Debitis enim vel dolor omnis eaque.',3,'available','2.jpg',932,'2021-11-10 21:06:42','2021-11-10 21:06:42',NULL),(434,'nihil','Molestiae odio vel facere voluptatem.',2,'unavailable','3.jpg',998,'2021-11-10 21:06:42','2021-11-10 21:06:42',NULL),(435,'excepturi','Hic sed cupiditate id illum illum.',4,'available','1.jpg',189,'2021-11-10 21:06:42','2021-11-10 21:06:42',NULL),(436,'repellendus','Asperiores voluptatum eligendi et blanditiis asperiores temporibus iusto.',10,'unavailable','1.jpg',648,'2021-11-10 21:06:42','2021-11-10 21:06:42',NULL),(437,'eveniet','At et modi cupiditate dolorem est sed.',9,'available','2.jpg',944,'2021-11-10 21:06:42','2021-11-10 21:06:42',NULL),(438,'est','Recusandae aperiam vel reiciendis provident amet. Cupiditate hic voluptas quaerat aliquid.',5,'available','3.jpg',655,'2021-11-10 21:06:42','2021-11-10 21:06:42',NULL),(439,'et','Ullam aut nihil perspiciatis temporibus.',7,'unavailable','1.jpg',751,'2021-11-10 21:06:42','2021-11-10 21:06:42',NULL),(440,'fugiat','Accusantium praesentium animi id amet voluptatem fugiat doloribus. Molestiae repudiandae nihil dicta rerum commodi.',1,'available','3.jpg',742,'2021-11-10 21:06:42','2021-11-10 21:06:42',NULL),(441,'non','Ex consequatur quia ratione sit voluptatem. Iste dolor et maiores optio sequi.',10,'unavailable','3.jpg',621,'2021-11-10 21:06:42','2021-11-10 21:06:42',NULL),(442,'et','Recusandae qui doloremque fugit aliquam nemo omnis enim.',10,'available','1.jpg',191,'2021-11-10 21:06:42','2021-11-10 21:06:42',NULL),(443,'ea','Perferendis et excepturi adipisci pariatur dolores rem reprehenderit.',8,'unavailable','3.jpg',34,'2021-11-10 21:06:42','2021-11-10 21:06:42',NULL),(444,'nesciunt','Necessitatibus nobis laudantium ducimus aliquam voluptate rerum commodi. Laudantium nisi et ratione velit.',8,'unavailable','2.jpg',321,'2021-11-10 21:06:42','2021-11-10 21:06:42',NULL),(445,'fugit','Ratione fuga doloribus recusandae aliquid velit delectus aut.',4,'unavailable','1.jpg',658,'2021-11-10 21:06:42','2021-11-10 21:06:42',NULL),(446,'beatae','Beatae omnis saepe rem vel molestiae eaque optio.',5,'unavailable','2.jpg',123,'2021-11-10 21:06:42','2021-11-10 21:06:42',NULL),(447,'maiores','Aliquid culpa nihil velit optio quia. Vero inventore officiis quisquam.',2,'unavailable','1.jpg',347,'2021-11-10 21:06:42','2021-11-10 21:06:42',NULL),(448,'quisquam','Perferendis quae aliquam vero explicabo. Tempora asperiores vel fuga cum neque.',8,'unavailable','3.jpg',821,'2021-11-10 21:06:42','2021-11-10 21:06:42',NULL),(449,'rerum','Harum et deleniti repellat et enim similique vero. Molestiae quaerat architecto quo non quis quod.',6,'available','3.jpg',264,'2021-11-10 21:06:42','2021-11-10 21:06:42',NULL),(450,'eum','Aut provident debitis earum quaerat quod quis error. Autem ea et ad voluptatem adipisci qui sit et.',4,'unavailable','1.jpg',700,'2021-11-10 21:06:42','2021-11-10 21:06:42',NULL),(451,'autem','Ut quo id assumenda.',4,'unavailable','3.jpg',583,'2021-11-10 21:06:42','2021-11-10 21:06:42',NULL),(452,'voluptatum','Repudiandae dolor ut dolorem voluptatem hic quam eligendi. Id et eum deserunt error minus.',2,'unavailable','2.jpg',351,'2021-11-10 21:06:42','2021-11-10 21:06:42',NULL),(453,'sed','Est est deserunt ipsa ipsa.',10,'available','2.jpg',420,'2021-11-10 21:06:42','2021-11-10 21:06:42',NULL),(454,'qui','Beatae amet id et sint dolorem ad recusandae. Omnis itaque et molestias tenetur consequatur ducimus veritatis.',8,'unavailable','2.jpg',117,'2021-11-10 21:06:42','2021-11-10 21:06:42',NULL),(455,'tempora','Repellendus laudantium esse dolor laudantium qui cumque adipisci.',10,'unavailable','3.jpg',280,'2021-11-10 21:06:42','2021-11-10 21:06:42',NULL),(456,'aut','Sed libero veniam et nihil provident eum itaque.',3,'unavailable','1.jpg',789,'2021-11-10 21:06:42','2021-11-10 21:06:42',NULL),(457,'ut','Voluptatem commodi ut minus excepturi rerum.',3,'available','1.jpg',682,'2021-11-10 21:06:42','2021-11-10 21:06:42',NULL),(458,'dolores','Ab magnam blanditiis cupiditate voluptatem dolor omnis non.',10,'unavailable','3.jpg',403,'2021-11-10 21:06:42','2021-11-10 21:06:42',NULL),(459,'dolor','Dolorem quo laborum occaecati. Necessitatibus consectetur et nobis reprehenderit deleniti vel.',8,'unavailable','1.jpg',374,'2021-11-10 21:06:42','2021-11-10 21:06:42',NULL),(460,'repudiandae','Explicabo non corrupti natus aperiam nulla minima neque dolore.',4,'unavailable','2.jpg',617,'2021-11-10 21:06:42','2021-11-10 21:06:42',NULL),(461,'repudiandae','Rerum eaque laborum atque incidunt.',6,'unavailable','1.jpg',504,'2021-11-10 21:06:42','2021-11-10 21:06:42',NULL),(462,'et','Dignissimos molestiae reiciendis non voluptatibus cupiditate. Exercitationem doloremque enim sit dolorem voluptatem qui et.',2,'available','2.jpg',338,'2021-11-10 21:06:42','2021-11-10 21:06:42',NULL),(463,'porro','Atque accusamus quisquam commodi ut. Ut praesentium sapiente doloribus velit.',3,'available','3.jpg',154,'2021-11-10 21:06:42','2021-11-10 21:06:42',NULL),(464,'placeat','Quis eligendi quos quo voluptates.',3,'available','2.jpg',848,'2021-11-10 21:06:42','2021-11-10 21:06:42',NULL),(465,'suscipit','Fuga itaque id quo et rerum qui. Cum cum earum repudiandae et ut est sunt.',9,'unavailable','2.jpg',49,'2021-11-10 21:06:42','2021-11-10 21:06:42',NULL),(466,'deserunt','Fugiat fuga optio quia reprehenderit natus ut.',4,'unavailable','3.jpg',19,'2021-11-10 21:06:42','2021-11-10 21:06:42',NULL),(467,'sint','Voluptatem libero eaque tempora. Et ut aspernatur minus nihil voluptatem dolores voluptas.',3,'available','1.jpg',366,'2021-11-10 21:06:42','2021-11-10 21:06:42',NULL),(468,'non','Dolores corrupti et qui nesciunt eum molestiae vero. A delectus culpa itaque quo.',6,'unavailable','2.jpg',815,'2021-11-10 21:06:42','2021-11-10 21:06:42',NULL),(469,'iste','Alias consequatur quia quod architecto.',4,'unavailable','2.jpg',969,'2021-11-10 21:06:42','2021-11-10 21:06:42',NULL),(470,'est','Recusandae pariatur ipsa expedita unde quasi aspernatur consectetur.',2,'unavailable','3.jpg',520,'2021-11-10 21:06:42','2021-11-10 21:06:42',NULL),(471,'mollitia','Culpa libero nisi officiis similique est.',2,'available','1.jpg',134,'2021-11-10 21:06:42','2021-11-10 21:06:42',NULL),(472,'voluptas','Magni consequatur eos est ratione incidunt et optio. Et nobis sequi sapiente et quod velit.',4,'unavailable','1.jpg',751,'2021-11-10 21:06:42','2021-11-10 21:06:42',NULL),(473,'non','Ut nihil voluptate laboriosam illo vel odit consequatur. In eveniet recusandae deserunt molestiae placeat eum ab quia.',7,'unavailable','2.jpg',583,'2021-11-10 21:06:42','2021-11-10 21:06:42',NULL),(474,'consequatur','Voluptate fuga in et id aperiam. Id asperiores natus veritatis consequatur autem culpa.',8,'available','1.jpg',679,'2021-11-10 21:06:42','2021-11-10 21:06:42',NULL),(475,'officiis','Adipisci quia enim porro dolorem. Maxime ut tempore excepturi et dolores dolorem quisquam ullam.',5,'available','1.jpg',606,'2021-11-10 21:06:42','2021-11-10 21:06:42',NULL),(476,'omnis','Ex et illum quibusdam culpa harum culpa.',8,'unavailable','3.jpg',257,'2021-11-10 21:06:42','2021-11-10 21:06:42',NULL),(477,'aliquam','Porro illum pariatur qui qui blanditiis. Nulla autem earum quo quas rerum suscipit ea non.',9,'unavailable','2.jpg',1000,'2021-11-10 21:06:42','2021-11-10 21:06:42',NULL),(478,'omnis','Et omnis tempore et nostrum et. Aut quisquam accusamus fugit ipsum.',3,'available','1.jpg',488,'2021-11-10 21:06:42','2021-11-10 21:06:42',NULL),(479,'eius','Odit asperiores reiciendis magnam consequatur.',3,'unavailable','2.jpg',211,'2021-11-10 21:06:42','2021-11-10 21:06:42',NULL),(480,'tempora','Harum sint perferendis perspiciatis in suscipit.',8,'unavailable','1.jpg',578,'2021-11-10 21:06:42','2021-11-10 21:06:42',NULL),(481,'reprehenderit','Corporis commodi eum aut rerum fuga. Officiis cumque laudantium rerum beatae.',8,'unavailable','3.jpg',764,'2021-11-10 21:06:42','2021-11-10 21:06:42',NULL),(482,'exercitationem','Nihil voluptatem eius laboriosam corporis explicabo possimus.',10,'available','3.jpg',43,'2021-11-10 21:06:42','2021-11-10 21:06:42',NULL),(483,'eveniet','Odit repellat deleniti et minima tempore est quam. Non at ad rerum deleniti eos.',3,'available','1.jpg',631,'2021-11-10 21:06:42','2021-11-10 21:06:42',NULL),(484,'quos','Maxime reprehenderit architecto aut.',8,'available','3.jpg',273,'2021-11-10 21:06:42','2021-11-10 21:06:42',NULL),(485,'iste','Voluptatem consequatur eligendi suscipit voluptate ut sint.',7,'available','3.jpg',82,'2021-11-10 21:06:42','2021-11-10 21:06:42',NULL),(486,'vel','Molestias qui nemo suscipit qui quo recusandae possimus et. Distinctio repellendus totam nihil vero atque.',10,'available','3.jpg',936,'2021-11-10 21:06:42','2021-11-10 21:06:42',NULL),(487,'ullam','Dolor excepturi et maiores commodi. Et sunt velit cupiditate.',8,'unavailable','3.jpg',245,'2021-11-10 21:06:42','2021-11-10 21:06:42',NULL),(488,'non','Maiores eligendi alias quia harum sunt. Magni enim qui accusantium consequatur dolor autem.',6,'available','3.jpg',869,'2021-11-10 21:06:42','2021-11-10 21:06:42',NULL),(489,'quisquam','Blanditiis qui qui laboriosam quidem. Non reiciendis tempore totam et aut rerum est.',1,'unavailable','2.jpg',418,'2021-11-10 21:06:42','2021-11-10 21:06:42',NULL),(490,'minima','Quae necessitatibus est ipsam id.',3,'unavailable','2.jpg',217,'2021-11-10 21:06:42','2021-11-10 21:06:42',NULL),(491,'unde','Sit est voluptatibus minus ut delectus quo perferendis.',2,'unavailable','3.jpg',575,'2021-11-10 21:06:42','2021-11-10 21:06:42',NULL),(492,'aliquam','Dicta delectus atque assumenda iusto incidunt nesciunt dolor.',9,'unavailable','1.jpg',836,'2021-11-10 21:06:42','2021-11-10 21:06:42',NULL),(493,'omnis','Blanditiis officiis mollitia iusto.',6,'available','1.jpg',377,'2021-11-10 21:06:42','2021-11-10 21:06:42',NULL),(494,'inventore','Et voluptas aspernatur et unde soluta fugit autem. Asperiores recusandae repudiandae cum enim possimus.',8,'unavailable','1.jpg',525,'2021-11-10 21:06:42','2021-11-10 21:06:42',NULL),(495,'sed','Adipisci et est at vero tempora. Ullam omnis laborum molestias quis sed voluptatum.',3,'available','2.jpg',972,'2021-11-10 21:06:42','2021-11-10 21:06:42',NULL),(496,'pariatur','Animi deserunt corporis dolorem eligendi.',9,'unavailable','1.jpg',956,'2021-11-10 21:06:42','2021-11-10 21:06:42',NULL),(497,'quibusdam','Id qui et veniam impedit quisquam. Veritatis eaque neque alias.',1,'available','1.jpg',88,'2021-11-10 21:06:42','2021-11-10 21:06:42',NULL),(498,'sint','Molestiae et odio et beatae impedit dolor et. Dolore nostrum ipsum suscipit dolores.',6,'unavailable','1.jpg',729,'2021-11-10 21:06:42','2021-11-10 21:06:42',NULL),(499,'minus','Voluptatem quasi soluta porro vel. Eius enim sit mollitia illum qui.',6,'available','2.jpg',633,'2021-11-10 21:06:42','2021-11-10 21:06:42',NULL),(500,'explicabo','Impedit facilis quia esse accusantium dolorem eum.',7,'unavailable','3.jpg',884,'2021-11-10 21:06:42','2021-11-10 21:06:42',NULL),(501,'libero','Corporis eos itaque officia harum. Debitis cumque necessitatibus quod ad vero.',4,'unavailable','2.jpg',707,'2021-11-10 21:06:42','2021-11-10 21:06:42',NULL),(502,'quas','Ut aspernatur qui dolor ut.',10,'unavailable','2.jpg',670,'2021-11-10 21:06:42','2021-11-10 21:06:42',NULL),(503,'unde','In blanditiis dolorem libero illum quaerat at ut. Optio eveniet minus quo id aperiam repudiandae.',3,'unavailable','3.jpg',964,'2021-11-10 21:06:42','2021-11-10 21:06:42',NULL),(504,'et','Minima quam nostrum ab suscipit fuga quaerat fugiat. Ipsum voluptatem dolorum dolorem nisi ipsum.',3,'unavailable','3.jpg',407,'2021-11-10 21:06:42','2021-11-10 21:06:42',NULL),(505,'porro','Ut debitis sit dolore placeat.',3,'available','1.jpg',750,'2021-11-10 21:06:42','2021-11-10 21:06:42',NULL),(506,'consequatur','Nostrum voluptates quae ea recusandae sed.',5,'available','2.jpg',833,'2021-11-10 21:06:42','2021-11-10 21:06:42',NULL),(507,'quasi','Harum sint provident reprehenderit consequatur repellendus illo dolores.',9,'unavailable','1.jpg',818,'2021-11-10 21:06:42','2021-11-10 21:06:42',NULL),(508,'vitae','Similique tenetur id inventore voluptas. Fugiat inventore facere ipsam modi enim.',5,'available','2.jpg',937,'2021-11-10 21:06:42','2021-11-10 21:06:42',NULL),(509,'voluptatem','Et perspiciatis porro cum. Modi aperiam et dolores omnis esse.',1,'available','3.jpg',813,'2021-11-10 21:06:42','2021-11-10 21:06:42',NULL),(510,'quas','Velit quas autem nam esse ab. Sunt voluptatibus sed aliquid dolores dolor ipsam voluptatem.',2,'unavailable','3.jpg',120,'2021-11-10 21:06:42','2021-11-10 21:06:42',NULL),(511,'non','Illo expedita nihil doloribus vel et nulla iste.',10,'unavailable','2.jpg',665,'2021-11-10 21:06:42','2021-11-10 21:06:42',NULL),(512,'qui','Nemo at vitae et laborum. Rerum pariatur voluptate ut.',5,'available','2.jpg',972,'2021-11-10 21:06:42','2021-11-10 21:06:42',NULL),(513,'aut','Ut facere pariatur blanditiis aut.',3,'available','3.jpg',598,'2021-11-10 21:06:42','2021-11-10 21:06:42',NULL),(514,'nisi','Debitis illum porro quia fugit.',6,'unavailable','2.jpg',805,'2021-11-10 21:06:42','2021-11-10 21:06:42',NULL),(515,'et','Sunt dicta quae voluptatem quasi exercitationem nihil sapiente mollitia.',3,'available','1.jpg',380,'2021-11-10 21:06:42','2021-11-10 21:06:42',NULL),(516,'aut','Consectetur amet maxime aliquam sed sint sint cumque. Accusamus voluptas eum est perferendis est qui neque.',8,'available','2.jpg',718,'2021-11-10 21:06:42','2021-11-10 21:06:42',NULL),(517,'saepe','Inventore sapiente veniam ullam voluptatibus.',2,'unavailable','1.jpg',934,'2021-11-10 21:06:42','2021-11-10 21:06:42',NULL),(518,'et','Odit cum officia sit qui repudiandae fugit.',3,'available','1.jpg',292,'2021-11-10 21:06:42','2021-11-10 21:06:42',NULL),(519,'minima','Accusamus in sit rem minus vel numquam.',2,'available','2.jpg',444,'2021-11-10 21:06:42','2021-11-10 21:06:42',NULL),(520,'ut','Consequatur velit minus sed possimus itaque quisquam. Et minus eum quis incidunt voluptatem.',5,'unavailable','3.jpg',213,'2021-11-10 21:06:42','2021-11-10 21:06:42',NULL),(521,'tempora','Numquam possimus omnis ipsam aut. Vel quasi quam quo rem.',4,'unavailable','3.jpg',505,'2021-11-10 21:06:42','2021-11-10 21:06:42',NULL),(522,'similique','Maiores incidunt cupiditate iste et atque.',3,'available','2.jpg',371,'2021-11-10 21:06:42','2021-11-10 21:06:42',NULL),(523,'enim','Commodi voluptatem architecto consequatur inventore iusto magni ut laborum.',1,'unavailable','2.jpg',939,'2021-11-10 21:06:42','2021-11-10 21:06:42',NULL),(524,'excepturi','Architecto qui quia quo consequatur facere. Ut et excepturi consequatur aut non est totam laudantium.',6,'unavailable','1.jpg',489,'2021-11-10 21:06:42','2021-11-10 21:06:42',NULL),(525,'consequatur','Vel est est earum molestiae.',3,'available','2.jpg',331,'2021-11-10 21:06:42','2021-11-10 21:06:42',NULL),(526,'sed','Ullam eum est ad reiciendis.',3,'available','3.jpg',585,'2021-11-10 21:06:42','2021-11-10 21:06:42',NULL),(527,'et','Provident laborum distinctio aut aspernatur voluptas repudiandae quo.',4,'available','3.jpg',183,'2021-11-10 21:06:42','2021-11-10 21:06:42',NULL),(528,'veniam','Et autem voluptatem beatae.',10,'unavailable','3.jpg',553,'2021-11-10 21:06:42','2021-11-10 21:06:42',NULL),(529,'eum','Omnis ad earum consequuntur sunt quis velit dolore. Et debitis placeat numquam ullam non laborum facere.',1,'unavailable','3.jpg',307,'2021-11-10 21:06:42','2021-11-10 21:06:42',NULL),(530,'et','Ea consequatur laboriosam natus dignissimos consectetur nihil.',3,'available','2.jpg',646,'2021-11-10 21:06:42','2021-11-10 21:06:42',NULL),(531,'omnis','Voluptate perferendis magnam optio blanditiis.',4,'available','1.jpg',870,'2021-11-10 21:06:42','2021-11-10 21:06:42',NULL),(532,'voluptatem','Dolorem alias pariatur unde voluptas rerum. Perspiciatis corrupti harum sed nulla.',5,'available','1.jpg',3,'2021-11-10 21:06:42','2021-11-10 21:06:42',NULL),(533,'aliquid','Minus facilis eveniet non inventore. Nemo ducimus cumque corrupti.',2,'unavailable','3.jpg',246,'2021-11-10 21:06:42','2021-11-10 21:06:42',NULL),(534,'eius','Aut nobis placeat nam perspiciatis. Qui ipsum dolor sequi.',6,'available','3.jpg',387,'2021-11-10 21:06:42','2021-11-10 21:06:42',NULL),(535,'veritatis','Vero dolores alias qui numquam dolore.',2,'unavailable','1.jpg',681,'2021-11-10 21:06:42','2021-11-10 21:06:42',NULL),(536,'voluptatibus','Omnis dolore molestiae ut quisquam pariatur ut.',3,'unavailable','1.jpg',991,'2021-11-10 21:06:42','2021-11-10 21:06:42',NULL),(537,'optio','Fuga dolorem nostrum sunt officiis dolores et. Quia voluptas voluptas ut ad et est omnis.',6,'available','2.jpg',381,'2021-11-10 21:06:42','2021-11-10 21:06:42',NULL),(538,'in','Dolores reiciendis ut soluta est hic enim excepturi.',8,'unavailable','1.jpg',248,'2021-11-10 21:06:42','2021-11-10 21:06:42',NULL),(539,'sint','Exercitationem aut rerum in neque qui sit sit. Molestiae saepe non facilis eos nobis.',8,'available','2.jpg',511,'2021-11-10 21:06:42','2021-11-10 21:06:42',NULL),(540,'hic','Quas delectus impedit explicabo similique iste dolorem. Suscipit unde dicta vero maxime accusamus magni.',4,'unavailable','3.jpg',721,'2021-11-10 21:06:42','2021-11-10 21:06:42',NULL),(541,'eius','Distinctio in quod temporibus ducimus qui earum harum. Sint eum ut qui deserunt eveniet ratione dolorum.',8,'unavailable','2.jpg',202,'2021-11-10 21:06:42','2021-11-10 21:06:42',NULL),(542,'sit','Optio vitae ea et illo et sapiente a.',3,'available','2.jpg',156,'2021-11-10 21:06:42','2021-11-10 21:06:42',NULL),(543,'id','Unde est quis harum aut non ad ut quaerat.',7,'available','3.jpg',406,'2021-11-10 21:06:42','2021-11-10 21:06:42',NULL),(544,'corrupti','Quae id repellendus nulla reiciendis. Dolorum perspiciatis assumenda aut eligendi autem voluptatem.',9,'unavailable','2.jpg',388,'2021-11-10 21:06:42','2021-11-10 21:06:42',NULL),(545,'accusamus','Id id et magni aperiam quis ipsum.',3,'unavailable','2.jpg',267,'2021-11-10 21:06:42','2021-11-10 21:06:42',NULL),(546,'necessitatibus','Sint sed inventore quas reiciendis eveniet quae. Architecto ipsa error beatae officia velit.',8,'available','1.jpg',922,'2021-11-10 21:06:42','2021-11-10 21:06:42',NULL),(547,'et','Voluptate labore quaerat impedit nulla dolorem consequatur.',7,'available','1.jpg',838,'2021-11-10 21:06:42','2021-11-10 21:06:42',NULL),(548,'quis','Ullam voluptas ex quidem facilis nulla.',5,'available','3.jpg',845,'2021-11-10 21:06:42','2021-11-10 21:06:42',NULL),(549,'perspiciatis','Ullam deleniti aspernatur perspiciatis.',9,'unavailable','3.jpg',152,'2021-11-10 21:06:42','2021-11-10 21:06:42',NULL),(550,'ipsum','Hic reprehenderit eveniet ut quidem.',5,'available','3.jpg',499,'2021-11-10 21:06:42','2021-11-10 21:06:42',NULL),(551,'voluptas','Quas amet vel consequuntur non sunt.',4,'unavailable','1.jpg',409,'2021-11-10 21:06:42','2021-11-10 21:06:42',NULL),(552,'rem','Voluptatem expedita dolor aut est aut ut aut.',7,'unavailable','3.jpg',820,'2021-11-10 21:06:42','2021-11-10 21:06:42',NULL),(553,'officiis','Delectus nam similique pariatur omnis in voluptatum. Eos nam id est porro vero ex sit.',3,'unavailable','2.jpg',24,'2021-11-10 21:06:42','2021-11-10 21:06:42',NULL),(554,'pariatur','Et consequatur quis nostrum. Id maiores quisquam dolor tempora molestias omnis odio.',2,'available','1.jpg',926,'2021-11-10 21:06:42','2021-11-10 21:06:42',NULL),(555,'enim','Et et rerum aut velit sed ea et.',9,'available','1.jpg',117,'2021-11-10 21:06:42','2021-11-10 21:06:42',NULL),(556,'illo','Perspiciatis velit omnis ipsum officia at.',10,'unavailable','1.jpg',255,'2021-11-10 21:06:42','2021-11-10 21:06:42',NULL),(557,'eos','Est atque aliquid dolor et reprehenderit dolorem.',4,'available','2.jpg',313,'2021-11-10 21:06:42','2021-11-10 21:06:42',NULL),(558,'nulla','Aperiam enim tempore hic voluptatibus quo excepturi ut.',4,'available','3.jpg',540,'2021-11-10 21:06:42','2021-11-10 21:06:42',NULL),(559,'veritatis','Magni blanditiis dignissimos aut similique dolorum alias. Consectetur adipisci amet facilis et.',4,'available','1.jpg',600,'2021-11-10 21:06:42','2021-11-10 21:06:42',NULL),(560,'iste','Error hic tempore officia. Suscipit nemo est asperiores facilis qui.',6,'unavailable','1.jpg',303,'2021-11-10 21:06:42','2021-11-10 21:06:42',NULL),(561,'perferendis','Temporibus sunt dignissimos beatae.',1,'unavailable','1.jpg',207,'2021-11-10 21:06:42','2021-11-10 21:06:42',NULL),(562,'dolorem','Quod sit laboriosam sint omnis.',9,'available','3.jpg',276,'2021-11-10 21:06:42','2021-11-10 21:06:42',NULL),(563,'consequatur','Eos reprehenderit unde possimus deserunt consequatur earum quas eveniet. Quis enim non provident velit quia iure praesentium.',1,'unavailable','2.jpg',951,'2021-11-10 21:06:42','2021-11-10 21:06:42',NULL),(564,'facere','Accusantium est ipsam dolores aut modi facilis. Quae qui est voluptatibus aut rem.',2,'unavailable','2.jpg',915,'2021-11-10 21:06:42','2021-11-10 21:06:42',NULL),(565,'eum','Sunt provident soluta delectus beatae dolor.',5,'available','2.jpg',775,'2021-11-10 21:06:42','2021-11-10 21:06:42',NULL),(566,'velit','Ab harum voluptatum voluptatem quo. Suscipit nam autem commodi nemo quo iste commodi.',4,'available','2.jpg',541,'2021-11-10 21:06:42','2021-11-10 21:06:42',NULL),(567,'voluptatem','Quas quo beatae ea eius necessitatibus possimus.',7,'unavailable','3.jpg',496,'2021-11-10 21:06:42','2021-11-10 21:06:42',NULL),(568,'maxime','Minus temporibus ad placeat ut temporibus amet autem.',10,'unavailable','2.jpg',915,'2021-11-10 21:06:42','2021-11-10 21:06:42',NULL),(569,'deserunt','Reprehenderit similique voluptatem est nostrum dignissimos.',9,'available','3.jpg',681,'2021-11-10 21:06:42','2021-11-10 21:06:42',NULL),(570,'cum','Numquam numquam aliquam modi.',6,'available','1.jpg',515,'2021-11-10 21:06:42','2021-11-10 21:06:42',NULL),(571,'autem','Consequatur unde consequatur officiis reiciendis veniam. Excepturi et id earum itaque fugiat.',1,'unavailable','2.jpg',502,'2021-11-10 21:06:42','2021-11-10 21:06:42',NULL),(572,'temporibus','Atque similique vel magni qui eum.',5,'unavailable','1.jpg',595,'2021-11-10 21:06:42','2021-11-10 21:06:42',NULL),(573,'quae','Quae amet nam ratione odit dolorem.',10,'available','1.jpg',227,'2021-11-10 21:06:42','2021-11-10 21:06:42',NULL),(574,'repellat','Voluptas rerum reiciendis ut omnis a quos. Deserunt impedit eaque qui minus facere ea consequatur.',3,'unavailable','1.jpg',55,'2021-11-10 21:06:42','2021-11-10 21:06:42',NULL),(575,'et','Voluptates odio consequatur et quia aut. Dolorum ut ipsa qui cum.',4,'unavailable','3.jpg',722,'2021-11-10 21:06:42','2021-11-10 21:06:42',NULL),(576,'et','Ea molestias aut sed autem sapiente dolor ipsa quod.',4,'unavailable','3.jpg',265,'2021-11-10 21:06:42','2021-11-10 21:06:42',NULL),(577,'repellat','Provident molestiae voluptas voluptatibus et odio. Adipisci autem neque voluptatem et et.',4,'unavailable','1.jpg',567,'2021-11-10 21:06:42','2021-11-10 21:06:42',NULL),(578,'eum','Quos omnis dolorem laboriosam eius mollitia.',5,'unavailable','1.jpg',668,'2021-11-10 21:06:42','2021-11-10 21:06:42',NULL),(579,'consequatur','Pariatur consequatur quo maiores impedit quia minima.',8,'unavailable','1.jpg',390,'2021-11-10 21:06:42','2021-11-10 21:06:42',NULL),(580,'nemo','Iure veritatis eum ipsam laudantium. Rerum culpa quis fugit et fuga doloremque non qui.',1,'unavailable','3.jpg',520,'2021-11-10 21:06:42','2021-11-10 21:06:42',NULL),(581,'deleniti','Laboriosam est doloribus est dolorem aut. Labore excepturi omnis ea.',5,'unavailable','3.jpg',357,'2021-11-10 21:06:42','2021-11-10 21:06:42',NULL),(582,'sunt','Molestias minima quae et. Itaque animi est sunt magnam.',3,'unavailable','2.jpg',302,'2021-11-10 21:06:42','2021-11-10 21:06:42',NULL),(583,'impedit','In deserunt nulla aut omnis ut explicabo ut.',6,'unavailable','1.jpg',443,'2021-11-10 21:06:42','2021-11-10 21:06:42',NULL),(584,'sit','Nihil qui aut consectetur eum sit incidunt.',6,'available','2.jpg',440,'2021-11-10 21:06:42','2021-11-10 21:06:42',NULL),(585,'voluptatem','Eligendi error reiciendis aut nostrum qui voluptatem. Quasi vero sit tempore et voluptatem dolorum similique velit.',1,'unavailable','2.jpg',383,'2021-11-10 21:06:42','2021-11-10 21:06:42',NULL),(586,'rerum','Et sint voluptatem modi quaerat libero necessitatibus debitis qui. Omnis quaerat quod debitis.',2,'unavailable','3.jpg',491,'2021-11-10 21:06:42','2021-11-10 21:06:42',NULL),(587,'sit','Hic qui vel voluptas aut sint eum saepe.',8,'unavailable','1.jpg',265,'2021-11-10 21:06:42','2021-11-10 21:06:42',NULL),(588,'error','Animi aut autem labore dolor qui ipsa. Expedita non consectetur similique qui consequatur explicabo non.',6,'available','2.jpg',987,'2021-11-10 21:06:42','2021-11-10 21:06:42',NULL),(589,'veritatis','Amet quis dolorem et tempore ea esse.',7,'unavailable','2.jpg',386,'2021-11-10 21:06:42','2021-11-10 21:06:42',NULL),(590,'aut','Voluptatem et vel placeat eligendi saepe necessitatibus. Cupiditate repellat ex id qui iure aut ipsam.',6,'unavailable','1.jpg',228,'2021-11-10 21:06:42','2021-11-10 21:06:42',NULL),(591,'doloribus','Quibusdam est ducimus perspiciatis quo.',6,'available','1.jpg',760,'2021-11-10 21:06:42','2021-11-10 21:06:42',NULL),(592,'mollitia','Quis quam quis molestiae iste. Laboriosam qui fuga autem dicta est sit.',9,'unavailable','1.jpg',746,'2021-11-10 21:06:42','2021-11-10 21:06:42',NULL),(593,'molestias','Incidunt reprehenderit illum est. Id cum id corrupti distinctio aliquam dolorum.',4,'available','3.jpg',880,'2021-11-10 21:06:42','2021-11-10 21:06:42',NULL),(594,'nesciunt','Nam id assumenda omnis et cumque libero possimus.',5,'unavailable','1.jpg',476,'2021-11-10 21:06:42','2021-11-10 21:06:42',NULL),(595,'cupiditate','Dolorum repellat quasi unde quis quas dolores possimus. Magni et velit eaque quae corporis ex.',8,'unavailable','3.jpg',27,'2021-11-10 21:06:42','2021-11-10 21:06:42',NULL),(596,'voluptatum','Et consequatur quia consequuntur ad.',8,'unavailable','3.jpg',979,'2021-11-10 21:06:42','2021-11-10 21:06:42',NULL),(597,'sunt','Iure aut libero iure molestias voluptates facere. Et eos quos voluptas et.',7,'available','1.jpg',314,'2021-11-10 21:06:42','2021-11-10 21:06:42',NULL),(598,'quaerat','Culpa omnis aut sed dolor tempore nam.',7,'unavailable','3.jpg',207,'2021-11-10 21:06:42','2021-11-10 21:06:42',NULL),(599,'sequi','Saepe non ab voluptas ut. Aut omnis velit voluptatum quidem nihil.',7,'available','2.jpg',593,'2021-11-10 21:06:42','2021-11-10 21:06:42',NULL),(600,'quaerat','Nihil minus quam vero ut dolore. Non aut eligendi qui consequatur placeat iste aut eum.',7,'unavailable','3.jpg',111,'2021-11-10 21:06:42','2021-11-10 21:06:42',NULL),(601,'est','Velit voluptatum provident officia repellat libero corporis eos eius.',10,'available','2.jpg',687,'2021-11-10 21:06:42','2021-11-10 21:06:42',NULL),(602,'commodi','Modi itaque odio corporis dolores laudantium. Ipsum suscipit voluptatem laborum autem libero quae ab.',10,'available','1.jpg',322,'2021-11-10 21:06:42','2021-11-10 21:06:42',NULL),(603,'ut','Aut sint non voluptatem dolorem.',7,'available','3.jpg',656,'2021-11-10 21:06:42','2021-11-10 21:06:42',NULL),(604,'dignissimos','Autem deleniti dolores quasi ut quas quis dolor.',5,'unavailable','1.jpg',589,'2021-11-10 21:06:42','2021-11-10 21:06:42',NULL),(605,'mollitia','Dolore et nisi sit quidem amet eius ea. Harum aut et fugit dolor.',5,'available','1.jpg',618,'2021-11-10 21:06:42','2021-11-10 21:06:42',NULL),(606,'architecto','Et fugit laudantium asperiores rerum beatae necessitatibus totam possimus.',2,'available','3.jpg',919,'2021-11-10 21:06:42','2021-11-10 21:06:42',NULL),(607,'fuga','Soluta ipsa nihil vero sit velit ea. Excepturi reprehenderit temporibus deserunt autem ut esse officiis.',7,'available','1.jpg',496,'2021-11-10 21:06:42','2021-11-10 21:06:42',NULL),(608,'nobis','A voluptates ipsam libero nulla laborum nulla non possimus.',8,'unavailable','3.jpg',850,'2021-11-10 21:06:42','2021-11-10 21:06:42',NULL),(609,'illo','Ipsam unde nisi beatae totam culpa voluptate. Nemo inventore sequi minus sit.',6,'available','3.jpg',608,'2021-11-10 21:06:42','2021-11-10 21:06:42',NULL),(610,'veniam','Laboriosam placeat vero et quae ut. Officiis non qui quia voluptas maiores necessitatibus.',7,'available','1.jpg',826,'2021-11-10 21:06:42','2021-11-10 21:06:42',NULL),(611,'molestiae','Et quia et natus eos soluta. Et at excepturi excepturi et consequatur occaecati error.',9,'unavailable','2.jpg',786,'2021-11-10 21:06:42','2021-11-10 21:06:42',NULL),(612,'eos','Minus sunt in dolorem iure. Et velit iusto ducimus rerum quidem assumenda.',7,'unavailable','2.jpg',503,'2021-11-10 21:06:42','2021-11-10 21:06:42',NULL),(613,'excepturi','Est eum quia atque.',5,'available','1.jpg',671,'2021-11-10 21:06:42','2021-11-10 21:06:42',NULL),(614,'et','Earum dolorem consequatur hic eum officia et non.',5,'unavailable','2.jpg',999,'2021-11-10 21:06:42','2021-11-10 21:06:42',NULL),(615,'cupiditate','Sunt dolores tempore suscipit sint. Veniam officia itaque harum quae ratione numquam ipsa illum.',3,'available','1.jpg',720,'2021-11-10 21:06:42','2021-11-10 21:06:42',NULL),(616,'est','Et qui tempore asperiores incidunt dolor veniam fugiat. Eaque totam iusto autem nemo voluptatem.',9,'available','2.jpg',78,'2021-11-10 21:06:42','2021-11-10 21:06:42',NULL),(617,'nisi','Dicta impedit numquam voluptatem dignissimos impedit omnis quis dolores.',2,'unavailable','2.jpg',619,'2021-11-10 21:06:42','2021-11-10 21:06:42',NULL),(618,'voluptatibus','Est aut quod ea debitis minima. Est harum eaque nostrum est.',4,'unavailable','2.jpg',996,'2021-11-10 21:06:42','2021-11-10 21:06:42',NULL),(619,'praesentium','Ipsa eveniet eum reiciendis qui pariatur aperiam. Reiciendis reiciendis in et corporis reprehenderit eos nihil sequi.',9,'unavailable','2.jpg',573,'2021-11-10 21:06:42','2021-11-10 21:06:42',NULL),(620,'possimus','Culpa itaque accusantium laborum reiciendis eveniet.',10,'unavailable','2.jpg',936,'2021-11-10 21:06:42','2021-11-10 21:06:42',NULL),(621,'et','Impedit eos perferendis fuga eius sed. Quo error maiores aut in repudiandae consequatur neque.',5,'available','2.jpg',855,'2021-11-10 21:06:42','2021-11-10 21:06:42',NULL),(622,'minima','Qui sequi officia impedit quidem id repellat omnis.',5,'available','1.jpg',963,'2021-11-10 21:06:42','2021-11-10 21:06:42',NULL),(623,'quo','At accusamus nobis iusto laudantium quos. Minus eum iste quia architecto.',3,'available','3.jpg',63,'2021-11-10 21:06:42','2021-11-10 21:06:42',NULL),(624,'voluptas','Praesentium tenetur et modi dolore dolorum provident autem fugit. Placeat incidunt enim unde perferendis sed magni sed iste.',2,'unavailable','1.jpg',40,'2021-11-10 21:06:42','2021-11-10 21:06:42',NULL),(625,'reiciendis','Illo sint ut natus ipsum id atque occaecati.',10,'unavailable','1.jpg',685,'2021-11-10 21:06:42','2021-11-10 21:06:42',NULL),(626,'minima','Recusandae voluptatem id dignissimos molestiae enim ut et.',2,'available','2.jpg',904,'2021-11-10 21:06:42','2021-11-10 21:06:42',NULL),(627,'facere','Eum ipsa laboriosam delectus nostrum et.',9,'unavailable','3.jpg',577,'2021-11-10 21:06:42','2021-11-10 21:06:42',NULL),(628,'laboriosam','Dolore magni sunt aperiam autem est corporis.',1,'available','1.jpg',673,'2021-11-10 21:06:43','2021-11-10 21:06:43',NULL),(629,'laboriosam','Dicta pariatur porro quae ratione eligendi.',7,'unavailable','3.jpg',729,'2021-11-10 21:06:43','2021-11-10 21:06:43',NULL),(630,'explicabo','Eos optio ex dolores laboriosam incidunt similique quia.',7,'available','3.jpg',753,'2021-11-10 21:06:43','2021-11-10 21:06:43',NULL),(631,'voluptates','Et sed quia et occaecati id.',10,'available','3.jpg',928,'2021-11-10 21:06:43','2021-11-10 21:06:43',NULL),(632,'suscipit','Quos dolore ex nesciunt similique voluptas non. Voluptas qui aperiam illum quo non quo vel.',6,'unavailable','2.jpg',579,'2021-11-10 21:06:43','2021-11-10 21:06:43',NULL),(633,'voluptatem','Rerum et commodi veniam illum expedita debitis modi.',8,'unavailable','2.jpg',455,'2021-11-10 21:06:43','2021-11-10 21:06:43',NULL),(634,'repudiandae','Pariatur est fugit voluptatem veritatis atque quas facere.',8,'unavailable','2.jpg',315,'2021-11-10 21:06:43','2021-11-10 21:06:43',NULL),(635,'placeat','Tempora et ut aut nihil. Delectus accusamus deserunt eum esse enim.',4,'available','2.jpg',54,'2021-11-10 21:06:43','2021-11-10 21:06:43',NULL),(636,'quia','Ratione deleniti qui voluptatem ipsa assumenda est velit officia. Nihil et officia dolorem.',6,'available','3.jpg',24,'2021-11-10 21:06:43','2021-11-10 21:06:43',NULL),(637,'tempore','Sint quidem ullam rerum eos est sed. Sunt magnam et nam at sapiente velit maiores.',2,'available','1.jpg',81,'2021-11-10 21:06:43','2021-11-10 21:06:43',NULL),(638,'voluptatem','Eum eligendi error similique amet qui. Vel rerum vel non blanditiis similique quibusdam ea.',10,'available','3.jpg',849,'2021-11-10 21:06:43','2021-11-10 21:06:43',NULL),(639,'accusantium','Consequatur ut consequatur quia et suscipit laborum voluptas. Qui consequuntur eaque ut qui sint libero.',3,'unavailable','1.jpg',862,'2021-11-10 21:06:43','2021-11-10 21:06:43',NULL),(640,'debitis','Nulla magnam eaque qui voluptatem nihil possimus dicta hic.',9,'available','2.jpg',920,'2021-11-10 21:06:43','2021-11-10 21:06:43',NULL),(641,'aut','Libero rerum vel modi aut quo odio inventore.',1,'available','2.jpg',533,'2021-11-10 21:06:43','2021-11-10 21:06:43',NULL),(642,'culpa','Quo quis dignissimos quam voluptatem suscipit id necessitatibus. Aperiam illum suscipit unde nostrum eos possimus eum.',9,'available','2.jpg',630,'2021-11-10 21:06:43','2021-11-10 21:06:43',NULL),(643,'quod','In accusantium cumque facere rerum consequatur et. Illum vel reiciendis eum reiciendis.',2,'available','2.jpg',432,'2021-11-10 21:06:43','2021-11-10 21:06:43',NULL),(644,'hic','Rerum dolorum at non nobis. Eos commodi autem fugiat itaque non provident.',10,'available','3.jpg',751,'2021-11-10 21:06:43','2021-11-10 21:06:43',NULL),(645,'nemo','Dignissimos nobis rem molestiae ipsam sunt. Nulla eum et non non molestiae.',3,'available','3.jpg',479,'2021-11-10 21:06:43','2021-11-10 21:06:43',NULL),(646,'non','Qui aliquam et ea sunt et sed laboriosam sit. Sequi minima aut et modi aut.',5,'unavailable','1.jpg',489,'2021-11-10 21:06:43','2021-11-10 21:06:43',NULL),(647,'necessitatibus','Sunt quae molestiae sit atque et maxime labore autem. Dicta qui tempora aut nihil.',9,'unavailable','1.jpg',744,'2021-11-10 21:06:43','2021-11-10 21:06:43',NULL),(648,'nihil','Quas perferendis aperiam maiores. Deserunt minus qui qui voluptas similique consequuntur.',10,'available','2.jpg',307,'2021-11-10 21:06:43','2021-11-10 21:06:43',NULL),(649,'ea','Odio illum voluptatem quo.',8,'unavailable','1.jpg',506,'2021-11-10 21:06:43','2021-11-10 21:06:43',NULL),(650,'unde','Beatae quia optio et qui enim qui ducimus at.',7,'unavailable','1.jpg',850,'2021-11-10 21:06:43','2021-11-10 21:06:43',NULL),(651,'eveniet','Dignissimos aperiam impedit dolorem dolorum fugiat laborum fugiat.',4,'unavailable','2.jpg',244,'2021-11-10 21:06:43','2021-11-10 21:06:43',NULL),(652,'fugit','Molestias sunt consequatur non rerum quo consectetur harum. Vel nemo eaque et iste tempore modi.',9,'unavailable','1.jpg',719,'2021-11-10 21:06:43','2021-11-10 21:06:43',NULL),(653,'quos','Modi nihil alias dolorum. Saepe ratione voluptatibus sit laborum.',7,'unavailable','3.jpg',257,'2021-11-10 21:06:43','2021-11-10 21:06:43',NULL),(654,'aspernatur','Earum dolor quos adipisci eius cupiditate cumque. Beatae corporis harum assumenda rerum quia ut.',5,'available','3.jpg',82,'2021-11-10 21:06:43','2021-11-10 21:06:43',NULL),(655,'eum','Est aut alias sed.',3,'unavailable','1.jpg',734,'2021-11-10 21:06:43','2021-11-10 21:06:43',NULL),(656,'maxime','Non consequuntur voluptas at possimus.',8,'available','3.jpg',368,'2021-11-10 21:06:43','2021-11-10 21:06:43',NULL),(657,'sapiente','Dolorem nihil corporis ratione nam. Odio qui fugiat similique amet.',10,'available','2.jpg',68,'2021-11-10 21:06:43','2021-11-10 21:06:43',NULL),(658,'odio','Maxime deserunt et voluptas esse voluptatem cum.',3,'unavailable','1.jpg',498,'2021-11-10 21:06:43','2021-11-10 21:06:43',NULL),(659,'et','Veritatis et quas reprehenderit at deserunt ab. Eum quos corporis odit sunt.',10,'unavailable','2.jpg',304,'2021-11-10 21:06:43','2021-11-10 21:06:43',NULL),(660,'est','Praesentium fugit debitis laborum quibusdam voluptate. Velit animi qui in magnam corporis porro fugiat.',9,'available','2.jpg',652,'2021-11-10 21:06:43','2021-11-10 21:06:43',NULL),(661,'consectetur','Sed quibusdam ad culpa laborum assumenda blanditiis.',2,'unavailable','3.jpg',902,'2021-11-10 21:06:43','2021-11-10 21:06:43',NULL),(662,'repellat','Ipsum quasi laudantium cum facere est sunt enim. Reiciendis ad vero aut ratione a.',8,'available','2.jpg',832,'2021-11-10 21:06:43','2021-11-10 21:06:43',NULL),(663,'voluptates','Amet explicabo repellendus non sint soluta atque. Cum doloribus quasi aut amet ullam doloribus et.',7,'available','3.jpg',242,'2021-11-10 21:06:43','2021-11-10 21:06:43',NULL),(664,'molestiae','Cupiditate molestias dolor nulla. Dolore quaerat omnis eum quo.',6,'unavailable','2.jpg',936,'2021-11-10 21:06:43','2021-11-10 21:06:43',NULL),(665,'in','Et temporibus qui libero neque quaerat dolorum architecto.',10,'available','2.jpg',275,'2021-11-10 21:06:43','2021-11-10 21:06:43',NULL),(666,'labore','Beatae ipsam consequuntur ipsum autem omnis culpa molestiae. Consequatur eos dolore quis similique.',2,'unavailable','1.jpg',66,'2021-11-10 21:06:43','2021-11-10 21:06:43',NULL),(667,'vel','Unde eius quisquam deserunt deserunt ex.',6,'available','3.jpg',735,'2021-11-10 21:06:43','2021-11-10 21:06:43',NULL),(668,'ab','Laudantium illum sed magnam dignissimos voluptatem.',2,'unavailable','2.jpg',852,'2021-11-10 21:06:43','2021-11-10 21:06:43',NULL),(669,'nam','Sint cupiditate occaecati ex possimus et.',3,'unavailable','2.jpg',6,'2021-11-10 21:06:43','2021-11-10 21:06:43',NULL),(670,'odit','Et rerum consectetur aspernatur sed quae rerum earum. Nihil enim excepturi deleniti quis aperiam incidunt.',4,'available','1.jpg',931,'2021-11-10 21:06:43','2021-11-10 21:06:43',NULL),(671,'molestiae','Tenetur molestiae qui officia tempora molestiae fugit.',4,'unavailable','2.jpg',209,'2021-11-10 21:06:43','2021-11-10 21:06:43',NULL),(672,'esse','Deserunt cum quia possimus ipsam fuga assumenda architecto.',1,'available','2.jpg',150,'2021-11-10 21:06:43','2021-11-10 21:06:43',NULL),(673,'voluptatem','Soluta perspiciatis voluptas nobis.',7,'available','2.jpg',550,'2021-11-10 21:06:43','2021-11-10 21:06:43',NULL),(674,'eum','Quod qui provident aliquam esse.',7,'unavailable','3.jpg',669,'2021-11-10 21:06:43','2021-11-10 21:06:43',NULL),(675,'consequatur','Non quas rem sapiente eligendi quia. Ratione totam quo voluptatibus recusandae delectus consequatur.',7,'unavailable','3.jpg',190,'2021-11-10 21:06:43','2021-11-10 21:06:43',NULL),(676,'ut','Ut est molestiae molestiae. Dolores sequi tempore ut corporis voluptas aliquam.',2,'unavailable','1.jpg',922,'2021-11-10 21:06:43','2021-11-10 21:06:43',NULL),(677,'dolorem','Harum aperiam aut quia repudiandae. Eveniet porro explicabo sapiente dignissimos pariatur eveniet facilis voluptas.',4,'unavailable','1.jpg',35,'2021-11-10 21:06:43','2021-11-10 21:06:43',NULL),(678,'molestiae','Incidunt dolorem dolorum in dignissimos officiis assumenda nihil. Mollitia doloremque alias libero provident est.',7,'unavailable','3.jpg',940,'2021-11-10 21:06:43','2021-11-10 21:06:43',NULL),(679,'et','Laudantium sapiente eos est id ipsam voluptatem.',10,'unavailable','3.jpg',219,'2021-11-10 21:06:43','2021-11-10 21:06:43',NULL),(680,'ut','Velit facere quia a quo et occaecati facilis aliquam. Quod expedita hic et molestias voluptatem.',2,'available','2.jpg',2,'2021-11-10 21:06:43','2021-11-10 21:06:43',NULL),(681,'dolorem','Nobis in nihil deserunt dolorum vitae. Nulla a quo nihil numquam sapiente accusamus.',6,'available','3.jpg',994,'2021-11-10 21:06:43','2021-11-10 21:06:43',NULL),(682,'assumenda','Nihil voluptatibus et vel qui nostrum eius.',8,'available','1.jpg',277,'2021-11-10 21:06:43','2021-11-10 21:06:43',NULL),(683,'et','Qui facilis et et iste blanditiis totam.',3,'available','3.jpg',714,'2021-11-10 21:06:43','2021-11-10 21:06:43',NULL),(684,'quasi','Qui iusto accusantium perspiciatis enim corrupti laudantium doloribus. Tempore voluptate velit occaecati soluta dolor.',7,'unavailable','3.jpg',260,'2021-11-10 21:06:43','2021-11-10 21:06:43',NULL),(685,'eius','Quo tenetur beatae voluptatem earum suscipit laboriosam.',6,'available','2.jpg',802,'2021-11-10 21:06:43','2021-11-10 21:06:43',NULL),(686,'omnis','Aut pariatur ex mollitia voluptas atque aliquid nam ea. Facilis amet suscipit voluptates quia odit aliquid.',8,'available','3.jpg',493,'2021-11-10 21:06:43','2021-11-10 21:06:43',NULL),(687,'esse','Est ea debitis dolores dolores laboriosam sunt amet possimus. Voluptates mollitia dignissimos harum repellendus.',7,'available','2.jpg',258,'2021-11-10 21:06:43','2021-11-10 21:06:43',NULL),(688,'voluptatum','Omnis laudantium optio perspiciatis voluptas eum. Nihil rem blanditiis hic nulla aut unde accusamus.',7,'available','2.jpg',647,'2021-11-10 21:06:43','2021-11-10 21:06:43',NULL),(689,'enim','Iure velit sunt et veniam ea. Harum molestiae qui velit eveniet voluptas similique.',10,'unavailable','3.jpg',917,'2021-11-10 21:06:43','2021-11-10 21:06:43',NULL),(690,'magnam','Facere assumenda voluptatem laboriosam veritatis provident beatae.',5,'available','1.jpg',686,'2021-11-10 21:06:43','2021-11-10 21:06:43',NULL),(691,'consectetur','Cum delectus quos assumenda quod. Necessitatibus voluptatibus reprehenderit cum quia labore labore libero.',3,'unavailable','1.jpg',236,'2021-11-10 21:06:43','2021-11-10 21:06:43',NULL),(692,'quisquam','Est qui blanditiis quis quis fugit. Veritatis porro laboriosam nam ut tempore.',4,'available','1.jpg',409,'2021-11-10 21:06:43','2021-11-10 21:06:43',NULL),(693,'et','Dolorum inventore ut explicabo accusamus. Deleniti facilis nemo ea ut magnam est aspernatur.',8,'available','3.jpg',194,'2021-11-10 21:06:43','2021-11-10 21:06:43',NULL),(694,'et','Possimus sed ea officiis.',5,'available','2.jpg',452,'2021-11-10 21:06:43','2021-11-10 21:06:43',NULL),(695,'quis','Dignissimos eaque hic non nisi doloremque hic sint.',4,'unavailable','1.jpg',468,'2021-11-10 21:06:43','2021-11-10 21:06:43',NULL),(696,'aliquid','At sit ut cupiditate consequatur.',9,'unavailable','2.jpg',809,'2021-11-10 21:06:43','2021-11-10 21:06:43',NULL),(697,'iure','Expedita ut quidem dolor dolorum.',1,'unavailable','1.jpg',504,'2021-11-10 21:06:43','2021-11-10 21:06:43',NULL),(698,'eveniet','Similique voluptas corporis officia maiores autem reiciendis aut. Nesciunt ut molestiae rerum.',1,'available','2.jpg',13,'2021-11-10 21:06:43','2021-11-10 21:06:43',NULL),(699,'non','Voluptas fuga sit tempore est.',7,'available','2.jpg',375,'2021-11-10 21:06:43','2021-11-10 21:06:43',NULL),(700,'veniam','Ducimus rerum rem vitae tempore et quos praesentium.',9,'unavailable','1.jpg',808,'2021-11-10 21:06:43','2021-11-10 21:06:43',NULL),(701,'id','Non aut consequatur nihil aut et et numquam voluptas. Cupiditate laborum qui facere dolores et.',10,'available','3.jpg',703,'2021-11-10 21:06:43','2021-11-10 21:06:43',NULL),(702,'quam','Et nemo perferendis ipsum error eius harum enim enim. Fuga non rem doloremque dolorem.',7,'available','3.jpg',202,'2021-11-10 21:06:43','2021-11-10 21:06:43',NULL),(703,'ipsam','Sapiente cum quasi et soluta. Facere rem nam ut vel asperiores sit.',1,'available','2.jpg',227,'2021-11-10 21:06:43','2021-11-10 21:06:43',NULL),(704,'mollitia','Distinctio nihil et non. Magnam vel qui consequatur.',1,'available','1.jpg',401,'2021-11-10 21:06:43','2021-11-10 21:06:43',NULL),(705,'accusantium','Illum omnis error aperiam ullam nemo consequuntur iure.',4,'available','2.jpg',601,'2021-11-10 21:06:43','2021-11-10 21:06:43',NULL),(706,'itaque','Accusantium iste voluptatibus quia recusandae. Officiis sequi commodi eius sed.',1,'unavailable','2.jpg',971,'2021-11-10 21:06:43','2021-11-10 21:06:43',NULL),(707,'architecto','Corrupti neque iusto enim est aspernatur. Impedit est et veritatis dolorem eaque esse.',8,'available','1.jpg',335,'2021-11-10 21:06:43','2021-11-10 21:06:43',NULL),(708,'dolorem','Rerum perferendis in tenetur earum voluptas accusantium dolores. Ut sapiente deleniti corrupti et nisi eum.',6,'unavailable','1.jpg',480,'2021-11-10 21:06:43','2021-11-10 21:06:43',NULL),(709,'labore','Voluptatibus assumenda impedit quia quos.',1,'unavailable','3.jpg',583,'2021-11-10 21:06:43','2021-11-10 21:06:43',NULL),(710,'amet','Modi saepe eaque et veniam. Ipsa et deleniti dolor qui earum voluptatem sit.',8,'unavailable','3.jpg',66,'2021-11-10 21:06:43','2021-11-10 21:06:43',NULL),(711,'voluptas','Eaque aut et cumque dolores molestiae.',4,'available','3.jpg',711,'2021-11-10 21:06:43','2021-11-10 21:06:43',NULL),(712,'deserunt','In voluptas harum non nisi. Vitae qui exercitationem assumenda maxime eveniet ut omnis error.',5,'available','1.jpg',945,'2021-11-10 21:06:43','2021-11-10 21:06:43',NULL),(713,'aut','Ducimus consequuntur et nam est quidem. Necessitatibus ut fugit aperiam ratione neque.',1,'available','3.jpg',239,'2021-11-10 21:06:43','2021-11-10 21:06:43',NULL),(714,'dolores','Omnis optio quod velit vel omnis. Ad placeat aut aut ut a et.',6,'unavailable','2.jpg',695,'2021-11-10 21:06:43','2021-11-10 21:06:43',NULL),(715,'molestias','Tenetur eveniet earum voluptatibus omnis totam pariatur et. Sequi quis nostrum expedita quae.',9,'available','3.jpg',351,'2021-11-10 21:06:43','2021-11-10 21:06:43',NULL),(716,'et','Quos sapiente odit corporis aut necessitatibus praesentium sequi.',6,'unavailable','3.jpg',734,'2021-11-10 21:06:43','2021-11-10 21:06:43',NULL),(717,'repellendus','Harum quos aut et totam consectetur perspiciatis. Dolorum mollitia nulla aut odit.',5,'unavailable','1.jpg',651,'2021-11-10 21:06:43','2021-11-10 21:06:43',NULL),(718,'et','Perspiciatis reiciendis eius nobis et aperiam. Id accusamus itaque voluptatum nemo voluptas libero.',7,'unavailable','3.jpg',434,'2021-11-10 21:06:43','2021-11-10 21:06:43',NULL),(719,'quis','Omnis maxime corrupti ullam esse sequi qui perspiciatis. Vitae itaque tempore placeat libero facere at.',6,'unavailable','2.jpg',134,'2021-11-10 21:06:43','2021-11-10 21:06:43',NULL),(720,'cupiditate','Praesentium tempore nemo molestiae porro alias explicabo.',3,'available','1.jpg',45,'2021-11-10 21:06:43','2021-11-10 21:06:43',NULL),(721,'quia','Sed sint ratione saepe autem occaecati. Distinctio et molestias aperiam ipsum ea.',6,'unavailable','1.jpg',921,'2021-11-10 21:06:43','2021-11-10 21:06:43',NULL),(722,'quia','Deserunt est asperiores earum nihil nesciunt iure. Exercitationem magnam vel aliquid et consequatur non.',3,'available','2.jpg',62,'2021-11-10 21:06:43','2021-11-10 21:06:43',NULL),(723,'deserunt','Incidunt dicta quibusdam at ullam. Porro qui minima quis officia.',9,'available','3.jpg',663,'2021-11-10 21:06:43','2021-11-10 21:06:43',NULL),(724,'aspernatur','Sint harum non facere illum eveniet occaecati.',8,'unavailable','3.jpg',335,'2021-11-10 21:06:43','2021-11-10 21:06:43',NULL),(725,'voluptate','Officiis doloremque sunt aut ipsam voluptatem fuga. Nisi possimus quo molestias voluptatum voluptate nemo facere.',8,'unavailable','1.jpg',951,'2021-11-10 21:06:43','2021-11-10 21:06:43',NULL),(726,'et','Magnam alias quia sed optio et.',7,'unavailable','3.jpg',231,'2021-11-10 21:06:43','2021-11-10 21:06:43',NULL),(727,'reiciendis','Sit non suscipit exercitationem esse quae.',6,'available','2.jpg',173,'2021-11-10 21:06:43','2021-11-10 21:06:43',NULL),(728,'optio','Excepturi fugit et omnis aut doloremque.',5,'available','1.jpg',997,'2021-11-10 21:06:43','2021-11-10 21:06:43',NULL),(729,'dolores','Quos ea voluptas quia illo quas quia.',4,'unavailable','2.jpg',524,'2021-11-10 21:06:43','2021-11-10 21:06:43',NULL),(730,'assumenda','Quaerat eos et qui ut dolorem.',6,'available','3.jpg',886,'2021-11-10 21:06:43','2021-11-10 21:06:43',NULL),(731,'atque','Natus vel occaecati voluptatem veritatis amet voluptatem nesciunt quia.',8,'available','3.jpg',784,'2021-11-10 21:06:43','2021-11-10 21:06:43',NULL),(732,'vero','Aut dolorum accusantium harum rerum placeat.',6,'available','1.jpg',622,'2021-11-10 21:06:43','2021-11-10 21:06:43',NULL),(733,'quo','Nihil sed ut quia et impedit velit ipsa. Quo sit et quia voluptatem inventore.',4,'available','2.jpg',211,'2021-11-10 21:06:43','2021-11-10 21:06:43',NULL),(734,'assumenda','Commodi repellendus voluptatum minus nisi molestiae magni.',9,'available','1.jpg',56,'2021-11-10 21:06:43','2021-11-10 21:06:43',NULL),(735,'dignissimos','Nulla consequatur cumque accusamus mollitia reprehenderit exercitationem. Totam nemo culpa vero illo et velit.',4,'unavailable','1.jpg',80,'2021-11-10 21:06:43','2021-11-10 21:06:43',NULL),(736,'laboriosam','Ut ullam inventore inventore totam odio soluta. Ducimus suscipit laudantium unde quas.',10,'available','1.jpg',602,'2021-11-10 21:06:43','2021-11-10 21:06:43',NULL),(737,'amet','Voluptatum accusamus laboriosam voluptatem velit.',6,'available','3.jpg',790,'2021-11-10 21:06:43','2021-11-10 21:06:43',NULL),(738,'dolores','Facere praesentium dolorum deserunt rem qui dolorum nesciunt. Vero et excepturi debitis consectetur ut voluptatibus.',3,'unavailable','1.jpg',696,'2021-11-10 21:06:43','2021-11-10 21:06:43',NULL),(739,'aliquam','Earum sit reiciendis ea possimus fugiat rerum et. Numquam quae facilis aliquam ea iure exercitationem.',3,'available','2.jpg',723,'2021-11-10 21:06:43','2021-11-10 21:06:43',NULL),(740,'at','Architecto enim et maiores sint ipsa.',3,'available','1.jpg',712,'2021-11-10 21:06:43','2021-11-10 21:06:43',NULL),(741,'tempore','Vitae libero id nemo debitis quia cumque neque. Nesciunt quod voluptates et quia fugiat fugiat voluptatem.',9,'unavailable','2.jpg',467,'2021-11-10 21:06:43','2021-11-10 21:06:43',NULL),(742,'quidem','Sunt optio minus dolor eius ex ipsa amet.',8,'unavailable','3.jpg',800,'2021-11-10 21:06:43','2021-11-10 21:06:43',NULL),(743,'voluptatem','Qui error magni dolores ipsa ut ratione nostrum. Et reiciendis esse dolor quibusdam et ducimus.',8,'unavailable','3.jpg',537,'2021-11-10 21:06:43','2021-11-10 21:06:43',NULL),(744,'vero','Tempore est dolorum et quia inventore est. Nihil qui pariatur ut omnis hic earum.',10,'unavailable','3.jpg',519,'2021-11-10 21:06:43','2021-11-10 21:06:43',NULL),(745,'quo','Debitis perspiciatis sit adipisci quia.',9,'available','3.jpg',670,'2021-11-10 21:06:43','2021-11-10 21:06:43',NULL),(746,'iusto','Magni quia dolorum neque veritatis sint. Aut quibusdam numquam reiciendis deserunt vel sunt.',9,'available','1.jpg',553,'2021-11-10 21:06:43','2021-11-10 21:06:43',NULL),(747,'assumenda','Perspiciatis modi quia possimus nam. Corporis alias corporis dolor quia.',10,'unavailable','3.jpg',860,'2021-11-10 21:06:43','2021-11-10 21:06:43',NULL),(748,'sit','Rerum dolores odit eum sed placeat dignissimos minus.',2,'unavailable','3.jpg',977,'2021-11-10 21:06:43','2021-11-10 21:06:43',NULL),(749,'fugiat','Dignissimos quisquam laboriosam repellat quia voluptatem.',5,'unavailable','1.jpg',814,'2021-11-10 21:06:43','2021-11-10 21:06:43',NULL),(750,'quos','Rerum nulla dolorum aperiam neque.',7,'available','1.jpg',823,'2021-11-10 21:06:43','2021-11-10 21:06:43',NULL),(751,'nemo','Quia atque eos eius quibusdam. Consequatur error accusantium commodi enim aut voluptas.',10,'available','1.jpg',460,'2021-11-10 21:06:43','2021-11-10 21:06:43',NULL),(752,'voluptas','Accusantium minus unde ducimus veniam fugiat nesciunt sit. Culpa rerum quos ab itaque omnis accusamus.',2,'available','3.jpg',217,'2021-11-10 21:06:43','2021-11-10 21:06:43',NULL),(753,'ut','Provident doloremque vel aut harum similique est. Voluptas consequuntur qui voluptatem voluptatem quos consequuntur.',8,'unavailable','2.jpg',488,'2021-11-10 21:06:43','2021-11-10 21:06:43',NULL),(754,'qui','Eum iure totam consequuntur sed minima ut.',4,'available','3.jpg',870,'2021-11-10 21:06:43','2021-11-10 21:06:43',NULL),(755,'enim','Vel ex est sit dolorem est natus tempore. Corrupti quo nostrum dicta qui labore.',4,'available','1.jpg',907,'2021-11-10 21:06:43','2021-11-10 21:06:43',NULL),(756,'quia','Rem blanditiis dignissimos molestiae.',3,'available','1.jpg',584,'2021-11-10 21:06:43','2021-11-10 21:06:43',NULL),(757,'ut','Qui unde ullam ipsum voluptatem molestias corporis qui. Delectus quasi non necessitatibus nulla quia tempora.',2,'unavailable','2.jpg',852,'2021-11-10 21:06:43','2021-11-10 21:06:43',NULL),(758,'neque','Dolorum explicabo voluptatem odio molestias laborum mollitia. Omnis labore provident unde corporis perferendis animi illo.',9,'unavailable','2.jpg',787,'2021-11-10 21:06:43','2021-11-10 21:06:43',NULL),(759,'minus','Delectus autem earum in nobis non.',10,'unavailable','1.jpg',288,'2021-11-10 21:06:43','2021-11-10 21:06:43',NULL),(760,'perspiciatis','Vel exercitationem odit beatae reprehenderit non qui sed.',10,'available','3.jpg',757,'2021-11-10 21:06:43','2021-11-10 21:06:43',NULL),(761,'earum','Molestiae in quia eos iure earum ut. Officiis suscipit culpa quia mollitia dolor.',7,'unavailable','2.jpg',916,'2021-11-10 21:06:43','2021-11-10 21:06:43',NULL),(762,'eligendi','Non voluptate eveniet ut. Et voluptates omnis eum omnis ad.',6,'available','2.jpg',692,'2021-11-10 21:06:43','2021-11-10 21:06:43',NULL),(763,'officiis','Id veniam quia sint commodi doloribus.',9,'unavailable','1.jpg',64,'2021-11-10 21:06:43','2021-11-10 21:06:43',NULL),(764,'harum','Magnam similique autem voluptate natus dolor qui et.',4,'available','3.jpg',414,'2021-11-10 21:06:43','2021-11-10 21:06:43',NULL),(765,'nulla','Eligendi numquam enim laborum ipsam.',3,'unavailable','1.jpg',995,'2021-11-10 21:06:43','2021-11-10 21:06:43',NULL),(766,'ea','Quia at quisquam nisi vel amet soluta quis. Eius cupiditate quia velit similique.',7,'unavailable','1.jpg',716,'2021-11-10 21:06:43','2021-11-10 21:06:43',NULL),(767,'iure','Enim odio numquam non magni sint consequuntur repellendus.',2,'available','1.jpg',747,'2021-11-10 21:06:43','2021-11-10 21:06:43',NULL),(768,'commodi','Ex minima incidunt dolorem nesciunt blanditiis quidem placeat. Autem dolorum molestias consectetur est consequatur voluptatem consequatur voluptatem.',2,'available','2.jpg',848,'2021-11-10 21:06:43','2021-11-10 21:06:43',NULL),(769,'necessitatibus','Amet ab qui et officia doloremque soluta. Fuga qui et earum natus occaecati minus fuga.',10,'unavailable','2.jpg',408,'2021-11-10 21:06:43','2021-11-10 21:06:43',NULL),(770,'dolor','Illo numquam voluptate officiis sed iusto. Facere dolor rerum sit esse quia et.',7,'available','1.jpg',219,'2021-11-10 21:06:43','2021-11-10 21:06:43',NULL),(771,'nemo','Vitae repellat id modi qui. Earum beatae natus corrupti et.',3,'available','2.jpg',389,'2021-11-10 21:06:43','2021-11-10 21:06:43',NULL),(772,'alias','Pariatur minus qui aliquid dolorum voluptatum molestiae deserunt omnis.',4,'unavailable','3.jpg',468,'2021-11-10 21:06:43','2021-11-10 21:06:43',NULL),(773,'dolorem','Facere dolorem suscipit unde enim.',10,'available','3.jpg',47,'2021-11-10 21:06:43','2021-11-10 21:06:43',NULL),(774,'eius','Blanditiis ea dolorem cupiditate ipsam ut asperiores consequatur. Ipsa qui iste qui corporis.',3,'unavailable','1.jpg',943,'2021-11-10 21:06:43','2021-11-10 21:06:43',NULL),(775,'aut','Assumenda reprehenderit et ut quod. Eos saepe non vel debitis non quaerat.',1,'available','1.jpg',187,'2021-11-10 21:06:43','2021-11-10 21:06:43',NULL),(776,'quia','Et cum dolorem error consequuntur illo sequi voluptatem. Consectetur neque totam sint voluptatem illum animi.',10,'unavailable','3.jpg',34,'2021-11-10 21:06:43','2021-11-10 21:06:43',NULL),(777,'et','Molestiae dolore et aperiam quisquam harum nostrum. Enim aspernatur molestiae eum quia est.',8,'available','1.jpg',182,'2021-11-10 21:06:43','2021-11-10 21:06:43',NULL),(778,'ratione','Eos saepe et ratione maxime accusamus qui. Sint nam vel veritatis quae illo qui.',2,'available','1.jpg',303,'2021-11-10 21:06:43','2021-11-10 21:06:43',NULL),(779,'veritatis','Eum quasi dolores amet sunt necessitatibus.',1,'unavailable','3.jpg',129,'2021-11-10 21:06:43','2021-11-10 21:06:43',NULL),(780,'omnis','Nostrum animi voluptas nemo et. Ipsam fugiat corporis praesentium voluptatem inventore laboriosam sed.',9,'unavailable','3.jpg',665,'2021-11-10 21:06:43','2021-11-10 21:06:43',NULL),(781,'nisi','Perferendis adipisci excepturi eligendi placeat omnis. Sint incidunt animi accusantium voluptatibus.',1,'available','2.jpg',515,'2021-11-10 21:06:43','2021-11-10 21:06:43',NULL),(782,'tempore','Velit laudantium cumque ad molestiae nisi nesciunt.',9,'unavailable','1.jpg',797,'2021-11-10 21:06:43','2021-11-10 21:06:43',NULL),(783,'qui','Perspiciatis magni quod qui ad suscipit ipsa. Doloremque veritatis excepturi iusto nobis esse vero.',1,'available','1.jpg',242,'2021-11-10 21:06:43','2021-11-10 21:06:43',NULL),(784,'iusto','Dolor recusandae voluptatibus a iure. Est exercitationem reiciendis molestias quia non vitae aspernatur.',6,'available','3.jpg',432,'2021-11-10 21:06:43','2021-11-10 21:06:43',NULL),(785,'occaecati','Esse aspernatur nihil sit et. Est voluptates ratione fugiat aliquid modi nulla.',2,'unavailable','2.jpg',184,'2021-11-10 21:06:43','2021-11-10 21:06:43',NULL),(786,'et','Unde voluptatem non dicta.',10,'available','3.jpg',173,'2021-11-10 21:06:43','2021-11-10 21:06:43',NULL),(787,'quisquam','Deserunt maxime occaecati nihil. Aut nihil dicta esse laborum impedit.',5,'available','1.jpg',410,'2021-11-10 21:06:43','2021-11-10 21:06:43',NULL),(788,'aut','Eos quas qui modi debitis. Exercitationem dolor vel nobis quibusdam sed et in.',6,'unavailable','1.jpg',182,'2021-11-10 21:06:43','2021-11-10 21:06:43',NULL),(789,'aut','Ut et tempore dolor quibusdam. Molestiae consequatur et saepe quaerat ut architecto.',3,'available','2.jpg',756,'2021-11-10 21:06:43','2021-11-10 21:06:43',NULL),(790,'consectetur','Atque reiciendis aperiam sequi consequuntur.',4,'unavailable','2.jpg',537,'2021-11-10 21:06:43','2021-11-10 21:06:43',NULL),(791,'sint','Consequatur aut qui eaque tempora aperiam qui iusto voluptatum.',10,'available','2.jpg',588,'2021-11-10 21:06:43','2021-11-10 21:06:43',NULL),(792,'in','Quod consectetur soluta vero.',5,'unavailable','2.jpg',58,'2021-11-10 21:06:43','2021-11-10 21:06:43',NULL),(793,'et','Est corporis rerum consectetur veniam quia. Voluptas cum reprehenderit omnis at.',5,'available','1.jpg',197,'2021-11-10 21:06:43','2021-11-10 21:06:43',NULL),(794,'adipisci','Illo dolorem officia recusandae accusamus consectetur non maxime.',3,'unavailable','1.jpg',242,'2021-11-10 21:06:43','2021-11-10 21:06:43',NULL),(795,'vel','Ipsam dolores quaerat eveniet quia.',3,'unavailable','1.jpg',626,'2021-11-10 21:06:43','2021-11-10 21:06:43',NULL),(796,'id','Quia provident doloremque inventore consectetur cum est cumque. Quod ea sunt maxime voluptas omnis.',2,'available','2.jpg',286,'2021-11-10 21:06:43','2021-11-10 21:06:43',NULL),(797,'maxime','Quidem et voluptas sunt rem et ipsum ullam.',4,'available','3.jpg',619,'2021-11-10 21:06:43','2021-11-10 21:06:43',NULL),(798,'nam','Aut id perspiciatis debitis repellat consequatur expedita a. Ipsam repudiandae necessitatibus autem est animi explicabo.',9,'available','3.jpg',667,'2021-11-10 21:06:43','2021-11-10 21:06:43',NULL),(799,'non','Aperiam assumenda ea vel nostrum et accusamus.',5,'unavailable','2.jpg',385,'2021-11-10 21:06:43','2021-11-10 21:06:43',NULL),(800,'quibusdam','Dicta officia quibusdam et incidunt vel est.',10,'available','1.jpg',962,'2021-11-10 21:06:43','2021-11-10 21:06:43',NULL),(801,'consequatur','Sed aliquam et necessitatibus vitae repellat omnis quia. Et alias sunt corrupti omnis enim quae.',8,'unavailable','2.jpg',874,'2021-11-10 21:06:43','2021-11-10 21:06:43',NULL),(802,'nam','Occaecati pariatur rem aut nesciunt ex facere ut.',2,'unavailable','3.jpg',201,'2021-11-10 21:06:43','2021-11-10 21:06:43',NULL),(803,'qui','Sed incidunt qui ipsa aliquid omnis voluptatem.',10,'unavailable','3.jpg',213,'2021-11-10 21:06:43','2021-11-10 21:06:43',NULL),(804,'sint','Culpa aliquid eum odio rerum voluptatem autem.',6,'unavailable','2.jpg',620,'2021-11-10 21:06:43','2021-11-10 21:06:43',NULL),(805,'odit','Eius autem quisquam commodi laborum. Omnis ex aperiam quo culpa maxime at.',3,'unavailable','1.jpg',184,'2021-11-10 21:06:43','2021-11-10 21:06:43',NULL),(806,'vel','Sit culpa aperiam quis inventore ad rerum. Saepe rem optio autem unde.',4,'available','2.jpg',270,'2021-11-10 21:06:43','2021-11-10 21:06:43',NULL),(807,'omnis','Est aut consequatur nesciunt harum fuga. Molestiae voluptatem aut eaque architecto ipsa.',10,'unavailable','2.jpg',841,'2021-11-10 21:06:43','2021-11-10 21:06:43',NULL),(808,'dolor','Aut nisi dicta deleniti officiis voluptates qui totam. Repellendus et aspernatur pariatur voluptatem voluptate praesentium et nihil.',2,'unavailable','2.jpg',92,'2021-11-10 21:06:43','2021-11-10 21:06:43',NULL),(809,'explicabo','Rerum eaque nihil vitae aut. Similique quam consequatur eveniet quisquam nam autem.',2,'available','1.jpg',279,'2021-11-10 21:06:43','2021-11-10 21:06:43',NULL),(810,'perferendis','Enim ipsa quas voluptas ut excepturi molestias dolores quae.',5,'unavailable','2.jpg',736,'2021-11-10 21:06:43','2021-11-10 21:06:43',NULL),(811,'odio','Aut quam eveniet dolorum quaerat.',1,'available','2.jpg',144,'2021-11-10 21:06:43','2021-11-10 21:06:43',NULL),(812,'fuga','Delectus rem debitis laudantium veritatis libero saepe. Facere illum modi nobis dolorum a dolorem.',4,'unavailable','2.jpg',902,'2021-11-10 21:06:43','2021-11-10 21:06:43',NULL),(813,'distinctio','Quod illo aut cumque.',9,'available','3.jpg',188,'2021-11-10 21:06:43','2021-11-10 21:06:43',NULL),(814,'ut','Ex odio illum distinctio et rerum blanditiis. Voluptates odio accusamus deserunt.',2,'available','3.jpg',221,'2021-11-10 21:06:43','2021-11-10 21:06:43',NULL),(815,'quasi','Ea eum officiis mollitia. Quo reiciendis reprehenderit saepe corrupti aut ex voluptatem.',2,'available','3.jpg',964,'2021-11-10 21:06:43','2021-11-10 21:06:43',NULL),(816,'beatae','Doloribus incidunt ex laborum vel.',3,'unavailable','3.jpg',390,'2021-11-10 21:06:43','2021-11-10 21:06:43',NULL),(817,'ut','Culpa qui ut temporibus ducimus.',1,'unavailable','1.jpg',338,'2021-11-10 21:06:43','2021-11-10 21:06:43',NULL),(818,'dolorem','Quis possimus debitis asperiores ad.',8,'available','2.jpg',574,'2021-11-10 21:06:43','2021-11-10 21:06:43',NULL),(819,'eius','Voluptate quaerat hic sapiente.',5,'available','2.jpg',270,'2021-11-10 21:06:43','2021-11-10 21:06:43',NULL),(820,'amet','Assumenda magnam itaque delectus ut aut enim. Similique libero tenetur possimus facere sit.',10,'unavailable','2.jpg',756,'2021-11-10 21:06:43','2021-11-10 21:06:43',NULL),(821,'laudantium','Magni in facilis ut dignissimos et eaque nam. Rerum assumenda possimus eos aut recusandae.',4,'unavailable','1.jpg',392,'2021-11-10 21:06:43','2021-11-10 21:06:43',NULL),(822,'ea','Enim tenetur facere nisi tempore consequatur accusamus.',1,'available','2.jpg',107,'2021-11-10 21:06:43','2021-11-10 21:06:43',NULL),(823,'nobis','Voluptate quis sequi eaque eligendi. Iusto numquam blanditiis fugit expedita.',4,'available','3.jpg',383,'2021-11-10 21:06:43','2021-11-10 21:06:43',NULL),(824,'quia','Quia non quo quia maiores.',7,'unavailable','1.jpg',849,'2021-11-10 21:06:43','2021-11-10 21:06:43',NULL),(825,'et','Corrupti nihil occaecati ipsa ut dolor.',10,'unavailable','2.jpg',959,'2021-11-10 21:06:43','2021-11-10 21:06:43',NULL),(826,'debitis','Et molestiae aspernatur qui laboriosam. Consequatur ducimus optio fugiat qui amet enim.',1,'available','3.jpg',576,'2021-11-10 21:06:43','2021-11-10 21:06:43',NULL),(827,'ad','Dolorem dolore natus labore culpa excepturi doloribus fuga. Enim rem ut placeat et in voluptas rerum.',2,'available','3.jpg',395,'2021-11-10 21:06:43','2021-11-10 21:06:43',NULL),(828,'doloribus','Et ipsam voluptatem ullam.',4,'available','2.jpg',928,'2021-11-10 21:06:43','2021-11-10 21:06:43',NULL),(829,'excepturi','Iusto eveniet tempore natus facilis aut porro. Dolore dolore blanditiis officia incidunt et rerum.',6,'unavailable','1.jpg',902,'2021-11-10 21:06:43','2021-11-10 21:06:43',NULL),(830,'aut','Aut numquam consequatur dolorem quia. Asperiores fuga sit harum at totam officia facilis.',3,'available','2.jpg',833,'2021-11-10 21:06:43','2021-11-10 21:06:43',NULL),(831,'in','Maxime distinctio dolores perspiciatis voluptas non earum laboriosam. Aut omnis qui placeat quo illum architecto repudiandae.',6,'available','2.jpg',481,'2021-11-10 21:06:43','2021-11-10 21:06:43',NULL),(832,'eligendi','Ipsa ut molestias nihil fuga deserunt. Dicta omnis quo et.',8,'available','1.jpg',298,'2021-11-10 21:06:43','2021-11-10 21:06:43',NULL),(833,'possimus','Consequatur quia animi explicabo adipisci impedit nobis temporibus.',10,'available','1.jpg',440,'2021-11-10 21:06:43','2021-11-10 21:06:43',NULL),(834,'aperiam','Quo molestias perspiciatis maxime pariatur maiores maiores. Expedita quam consequatur reiciendis et sit.',6,'unavailable','1.jpg',658,'2021-11-10 21:06:43','2021-11-10 21:06:43',NULL),(835,'facilis','Rerum aut veniam assumenda accusamus.',4,'available','1.jpg',491,'2021-11-10 21:06:43','2021-11-10 21:06:43',NULL),(836,'consequuntur','Aspernatur quas et consectetur ut ut dolor et. Adipisci quisquam et delectus aut est quos.',5,'available','1.jpg',145,'2021-11-10 21:06:43','2021-11-10 21:06:43',NULL),(837,'reiciendis','Delectus cum ex qui sed qui deserunt eos eum.',2,'unavailable','1.jpg',331,'2021-11-10 21:06:43','2021-11-10 21:06:43',NULL),(838,'dolorem','Dolores soluta ut beatae voluptate illum placeat. Voluptas eligendi velit maxime aliquam aut et.',7,'available','2.jpg',179,'2021-11-10 21:06:43','2021-11-10 21:06:43',NULL),(839,'sed','Ea est aut eligendi autem officiis optio.',6,'available','2.jpg',643,'2021-11-10 21:06:43','2021-11-10 21:06:43',NULL),(840,'aperiam','Voluptatem qui aut rerum consequatur.',5,'unavailable','1.jpg',35,'2021-11-10 21:06:43','2021-11-10 21:06:43',NULL),(841,'in','Qui laboriosam odio et consequatur aut.',9,'unavailable','2.jpg',757,'2021-11-10 21:06:43','2021-11-10 21:06:43',NULL),(842,'omnis','A necessitatibus sunt in. Repellat numquam molestiae repellendus necessitatibus suscipit blanditiis.',10,'unavailable','2.jpg',678,'2021-11-10 21:06:43','2021-11-10 21:06:43',NULL),(843,'quibusdam','Consectetur nihil ratione facere. Placeat libero deleniti nisi sapiente cumque voluptate blanditiis.',3,'available','3.jpg',904,'2021-11-10 21:06:43','2021-11-10 21:06:43',NULL),(844,'similique','Et consequatur illo vel qui deleniti aut.',1,'available','1.jpg',643,'2021-11-10 21:06:43','2021-11-10 21:06:43',NULL),(845,'veritatis','Officiis non molestias reiciendis eum ut.',1,'unavailable','3.jpg',977,'2021-11-10 21:06:43','2021-11-10 21:06:43',NULL),(846,'tempora','Qui non sunt sit voluptatem laudantium neque. Natus consequatur sint cum perspiciatis quasi.',1,'unavailable','3.jpg',545,'2021-11-10 21:06:43','2021-11-10 21:06:43',NULL),(847,'rerum','Ad ut at nihil illum nostrum.',3,'unavailable','2.jpg',986,'2021-11-10 21:06:43','2021-11-10 21:06:43',NULL),(848,'quo','Eligendi ad qui eos rerum ab.',9,'available','3.jpg',318,'2021-11-10 21:06:43','2021-11-10 21:06:43',NULL),(849,'sit','Qui quis similique quidem nihil aliquam.',3,'available','2.jpg',572,'2021-11-10 21:06:43','2021-11-10 21:06:43',NULL),(850,'rerum','Omnis omnis autem dignissimos illo. Tempore ipsum id alias id maiores.',5,'available','3.jpg',125,'2021-11-10 21:06:43','2021-11-10 21:06:43',NULL),(851,'natus','Laudantium quae ipsa minima consequatur sit. Ut eum et asperiores voluptatem sint.',9,'available','2.jpg',395,'2021-11-10 21:06:43','2021-11-10 21:06:43',NULL),(852,'officia','Rerum sint ut eaque at.',10,'available','3.jpg',686,'2021-11-10 21:06:43','2021-11-10 21:06:43',NULL),(853,'in','Unde sint omnis debitis eveniet necessitatibus ut illo.',7,'available','1.jpg',443,'2021-11-10 21:06:43','2021-11-10 21:06:43',NULL),(854,'architecto','Praesentium unde impedit saepe omnis quidem nulla quo asperiores.',5,'unavailable','3.jpg',594,'2021-11-10 21:06:43','2021-11-10 21:06:43',NULL),(855,'unde','Omnis unde dolorem repellendus excepturi est. Iusto non quas et quae.',7,'available','3.jpg',390,'2021-11-10 21:06:43','2021-11-10 21:06:43',NULL),(856,'aut','Placeat qui et ut quisquam aut quisquam. Necessitatibus ut pariatur debitis veritatis id quis necessitatibus.',9,'available','1.jpg',519,'2021-11-10 21:06:43','2021-11-10 21:06:43',NULL),(857,'earum','Omnis blanditiis architecto ratione repellendus eum officia placeat. Sunt earum sit nulla laboriosam labore vel quasi.',2,'available','3.jpg',861,'2021-11-10 21:06:43','2021-11-10 21:06:43',NULL),(858,'ut','Nostrum molestias provident est dolor. Aut soluta at laborum consequatur numquam.',5,'unavailable','2.jpg',620,'2021-11-10 21:06:43','2021-11-10 21:06:43',NULL),(859,'molestiae','Reiciendis est ea perferendis excepturi.',9,'available','1.jpg',461,'2021-11-10 21:06:43','2021-11-10 21:06:43',NULL),(860,'in','Reprehenderit adipisci minima quasi voluptate veritatis sit.',10,'unavailable','1.jpg',721,'2021-11-10 21:06:43','2021-11-10 21:06:43',NULL),(861,'suscipit','Consectetur ab distinctio architecto nam autem perspiciatis maxime.',8,'available','1.jpg',801,'2021-11-10 21:06:43','2021-11-10 21:06:43',NULL),(862,'similique','Consequatur officiis velit blanditiis atque labore aliquid quo. Quam est qui reiciendis odio.',4,'available','1.jpg',529,'2021-11-10 21:06:43','2021-11-10 21:06:43',NULL),(863,'possimus','Quia dicta et inventore dolorum. Ut placeat sed consequatur sed dolor et.',5,'unavailable','1.jpg',640,'2021-11-10 21:06:43','2021-11-10 21:06:43',NULL),(864,'eum','Ut libero quae corporis non molestiae ut voluptatum fugiat.',8,'unavailable','3.jpg',966,'2021-11-10 21:06:43','2021-11-10 21:06:43',NULL),(865,'eos','Quo dolorum impedit reprehenderit reiciendis vel qui.',1,'unavailable','1.jpg',575,'2021-11-10 21:06:43','2021-11-10 21:06:43',NULL),(866,'eum','Quia excepturi ipsum provident reprehenderit delectus et.',1,'available','2.jpg',426,'2021-11-10 21:06:43','2021-11-10 21:06:43',NULL),(867,'officiis','Voluptas quas ut quia officiis. Amet nihil est enim quam fuga dolores minima.',10,'unavailable','2.jpg',950,'2021-11-10 21:06:43','2021-11-10 21:06:43',NULL),(868,'et','Eligendi laboriosam pariatur ipsum autem tempore atque.',7,'unavailable','1.jpg',768,'2021-11-10 21:06:43','2021-11-10 21:06:43',NULL),(869,'dolores','Tempore dolorem alias qui neque.',7,'available','2.jpg',185,'2021-11-10 21:06:43','2021-11-10 21:06:43',NULL),(870,'et','Sed officia culpa quia animi aut molestiae. Quisquam odit vero aut magnam.',1,'available','2.jpg',936,'2021-11-10 21:06:43','2021-11-10 21:06:43',NULL),(871,'officiis','Beatae consectetur expedita ratione perferendis id excepturi.',7,'unavailable','3.jpg',650,'2021-11-10 21:06:43','2021-11-10 21:06:43',NULL),(872,'adipisci','Amet voluptatibus incidunt corrupti id dolores.',5,'available','2.jpg',950,'2021-11-10 21:06:43','2021-11-10 21:06:43',NULL),(873,'architecto','Qui odio dignissimos ab alias est.',9,'unavailable','1.jpg',504,'2021-11-10 21:06:43','2021-11-10 21:06:43',NULL),(874,'non','Aliquid aspernatur occaecati pariatur aut.',1,'available','2.jpg',757,'2021-11-10 21:06:43','2021-11-10 21:06:43',NULL),(875,'cumque','Est repellendus nostrum sed quos quia. Quo et reprehenderit unde est natus.',4,'available','3.jpg',222,'2021-11-10 21:06:43','2021-11-10 21:06:43',NULL),(876,'ducimus','Repellendus voluptas vero beatae fugiat non. Assumenda omnis esse et id maiores neque porro.',8,'available','1.jpg',213,'2021-11-10 21:06:43','2021-11-10 21:06:43',NULL),(877,'facilis','Non modi incidunt magni veritatis velit.',6,'available','2.jpg',916,'2021-11-10 21:06:43','2021-11-10 21:06:43',NULL),(878,'incidunt','Qui accusantium saepe sequi quaerat illo.',5,'available','2.jpg',912,'2021-11-10 21:06:43','2021-11-10 21:06:43',NULL),(879,'aut','Et qui facilis fuga qui. Nemo in et eveniet assumenda.',4,'unavailable','3.jpg',734,'2021-11-10 21:06:43','2021-11-10 21:06:43',NULL),(880,'eveniet','Ipsam iste dolorum placeat est aperiam quas ratione.',5,'available','1.jpg',285,'2021-11-10 21:06:43','2021-11-10 21:06:43',NULL),(881,'deleniti','Eveniet dicta aut ut quis. A tempora dolores quia rerum rerum placeat occaecati.',8,'unavailable','3.jpg',812,'2021-11-10 21:06:43','2021-11-10 21:06:43',NULL),(882,'quis','Natus corporis ea aut ab.',2,'unavailable','3.jpg',575,'2021-11-10 21:06:43','2021-11-10 21:06:43',NULL),(883,'aliquid','Dolore adipisci tempora quae. Rerum deleniti dicta hic et magni et ipsa.',3,'unavailable','2.jpg',835,'2021-11-10 21:06:43','2021-11-10 21:06:43',NULL),(884,'eaque','Eos dolor ut quo qui aliquam. Iste ab aut quae nemo veritatis nostrum.',6,'available','3.jpg',927,'2021-11-10 21:06:43','2021-11-10 21:06:43',NULL),(885,'voluptas','Voluptatem temporibus consequuntur distinctio quos. Aut earum illo quis unde placeat beatae pariatur.',6,'available','1.jpg',910,'2021-11-10 21:06:43','2021-11-10 21:06:43',NULL),(886,'atque','Voluptatem aut eum molestiae cupiditate.',5,'available','2.jpg',660,'2021-11-10 21:06:43','2021-11-10 21:06:43',NULL),(887,'dolorum','Nesciunt excepturi amet cumque commodi qui sit explicabo.',2,'available','2.jpg',222,'2021-11-10 21:06:43','2021-11-10 21:06:43',NULL),(888,'ex','Voluptates consequuntur sed libero nulla rem earum. Distinctio fugit fugiat voluptatem cum.',8,'unavailable','2.jpg',665,'2021-11-10 21:06:43','2021-11-10 21:06:43',NULL),(889,'eum','Sequi non dolor numquam.',10,'available','3.jpg',514,'2021-11-10 21:06:43','2021-11-10 21:06:43',NULL),(890,'unde','Repellat sunt distinctio dolorem dolorum veniam voluptatum eveniet aut.',7,'unavailable','3.jpg',414,'2021-11-10 21:06:43','2021-11-10 21:06:43',NULL),(891,'id','Porro repudiandae hic voluptas.',10,'unavailable','2.jpg',713,'2021-11-10 21:06:43','2021-11-10 21:06:43',NULL),(892,'vitae','Esse corporis reprehenderit consequatur qui. Error dolores sint et repellendus quibusdam suscipit.',5,'available','2.jpg',317,'2021-11-10 21:06:43','2021-11-10 21:06:43',NULL),(893,'hic','Pariatur quod ut est corporis eos qui natus mollitia.',5,'available','2.jpg',59,'2021-11-10 21:06:43','2021-11-10 21:06:43',NULL),(894,'similique','Accusantium quis ducimus voluptatem voluptates.',6,'available','1.jpg',843,'2021-11-10 21:06:43','2021-11-10 21:06:43',NULL),(895,'possimus','Est aspernatur unde dolore perferendis provident nihil aliquam.',8,'unavailable','3.jpg',662,'2021-11-10 21:06:43','2021-11-10 21:06:43',NULL),(896,'suscipit','Voluptatem eum consequatur corporis.',4,'unavailable','2.jpg',213,'2021-11-10 21:06:43','2021-11-10 21:06:43',NULL),(897,'ducimus','Occaecati at quo debitis quia natus voluptas voluptatibus.',9,'available','2.jpg',64,'2021-11-10 21:06:43','2021-11-10 21:06:43',NULL),(898,'eum','Adipisci eveniet est temporibus vel et ut.',8,'available','3.jpg',956,'2021-11-10 21:06:43','2021-11-10 21:06:43',NULL),(899,'enim','Nesciunt iure corrupti explicabo optio eligendi sed.',8,'available','3.jpg',473,'2021-11-10 21:06:43','2021-11-10 21:06:43',NULL),(900,'ut','Dolore non laboriosam et at exercitationem voluptas reprehenderit earum. Quaerat necessitatibus dolorem non eius nisi cupiditate natus.',1,'available','2.jpg',164,'2021-11-10 21:06:43','2021-11-10 21:06:43',NULL),(901,'dignissimos','Placeat aut accusamus culpa pariatur.',3,'available','2.jpg',838,'2021-11-10 21:06:43','2021-11-10 21:06:43',NULL),(902,'esse','Et voluptatem ad repellat dolores quos consequatur rerum.',2,'unavailable','1.jpg',466,'2021-11-10 21:06:43','2021-11-10 21:06:43',NULL),(903,'est','Fuga enim vel rem delectus dolores sapiente quibusdam.',4,'available','2.jpg',540,'2021-11-10 21:06:43','2021-11-10 21:06:43',NULL),(904,'et','Est qui quaerat occaecati animi in veritatis non. Quia minima porro et vero sed adipisci.',7,'available','3.jpg',31,'2021-11-10 21:06:43','2021-11-10 21:06:43',NULL),(905,'sit','Tempore perferendis magnam qui exercitationem ut delectus et. Voluptas fuga qui aut dignissimos facere tempora.',8,'unavailable','1.jpg',958,'2021-11-10 21:06:43','2021-11-10 21:06:43',NULL),(906,'eos','Tempora sit ratione illo est aut consectetur consequatur.',2,'available','2.jpg',394,'2021-11-10 21:06:43','2021-11-10 21:06:43',NULL),(907,'inventore','Repudiandae quis reiciendis sunt iure veniam exercitationem dolor. Est unde sint nesciunt a quia voluptates.',4,'available','2.jpg',978,'2021-11-10 21:06:43','2021-11-10 21:06:43',NULL),(908,'quae','Unde earum inventore officia et.',7,'available','2.jpg',160,'2021-11-10 21:06:43','2021-11-10 21:06:43',NULL),(909,'sed','Neque temporibus itaque enim est rerum similique.',8,'unavailable','3.jpg',170,'2021-11-10 21:06:43','2021-11-10 21:06:43',NULL),(910,'autem','Et voluptatem non nam similique dolor repudiandae saepe sit.',6,'available','3.jpg',523,'2021-11-10 21:06:43','2021-11-10 21:06:43',NULL),(911,'aut','Suscipit dolorum velit dolorum.',1,'unavailable','1.jpg',91,'2021-11-10 21:06:43','2021-11-10 21:06:43',NULL),(912,'et','Sed rerum aut voluptatem enim voluptatem ut atque aut.',9,'unavailable','2.jpg',65,'2021-11-10 21:06:43','2021-11-10 21:06:43',NULL),(913,'et','Qui fugit tempora illo unde aut. Vero iste dignissimos vel modi magni.',2,'unavailable','3.jpg',170,'2021-11-10 21:06:43','2021-11-10 21:06:43',NULL),(914,'facilis','Quia incidunt eius voluptas voluptatem rerum corrupti commodi.',3,'unavailable','3.jpg',819,'2021-11-10 21:06:43','2021-11-10 21:06:43',NULL),(915,'rerum','Assumenda id vel enim aut. Qui quis optio deserunt sunt quia amet quam.',1,'unavailable','3.jpg',472,'2021-11-10 21:06:43','2021-11-10 21:06:43',NULL),(916,'corporis','Sed et sed ex quisquam aliquid.',5,'available','2.jpg',880,'2021-11-10 21:06:43','2021-11-10 21:06:43',NULL),(917,'incidunt','Hic ut et maxime voluptatum.',5,'unavailable','2.jpg',549,'2021-11-10 21:06:43','2021-11-10 21:06:43',NULL),(918,'aut','Tenetur recusandae est occaecati nulla. Soluta qui temporibus et quis.',4,'unavailable','1.jpg',723,'2021-11-10 21:06:43','2021-11-10 21:06:43',NULL),(919,'et','Fugiat voluptatum molestias accusantium necessitatibus et laudantium in. Ut voluptatem doloribus ea aperiam.',6,'available','3.jpg',3,'2021-11-10 21:06:43','2021-11-10 21:06:43',NULL),(920,'dolores','Nihil ipsum non debitis facilis.',7,'unavailable','2.jpg',456,'2021-11-10 21:06:43','2021-11-10 21:06:43',NULL),(921,'repellat','Ullam consequatur eius esse sunt repudiandae harum repellendus ea. Autem fuga dolores nihil nesciunt.',5,'available','1.jpg',33,'2021-11-10 21:06:43','2021-11-10 21:06:43',NULL),(922,'vero','Veniam rerum numquam facilis.',8,'available','2.jpg',352,'2021-11-10 21:06:43','2021-11-10 21:06:43',NULL),(923,'enim','Vitae qui dolores consequatur et nemo impedit. Beatae et laborum doloremque culpa.',7,'unavailable','1.jpg',592,'2021-11-10 21:06:43','2021-11-10 21:06:43',NULL),(924,'sit','Assumenda molestiae iusto quia illo aut quia. Exercitationem non autem veniam dolor eum dicta.',9,'available','1.jpg',502,'2021-11-10 21:06:43','2021-11-10 21:06:43',NULL),(925,'rem','Fugiat excepturi vero vel exercitationem quo.',7,'available','3.jpg',312,'2021-11-10 21:06:43','2021-11-10 21:06:43',NULL),(926,'repudiandae','Cupiditate qui asperiores suscipit deleniti labore dolor.',10,'available','1.jpg',81,'2021-11-10 21:06:43','2021-11-10 21:06:43',NULL),(927,'in','Quis vero sed et et omnis sed hic.',3,'available','3.jpg',8,'2021-11-10 21:06:43','2021-11-10 21:06:43',NULL),(928,'libero','Aut saepe nihil dignissimos minus.',1,'unavailable','3.jpg',591,'2021-11-10 21:06:43','2021-11-10 21:06:43',NULL),(929,'et','Veritatis repellendus voluptatem veritatis asperiores ea labore exercitationem.',2,'unavailable','2.jpg',100,'2021-11-10 21:06:43','2021-11-10 21:06:43',NULL),(930,'pariatur','Consequatur harum pariatur dignissimos nulla beatae voluptatum voluptas dolores.',10,'available','2.jpg',325,'2021-11-10 21:06:43','2021-11-10 21:06:43',NULL),(931,'ex','Ex sequi provident hic dolor.',3,'unavailable','2.jpg',495,'2021-11-10 21:06:43','2021-11-10 21:06:43',NULL),(932,'dolor','Voluptatem provident voluptates aut ut officia iure expedita. Aut quia porro consequatur ut veniam assumenda nemo.',5,'unavailable','3.jpg',229,'2021-11-10 21:06:43','2021-11-10 21:06:43',NULL),(933,'cumque','Error veritatis voluptatum omnis vero. Consequatur aliquid neque voluptates porro.',4,'available','3.jpg',257,'2021-11-10 21:06:43','2021-11-10 21:06:43',NULL),(934,'tenetur','Omnis provident repudiandae quos repellat distinctio voluptas quo.',8,'unavailable','1.jpg',666,'2021-11-10 21:06:43','2021-11-10 21:06:43',NULL),(935,'odit','Earum dolorum corporis voluptates voluptatem.',3,'unavailable','3.jpg',825,'2021-11-10 21:06:43','2021-11-10 21:06:43',NULL),(936,'voluptas','Eligendi minus nobis atque. Ab ab recusandae quos nemo dolorem ut maxime id.',4,'unavailable','2.jpg',139,'2021-11-10 21:06:43','2021-11-10 21:06:43',NULL),(937,'sapiente','Atque quis et sint. Quos animi cumque enim.',10,'available','3.jpg',578,'2021-11-10 21:06:43','2021-11-10 21:06:43',NULL),(938,'dolor','Quos voluptates expedita aut quasi quia et quibusdam est.',9,'available','2.jpg',671,'2021-11-10 21:06:43','2021-11-10 21:06:43',NULL),(939,'explicabo','Nulla quia reiciendis temporibus blanditiis eos cupiditate ut. Corporis iste officia corrupti id vero inventore.',4,'unavailable','2.jpg',457,'2021-11-10 21:06:43','2021-11-10 21:06:43',NULL),(940,'culpa','Velit sequi aut similique quo quam totam. Qui ut omnis quod error rerum.',9,'available','1.jpg',645,'2021-11-10 21:06:43','2021-11-10 21:06:43',NULL),(941,'sint','Rerum illum dolores pariatur dolorum dolores ab aut.',7,'unavailable','3.jpg',676,'2021-11-10 21:06:43','2021-11-10 21:06:43',NULL),(942,'architecto','Consequatur assumenda asperiores natus dolore eligendi delectus. Sapiente aspernatur magni cupiditate ipsa.',8,'available','3.jpg',941,'2021-11-10 21:06:43','2021-11-10 21:06:43',NULL),(943,'ab','Assumenda nobis perspiciatis molestiae.',1,'unavailable','1.jpg',485,'2021-11-10 21:06:43','2021-11-10 21:06:43',NULL),(944,'ut','Et dicta non laboriosam similique rerum. Sed sapiente molestiae quis omnis consequuntur.',9,'available','3.jpg',929,'2021-11-10 21:06:43','2021-11-10 21:06:43',NULL),(945,'voluptas','Officia eius occaecati magnam illo illum omnis blanditiis.',5,'available','1.jpg',573,'2021-11-10 21:06:43','2021-11-10 21:06:43',NULL),(946,'nobis','Ea veniam error nisi neque veritatis architecto quisquam minus.',1,'unavailable','1.jpg',530,'2021-11-10 21:06:43','2021-11-10 21:06:43',NULL),(947,'cupiditate','Et non quam esse quos. Quibusdam consectetur a non architecto qui tempore minus.',4,'unavailable','1.jpg',66,'2021-11-10 21:06:43','2021-11-10 21:06:43',NULL),(948,'et','Sed assumenda ducimus in et vel molestias rerum.',10,'unavailable','1.jpg',988,'2021-11-10 21:06:43','2021-11-10 21:06:43',NULL),(949,'nihil','In esse architecto ipsa veritatis accusamus. Animi quae repudiandae iure ut veritatis.',5,'available','1.jpg',551,'2021-11-10 21:06:43','2021-11-10 21:06:43',NULL),(950,'quae','Impedit dolorem dolorem minima perspiciatis qui et. Non omnis laboriosam occaecati vel fuga at repudiandae amet.',8,'unavailable','3.jpg',960,'2021-11-10 21:06:43','2021-11-10 21:06:43',NULL),(951,'sint','Distinctio quod ipsa animi necessitatibus. Dolorem dolorem libero et sed iure nam.',6,'unavailable','1.jpg',348,'2021-11-10 21:06:43','2021-11-10 21:06:43',NULL),(952,'optio','Illum sapiente aliquid inventore vel autem debitis minus. Est vitae reiciendis soluta dolores autem.',7,'available','2.jpg',208,'2021-11-10 21:06:43','2021-11-10 21:06:43',NULL),(953,'id','Voluptas aperiam ad quibusdam autem.',1,'unavailable','2.jpg',100,'2021-11-10 21:06:43','2021-11-10 21:06:43',NULL),(954,'similique','Odit reiciendis quis corrupti quia. Ex repellat consequatur aut qui eligendi sit in.',8,'available','3.jpg',990,'2021-11-10 21:06:43','2021-11-10 21:06:43',NULL),(955,'est','Ipsam veniam saepe facere ut et. Error dolores id mollitia et id.',1,'unavailable','3.jpg',394,'2021-11-10 21:06:43','2021-11-10 21:06:43',NULL),(956,'sit','Voluptatem laborum delectus eum labore quo.',2,'unavailable','3.jpg',597,'2021-11-10 21:06:43','2021-11-10 21:06:43',NULL),(957,'aliquam','Voluptatem nobis fugiat expedita eos assumenda ab et et.',2,'unavailable','2.jpg',116,'2021-11-10 21:06:43','2021-11-10 21:06:43',NULL),(958,'quo','Aut eum esse natus maxime.',8,'available','2.jpg',448,'2021-11-10 21:06:43','2021-11-10 21:06:43',NULL),(959,'quia','Consequuntur et quae repellendus eveniet ea qui laudantium. Vitae fugiat ratione harum molestias officia eum.',1,'unavailable','2.jpg',346,'2021-11-10 21:06:43','2021-11-10 21:06:43',NULL),(960,'magnam','Explicabo molestiae aut rerum rerum. Esse sequi reiciendis sunt et excepturi.',10,'available','1.jpg',110,'2021-11-10 21:06:43','2021-11-10 21:06:43',NULL),(961,'exercitationem','Iusto est qui magni molestiae praesentium possimus. Est omnis veniam eveniet nihil possimus.',3,'unavailable','2.jpg',323,'2021-11-10 21:06:43','2021-11-10 21:06:43',NULL),(962,'unde','Nam nihil placeat explicabo laboriosam qui sapiente. Et reprehenderit sequi doloremque totam sed illo corporis quam.',9,'available','3.jpg',929,'2021-11-10 21:06:43','2021-11-10 21:06:43',NULL),(963,'aut','Harum rerum esse et et.',9,'available','2.jpg',354,'2021-11-10 21:06:43','2021-11-10 21:06:43',NULL),(964,'et','Est aperiam odit aut qui aliquid dolorem.',5,'unavailable','1.jpg',597,'2021-11-10 21:06:43','2021-11-10 21:06:43',NULL),(965,'sit','Quis sunt quo quam magni. Necessitatibus esse ipsam sunt quo ullam animi totam.',1,'unavailable','1.jpg',370,'2021-11-10 21:06:43','2021-11-10 21:06:43',NULL),(966,'tempora','Accusantium praesentium laudantium voluptate optio.',5,'available','3.jpg',8,'2021-11-10 21:06:43','2021-11-10 21:06:43',NULL),(967,'error','Consequatur animi voluptas ipsa qui vel blanditiis quos.',4,'unavailable','3.jpg',322,'2021-11-10 21:06:43','2021-11-10 21:06:43',NULL),(968,'nam','Sed quisquam corporis est ratione et tempora ea libero. Voluptatem molestiae officiis assumenda sapiente voluptatibus dolorum qui.',9,'unavailable','1.jpg',265,'2021-11-10 21:06:43','2021-11-10 21:06:43',NULL),(969,'sed','Nam modi eius maiores.',1,'unavailable','2.jpg',846,'2021-11-10 21:06:43','2021-11-10 21:06:43',NULL),(970,'et','Magni corrupti voluptas voluptatem mollitia. Consequatur eos at recusandae deserunt quibusdam possimus asperiores.',10,'unavailable','3.jpg',547,'2021-11-10 21:06:43','2021-11-10 21:06:43',NULL),(971,'possimus','Et omnis inventore amet assumenda repellat.',6,'unavailable','3.jpg',102,'2021-11-10 21:06:43','2021-11-10 21:06:43',NULL),(972,'culpa','Nisi assumenda reiciendis itaque eum odio quo.',9,'available','3.jpg',617,'2021-11-10 21:06:43','2021-11-10 21:06:43',NULL),(973,'dicta','Dolor voluptas vitae qui dolorem accusamus est.',2,'unavailable','3.jpg',728,'2021-11-10 21:06:43','2021-11-10 21:06:43',NULL),(974,'saepe','Sint explicabo et voluptate et ut et.',4,'unavailable','1.jpg',734,'2021-11-10 21:06:43','2021-11-10 21:06:43',NULL),(975,'optio','Ea animi id qui doloribus tenetur minus. Ut voluptate quasi temporibus minima.',2,'unavailable','3.jpg',701,'2021-11-10 21:06:43','2021-11-10 21:06:43',NULL),(976,'inventore','Expedita ea voluptatem voluptatibus consequuntur. Et labore nam soluta.',1,'available','1.jpg',783,'2021-11-10 21:06:43','2021-11-10 21:06:43',NULL),(977,'facilis','Fuga minima rerum aut nesciunt saepe itaque. Voluptatem ut libero et aut.',7,'available','1.jpg',680,'2021-11-10 21:06:43','2021-11-10 21:06:43',NULL),(978,'vel','Ut a rerum quia aperiam sed rerum optio nostrum.',5,'available','2.jpg',617,'2021-11-10 21:06:43','2021-11-10 21:06:43',NULL),(979,'ut','Hic exercitationem et impedit et. Id ullam non voluptates provident expedita officiis sunt.',2,'unavailable','2.jpg',753,'2021-11-10 21:06:43','2021-11-10 21:06:43',NULL),(980,'ab','Blanditiis inventore dolor consequatur dolor aut.',8,'available','1.jpg',288,'2021-11-10 21:06:43','2021-11-10 21:06:43',NULL),(981,'quis','Rerum quam tempora aliquam facere non sit.',6,'available','3.jpg',676,'2021-11-10 21:06:43','2021-11-10 21:06:43',NULL),(982,'ullam','Illo quibusdam consequatur blanditiis perferendis est voluptatem.',5,'unavailable','1.jpg',199,'2021-11-10 21:06:43','2021-11-10 21:06:43',NULL),(983,'architecto','Voluptas adipisci velit ipsam eveniet omnis. Id fugiat provident mollitia illum est aliquam.',2,'unavailable','1.jpg',412,'2021-11-10 21:06:43','2021-11-10 21:06:43',NULL),(984,'et','Illum doloribus error dolor.',2,'unavailable','2.jpg',907,'2021-11-10 21:06:43','2021-11-10 21:06:43',NULL),(985,'quo','Aut est ex iste numquam voluptate. Fugiat eum est officia.',7,'available','2.jpg',872,'2021-11-10 21:06:43','2021-11-10 21:06:43',NULL),(986,'suscipit','Quam esse dolores non fuga dolore dicta provident. Voluptatibus totam provident optio.',10,'unavailable','3.jpg',394,'2021-11-10 21:06:43','2021-11-10 21:06:43',NULL),(987,'velit','Aspernatur dolores aut asperiores tempora. Perspiciatis ullam sint sequi alias sit.',6,'available','3.jpg',397,'2021-11-10 21:06:43','2021-11-10 21:06:43',NULL),(988,'velit','Ducimus veritatis placeat dignissimos alias libero esse. Cumque ea aut ipsa.',8,'available','2.jpg',103,'2021-11-10 21:06:43','2021-11-10 21:06:43',NULL),(989,'libero','Culpa est architecto ut voluptas nesciunt cumque eaque quae. Possimus aliquam aspernatur sit perferendis itaque voluptas.',2,'available','3.jpg',300,'2021-11-10 21:06:43','2021-11-10 21:06:43',NULL),(990,'autem','Explicabo unde est natus magnam ad deserunt.',7,'unavailable','3.jpg',535,'2021-11-10 21:06:43','2021-11-10 21:06:43',NULL),(991,'excepturi','Labore enim ea quo ut illum corrupti. Rerum voluptatem maxime incidunt excepturi eveniet.',9,'available','2.jpg',496,'2021-11-10 21:06:43','2021-11-10 21:06:43',NULL),(992,'assumenda','Eius animi illum rem cum aliquam.',8,'available','2.jpg',22,'2021-11-10 21:06:43','2021-11-10 21:06:43',NULL),(993,'neque','Voluptates quo dolor vel et vero. Impedit voluptatem reprehenderit est tempora et eos doloribus.',9,'unavailable','1.jpg',283,'2021-11-10 21:06:43','2021-11-10 21:06:43',NULL),(994,'ipsa','A laudantium sint saepe.',2,'unavailable','2.jpg',125,'2021-11-10 21:06:43','2021-11-10 21:06:43',NULL),(995,'ducimus','Quis placeat illo omnis aut amet. Est aliquid corrupti nihil qui eum ea est veritatis.',9,'unavailable','3.jpg',164,'2021-11-10 21:06:43','2021-11-10 21:06:43',NULL),(996,'culpa','Est similique quibusdam quo neque.',4,'unavailable','1.jpg',271,'2021-11-10 21:06:43','2021-11-10 21:06:43',NULL),(997,'veniam','Dolor sunt ipsa repellat doloremque nam. Impedit facere adipisci eius delectus beatae.',6,'available','2.jpg',52,'2021-11-10 21:06:43','2021-11-10 21:06:43',NULL),(998,'ad','Accusamus quis et ut ut dolorem et et.',10,'unavailable','2.jpg',753,'2021-11-10 21:06:43','2021-11-10 21:06:43',NULL),(999,'et','Voluptate sunt suscipit quaerat sequi corrupti.',4,'available','3.jpg',920,'2021-11-10 21:06:43','2021-11-10 21:06:43',NULL),(1000,'optio','Officiis nihil quas ab eum.',1,'unavailable','2.jpg',995,'2021-11-10 21:06:43','2021-11-10 21:06:43',NULL);
/*!40000 ALTER TABLE `products` ENABLE KEYS */;
UNLOCK TABLES;

--
-- Table structure for table `transactions`
--

DROP TABLE IF EXISTS `transactions`;
/*!40101 SET @saved_cs_client     = @@character_set_client */;
/*!50503 SET character_set_client = utf8mb4 */;
CREATE TABLE `transactions` (
  `id` int unsigned NOT NULL AUTO_INCREMENT,
  `quantity` int unsigned NOT NULL,
  `buyer_id` int unsigned NOT NULL,
  `product_id` int unsigned NOT NULL,
  `created_at` timestamp NULL DEFAULT NULL,
  `updated_at` timestamp NULL DEFAULT NULL,
  `deleted_at` timestamp NULL DEFAULT NULL,
  PRIMARY KEY (`id`),
  KEY `transactions_buyer_id_foreign` (`buyer_id`),
  KEY `transactions_product_id_foreign` (`product_id`),
  CONSTRAINT `transactions_buyer_id_foreign` FOREIGN KEY (`buyer_id`) REFERENCES `users` (`id`),
  CONSTRAINT `transactions_product_id_foreign` FOREIGN KEY (`product_id`) REFERENCES `products` (`id`)
) ENGINE=InnoDB AUTO_INCREMENT=1001 DEFAULT CHARSET=utf8mb4 COLLATE=utf8mb4_unicode_ci;
/*!40101 SET character_set_client = @saved_cs_client */;

--
-- Dumping data for table `transactions`
--

LOCK TABLES `transactions` WRITE;
/*!40000 ALTER TABLE `transactions` DISABLE KEYS */;
INSERT INTO `transactions` VALUES (1,2,787,959,'2021-11-10 21:06:58','2021-11-10 21:06:58',NULL),(2,1,519,506,'2021-11-10 21:06:58','2021-11-10 21:06:58',NULL),(3,2,146,565,'2021-11-10 21:06:58','2021-11-10 21:06:58',NULL),(4,3,635,871,'2021-11-10 21:06:58','2021-11-10 21:06:58',NULL),(5,1,983,627,'2021-11-10 21:06:58','2021-11-10 21:06:58',NULL),(6,1,33,514,'2021-11-10 21:06:58','2021-11-10 21:06:58',NULL),(7,1,955,266,'2021-11-10 21:06:58','2021-11-10 21:06:58',NULL),(8,3,510,307,'2021-11-10 21:06:58','2021-11-10 21:06:58',NULL),(9,2,909,673,'2021-11-10 21:06:58','2021-11-10 21:06:58',NULL),(10,2,912,742,'2021-11-10 21:06:58','2021-11-10 21:06:58',NULL),(11,2,978,953,'2021-11-10 21:06:58','2021-11-10 21:06:58',NULL),(12,2,46,408,'2021-11-10 21:06:58','2021-11-10 21:06:58',NULL),(13,3,178,976,'2021-11-10 21:06:58','2021-11-10 21:06:58',NULL),(14,2,666,75,'2021-11-10 21:06:58','2021-11-10 21:06:58',NULL),(15,1,242,809,'2021-11-10 21:06:58','2021-11-10 21:06:58',NULL),(16,1,546,403,'2021-11-10 21:06:58','2021-11-10 21:06:58',NULL),(17,2,978,217,'2021-11-10 21:06:58','2021-11-10 21:06:58',NULL),(18,3,458,48,'2021-11-10 21:06:58','2021-11-10 21:06:58',NULL),(19,3,526,713,'2021-11-10 21:06:58','2021-11-10 21:06:58',NULL),(20,2,662,203,'2021-11-10 21:06:58','2021-11-10 21:06:58',NULL),(21,1,436,57,'2021-11-10 21:06:58','2021-11-10 21:06:58',NULL),(22,2,248,998,'2021-11-10 21:06:58','2021-11-10 21:06:58',NULL),(23,3,475,231,'2021-11-10 21:06:58','2021-11-10 21:06:58',NULL),(24,3,878,89,'2021-11-10 21:06:58','2021-11-10 21:06:58',NULL),(25,1,311,343,'2021-11-10 21:06:58','2021-11-10 21:06:58',NULL),(26,3,262,928,'2021-11-10 21:06:58','2021-11-10 21:06:58',NULL),(27,2,742,557,'2021-11-10 21:06:58','2021-11-10 21:06:58',NULL),(28,3,994,829,'2021-11-10 21:06:58','2021-11-10 21:06:58',NULL),(29,2,558,873,'2021-11-10 21:06:58','2021-11-10 21:06:58',NULL),(30,2,251,117,'2021-11-10 21:06:58','2021-11-10 21:06:58',NULL),(31,3,109,600,'2021-11-10 21:06:58','2021-11-10 21:06:58',NULL),(32,3,414,881,'2021-11-10 21:06:58','2021-11-10 21:06:58',NULL),(33,3,444,249,'2021-11-10 21:06:58','2021-11-10 21:06:58',NULL),(34,3,464,800,'2021-11-10 21:06:58','2021-11-10 21:06:58',NULL),(35,2,720,69,'2021-11-10 21:06:58','2021-11-10 21:06:58',NULL),(36,1,400,814,'2021-11-10 21:06:58','2021-11-10 21:06:58',NULL),(37,3,183,338,'2021-11-10 21:06:58','2021-11-10 21:06:58',NULL),(38,2,361,717,'2021-11-10 21:06:58','2021-11-10 21:06:58',NULL),(39,2,577,76,'2021-11-10 21:06:58','2021-11-10 21:06:58',NULL),(40,2,918,693,'2021-11-10 21:06:58','2021-11-10 21:06:58',NULL),(41,3,204,660,'2021-11-10 21:06:58','2021-11-10 21:06:58',NULL),(42,3,792,557,'2021-11-10 21:06:58','2021-11-10 21:06:58',NULL),(43,2,700,94,'2021-11-10 21:06:58','2021-11-10 21:06:58',NULL),(44,2,888,911,'2021-11-10 21:06:58','2021-11-10 21:06:58',NULL),(45,3,476,704,'2021-11-10 21:06:58','2021-11-10 21:06:58',NULL),(46,2,370,102,'2021-11-10 21:06:58','2021-11-10 21:06:58',NULL),(47,2,734,47,'2021-11-10 21:06:58','2021-11-10 21:06:58',NULL),(48,3,480,619,'2021-11-10 21:06:58','2021-11-10 21:06:58',NULL),(49,2,457,93,'2021-11-10 21:06:58','2021-11-10 21:06:58',NULL),(50,2,224,628,'2021-11-10 21:06:58','2021-11-10 21:06:58',NULL),(51,3,734,720,'2021-11-10 21:06:58','2021-11-10 21:06:58',NULL),(52,3,931,24,'2021-11-10 21:06:58','2021-11-10 21:06:58',NULL),(53,1,334,691,'2021-11-10 21:06:58','2021-11-10 21:06:58',NULL),(54,3,163,858,'2021-11-10 21:06:58','2021-11-10 21:06:58',NULL),(55,2,842,924,'2021-11-10 21:06:58','2021-11-10 21:06:58',NULL),(56,3,237,990,'2021-11-10 21:06:58','2021-11-10 21:06:58',NULL),(57,2,481,320,'2021-11-10 21:06:58','2021-11-10 21:06:58',NULL),(58,3,224,203,'2021-11-10 21:06:58','2021-11-10 21:06:58',NULL),(59,1,296,221,'2021-11-10 21:06:58','2021-11-10 21:06:58',NULL),(60,3,859,673,'2021-11-10 21:06:58','2021-11-10 21:06:58',NULL),(61,3,952,116,'2021-11-10 21:06:58','2021-11-10 21:06:58',NULL),(62,2,192,616,'2021-11-10 21:06:58','2021-11-10 21:06:58',NULL),(63,2,142,28,'2021-11-10 21:06:58','2021-11-10 21:06:58',NULL),(64,3,65,704,'2021-11-10 21:06:58','2021-11-10 21:06:58',NULL),(65,1,688,915,'2021-11-10 21:06:58','2021-11-10 21:06:58',NULL),(66,3,455,678,'2021-11-10 21:06:58','2021-11-10 21:06:58',NULL),(67,1,483,204,'2021-11-10 21:06:58','2021-11-10 21:06:58',NULL),(68,2,966,795,'2021-11-10 21:06:58','2021-11-10 21:06:58',NULL),(69,3,562,642,'2021-11-10 21:06:58','2021-11-10 21:06:58',NULL),(70,2,390,761,'2021-11-10 21:06:58','2021-11-10 21:06:58',NULL),(71,3,106,281,'2021-11-10 21:06:58','2021-11-10 21:06:58',NULL),(72,1,845,786,'2021-11-10 21:06:58','2021-11-10 21:06:58',NULL),(73,3,975,946,'2021-11-10 21:06:58','2021-11-10 21:06:58',NULL),(74,1,598,267,'2021-11-10 21:06:58','2021-11-10 21:06:58',NULL),(75,1,612,693,'2021-11-10 21:06:58','2021-11-10 21:06:58',NULL),(76,1,914,428,'2021-11-10 21:06:58','2021-11-10 21:06:58',NULL),(77,2,811,325,'2021-11-10 21:06:58','2021-11-10 21:06:58',NULL),(78,2,767,246,'2021-11-10 21:06:58','2021-11-10 21:06:58',NULL),(79,3,181,32,'2021-11-10 21:06:58','2021-11-10 21:06:58',NULL),(80,1,516,454,'2021-11-10 21:06:58','2021-11-10 21:06:58',NULL),(81,1,278,119,'2021-11-10 21:06:58','2021-11-10 21:06:58',NULL),(82,2,900,52,'2021-11-10 21:06:58','2021-11-10 21:06:58',NULL),(83,3,527,142,'2021-11-10 21:06:58','2021-11-10 21:06:58',NULL),(84,3,735,47,'2021-11-10 21:06:58','2021-11-10 21:06:58',NULL),(85,3,785,433,'2021-11-10 21:06:58','2021-11-10 21:06:58',NULL),(86,3,411,563,'2021-11-10 21:06:58','2021-11-10 21:06:58',NULL),(87,3,273,72,'2021-11-10 21:06:58','2021-11-10 21:06:58',NULL),(88,3,163,891,'2021-11-10 21:06:58','2021-11-10 21:06:58',NULL),(89,1,366,585,'2021-11-10 21:06:58','2021-11-10 21:06:58',NULL),(90,2,810,360,'2021-11-10 21:06:58','2021-11-10 21:06:58',NULL),(91,2,875,265,'2021-11-10 21:06:58','2021-11-10 21:06:58',NULL),(92,1,715,56,'2021-11-10 21:06:58','2021-11-10 21:06:58',NULL),(93,1,776,12,'2021-11-10 21:06:58','2021-11-10 21:06:58',NULL),(94,1,372,847,'2021-11-10 21:06:58','2021-11-10 21:06:58',NULL),(95,1,790,862,'2021-11-10 21:06:58','2021-11-10 21:06:58',NULL),(96,3,827,184,'2021-11-10 21:06:58','2021-11-10 21:06:58',NULL),(97,2,377,217,'2021-11-10 21:06:58','2021-11-10 21:06:58',NULL),(98,1,432,529,'2021-11-10 21:06:58','2021-11-10 21:06:58',NULL),(99,1,704,837,'2021-11-10 21:06:58','2021-11-10 21:06:58',NULL),(100,2,422,158,'2021-11-10 21:06:58','2021-11-10 21:06:58',NULL),(101,3,692,680,'2021-11-10 21:06:58','2021-11-10 21:06:58',NULL),(102,1,513,184,'2021-11-10 21:06:58','2021-11-10 21:06:58',NULL),(103,2,905,251,'2021-11-10 21:06:58','2021-11-10 21:06:58',NULL),(104,3,305,550,'2021-11-10 21:06:58','2021-11-10 21:06:58',NULL),(105,1,439,726,'2021-11-10 21:06:58','2021-11-10 21:06:58',NULL),(106,3,421,380,'2021-11-10 21:06:58','2021-11-10 21:06:58',NULL),(107,1,99,784,'2021-11-10 21:06:58','2021-11-10 21:06:58',NULL),(108,1,169,522,'2021-11-10 21:06:58','2021-11-10 21:06:58',NULL),(109,3,826,500,'2021-11-10 21:06:58','2021-11-10 21:06:58',NULL),(110,1,451,652,'2021-11-10 21:06:58','2021-11-10 21:06:58',NULL),(111,3,198,722,'2021-11-10 21:06:58','2021-11-10 21:06:58',NULL),(112,2,13,202,'2021-11-10 21:06:58','2021-11-10 21:06:58',NULL),(113,2,937,846,'2021-11-10 21:06:58','2021-11-10 21:06:58',NULL),(114,1,303,537,'2021-11-10 21:06:58','2021-11-10 21:06:58',NULL),(115,2,95,163,'2021-11-10 21:06:58','2021-11-10 21:06:58',NULL),(116,3,286,902,'2021-11-10 21:06:58','2021-11-10 21:06:58',NULL),(117,2,163,883,'2021-11-10 21:06:58','2021-11-10 21:06:58',NULL),(118,1,594,515,'2021-11-10 21:06:58','2021-11-10 21:06:58',NULL),(119,2,236,125,'2021-11-10 21:06:58','2021-11-10 21:06:58',NULL),(120,1,623,543,'2021-11-10 21:06:58','2021-11-10 21:06:58',NULL),(121,2,952,94,'2021-11-10 21:06:58','2021-11-10 21:06:58',NULL),(122,3,127,66,'2021-11-10 21:06:58','2021-11-10 21:06:58',NULL),(123,2,416,554,'2021-11-10 21:06:58','2021-11-10 21:06:58',NULL),(124,2,874,215,'2021-11-10 21:06:58','2021-11-10 21:06:58',NULL),(125,2,347,184,'2021-11-10 21:06:58','2021-11-10 21:06:58',NULL),(126,1,222,969,'2021-11-10 21:06:58','2021-11-10 21:06:58',NULL),(127,1,113,552,'2021-11-10 21:06:58','2021-11-10 21:06:58',NULL),(128,1,838,56,'2021-11-10 21:06:58','2021-11-10 21:06:58',NULL),(129,3,770,793,'2021-11-10 21:06:58','2021-11-10 21:06:58',NULL),(130,1,882,821,'2021-11-10 21:06:58','2021-11-10 21:06:58',NULL),(131,1,948,847,'2021-11-10 21:06:58','2021-11-10 21:06:58',NULL),(132,2,822,828,'2021-11-10 21:06:58','2021-11-10 21:06:58',NULL),(133,1,503,858,'2021-11-10 21:06:58','2021-11-10 21:06:58',NULL),(134,2,193,93,'2021-11-10 21:06:58','2021-11-10 21:06:58',NULL),(135,1,173,714,'2021-11-10 21:06:58','2021-11-10 21:06:58',NULL),(136,1,152,984,'2021-11-10 21:06:58','2021-11-10 21:06:58',NULL),(137,2,696,47,'2021-11-10 21:06:58','2021-11-10 21:06:58',NULL),(138,1,675,300,'2021-11-10 21:06:58','2021-11-10 21:06:58',NULL),(139,1,780,37,'2021-11-10 21:06:58','2021-11-10 21:06:58',NULL),(140,1,923,990,'2021-11-10 21:06:58','2021-11-10 21:06:58',NULL),(141,3,239,370,'2021-11-10 21:06:58','2021-11-10 21:06:58',NULL),(142,1,326,138,'2021-11-10 21:06:58','2021-11-10 21:06:58',NULL),(143,2,170,572,'2021-11-10 21:06:58','2021-11-10 21:06:58',NULL),(144,3,195,280,'2021-11-10 21:06:58','2021-11-10 21:06:58',NULL),(145,3,419,244,'2021-11-10 21:06:58','2021-11-10 21:06:58',NULL),(146,2,10,32,'2021-11-10 21:06:58','2021-11-10 21:06:58',NULL),(147,2,43,530,'2021-11-10 21:06:58','2021-11-10 21:06:58',NULL),(148,3,138,167,'2021-11-10 21:06:58','2021-11-10 21:06:58',NULL),(149,2,643,983,'2021-11-10 21:06:58','2021-11-10 21:06:58',NULL),(150,1,5,66,'2021-11-10 21:06:58','2021-11-10 21:06:58',NULL),(151,1,637,218,'2021-11-10 21:06:58','2021-11-10 21:06:58',NULL),(152,2,389,97,'2021-11-10 21:06:58','2021-11-10 21:06:58',NULL),(153,3,242,912,'2021-11-10 21:06:58','2021-11-10 21:06:58',NULL),(154,3,883,412,'2021-11-10 21:06:58','2021-11-10 21:06:58',NULL),(155,1,772,406,'2021-11-10 21:06:58','2021-11-10 21:06:58',NULL),(156,1,515,359,'2021-11-10 21:06:58','2021-11-10 21:06:58',NULL),(157,2,498,508,'2021-11-10 21:06:58','2021-11-10 21:06:58',NULL),(158,2,685,924,'2021-11-10 21:06:58','2021-11-10 21:06:58',NULL),(159,1,662,559,'2021-11-10 21:06:58','2021-11-10 21:06:58',NULL),(160,3,358,149,'2021-11-10 21:06:58','2021-11-10 21:06:58',NULL),(161,2,951,902,'2021-11-10 21:06:58','2021-11-10 21:06:58',NULL),(162,2,485,311,'2021-11-10 21:06:58','2021-11-10 21:06:58',NULL),(163,2,698,456,'2021-11-10 21:06:58','2021-11-10 21:06:58',NULL),(164,3,846,280,'2021-11-10 21:06:58','2021-11-10 21:06:58',NULL),(165,3,971,951,'2021-11-10 21:06:58','2021-11-10 21:06:58',NULL),(166,2,412,793,'2021-11-10 21:06:58','2021-11-10 21:06:58',NULL),(167,1,701,182,'2021-11-10 21:06:58','2021-11-10 21:06:58',NULL),(168,2,441,666,'2021-11-10 21:06:58','2021-11-10 21:06:58',NULL),(169,3,90,475,'2021-11-10 21:06:58','2021-11-10 21:06:58',NULL),(170,2,503,163,'2021-11-10 21:06:58','2021-11-10 21:06:58',NULL),(171,3,238,324,'2021-11-10 21:06:58','2021-11-10 21:06:58',NULL),(172,3,716,297,'2021-11-10 21:06:58','2021-11-10 21:06:58',NULL),(173,3,87,822,'2021-11-10 21:06:58','2021-11-10 21:06:58',NULL),(174,2,112,592,'2021-11-10 21:06:58','2021-11-10 21:06:58',NULL),(175,1,489,791,'2021-11-10 21:06:58','2021-11-10 21:06:58',NULL),(176,3,947,538,'2021-11-10 21:06:58','2021-11-10 21:06:58',NULL),(177,1,356,850,'2021-11-10 21:06:58','2021-11-10 21:06:58',NULL),(178,3,95,382,'2021-11-10 21:06:58','2021-11-10 21:06:58',NULL),(179,3,686,838,'2021-11-10 21:06:58','2021-11-10 21:06:58',NULL),(180,1,100,386,'2021-11-10 21:06:58','2021-11-10 21:06:58',NULL),(181,1,252,850,'2021-11-10 21:06:58','2021-11-10 21:06:58',NULL),(182,3,321,278,'2021-11-10 21:06:58','2021-11-10 21:06:58',NULL),(183,3,435,905,'2021-11-10 21:06:58','2021-11-10 21:06:58',NULL),(184,2,760,475,'2021-11-10 21:06:58','2021-11-10 21:06:58',NULL),(185,2,768,819,'2021-11-10 21:06:58','2021-11-10 21:06:58',NULL),(186,3,74,177,'2021-11-10 21:06:58','2021-11-10 21:06:58',NULL),(187,2,95,213,'2021-11-10 21:06:58','2021-11-10 21:06:58',NULL),(188,1,332,774,'2021-11-10 21:06:58','2021-11-10 21:06:58',NULL),(189,3,539,23,'2021-11-10 21:06:58','2021-11-10 21:06:58',NULL),(190,1,941,656,'2021-11-10 21:06:58','2021-11-10 21:06:58',NULL),(191,3,742,138,'2021-11-10 21:06:58','2021-11-10 21:06:58',NULL),(192,1,821,605,'2021-11-10 21:06:58','2021-11-10 21:06:58',NULL),(193,2,576,366,'2021-11-10 21:06:58','2021-11-10 21:06:58',NULL),(194,1,277,269,'2021-11-10 21:06:58','2021-11-10 21:06:58',NULL),(195,3,611,441,'2021-11-10 21:06:58','2021-11-10 21:06:58',NULL),(196,2,688,876,'2021-11-10 21:06:58','2021-11-10 21:06:58',NULL),(197,1,840,928,'2021-11-10 21:06:58','2021-11-10 21:06:58',NULL),(198,2,191,443,'2021-11-10 21:06:58','2021-11-10 21:06:58',NULL),(199,1,953,215,'2021-11-10 21:06:58','2021-11-10 21:06:58',NULL),(200,2,268,285,'2021-11-10 21:06:58','2021-11-10 21:06:58',NULL),(201,3,497,4,'2021-11-10 21:06:58','2021-11-10 21:06:58',NULL),(202,3,438,582,'2021-11-10 21:06:58','2021-11-10 21:06:58',NULL),(203,3,300,453,'2021-11-10 21:06:58','2021-11-10 21:06:58',NULL),(204,1,595,677,'2021-11-10 21:06:58','2021-11-10 21:06:58',NULL),(205,3,982,651,'2021-11-10 21:06:58','2021-11-10 21:06:58',NULL),(206,1,722,929,'2021-11-10 21:06:58','2021-11-10 21:06:58',NULL),(207,2,401,12,'2021-11-10 21:06:58','2021-11-10 21:06:58',NULL),(208,3,164,209,'2021-11-10 21:06:58','2021-11-10 21:06:58',NULL),(209,2,441,101,'2021-11-10 21:06:58','2021-11-10 21:06:58',NULL),(210,1,770,495,'2021-11-10 21:06:58','2021-11-10 21:06:58',NULL),(211,2,845,181,'2021-11-10 21:06:58','2021-11-10 21:06:58',NULL),(212,2,692,326,'2021-11-10 21:06:58','2021-11-10 21:06:58',NULL),(213,1,584,214,'2021-11-10 21:06:58','2021-11-10 21:06:58',NULL),(214,1,781,647,'2021-11-10 21:06:58','2021-11-10 21:06:58',NULL),(215,3,589,167,'2021-11-10 21:06:58','2021-11-10 21:06:58',NULL),(216,3,73,3,'2021-11-10 21:06:58','2021-11-10 21:06:58',NULL),(217,3,893,398,'2021-11-10 21:06:58','2021-11-10 21:06:58',NULL),(218,2,929,509,'2021-11-10 21:06:58','2021-11-10 21:06:58',NULL),(219,3,81,477,'2021-11-10 21:06:58','2021-11-10 21:06:58',NULL),(220,2,180,279,'2021-11-10 21:06:58','2021-11-10 21:06:58',NULL),(221,1,725,496,'2021-11-10 21:06:58','2021-11-10 21:06:58',NULL),(222,3,216,141,'2021-11-10 21:06:58','2021-11-10 21:06:58',NULL),(223,1,726,340,'2021-11-10 21:06:58','2021-11-10 21:06:58',NULL),(224,2,488,109,'2021-11-10 21:06:58','2021-11-10 21:06:58',NULL),(225,2,233,637,'2021-11-10 21:06:58','2021-11-10 21:06:58',NULL),(226,2,456,348,'2021-11-10 21:06:58','2021-11-10 21:06:58',NULL),(227,1,621,689,'2021-11-10 21:06:58','2021-11-10 21:06:58',NULL),(228,1,837,53,'2021-11-10 21:06:58','2021-11-10 21:06:58',NULL),(229,1,349,37,'2021-11-10 21:06:58','2021-11-10 21:06:58',NULL),(230,3,261,303,'2021-11-10 21:06:58','2021-11-10 21:06:58',NULL),(231,3,316,643,'2021-11-10 21:06:58','2021-11-10 21:06:58',NULL),(232,3,63,510,'2021-11-10 21:06:58','2021-11-10 21:06:58',NULL),(233,3,279,856,'2021-11-10 21:06:58','2021-11-10 21:06:58',NULL),(234,2,735,977,'2021-11-10 21:06:58','2021-11-10 21:06:58',NULL),(235,1,319,442,'2021-11-10 21:06:58','2021-11-10 21:06:58',NULL),(236,2,569,64,'2021-11-10 21:06:58','2021-11-10 21:06:58',NULL),(237,3,595,190,'2021-11-10 21:06:58','2021-11-10 21:06:58',NULL),(238,1,741,300,'2021-11-10 21:06:58','2021-11-10 21:06:58',NULL),(239,2,767,773,'2021-11-10 21:06:58','2021-11-10 21:06:58',NULL),(240,2,139,754,'2021-11-10 21:06:58','2021-11-10 21:06:58',NULL),(241,2,69,693,'2021-11-10 21:06:58','2021-11-10 21:06:58',NULL),(242,2,939,451,'2021-11-10 21:06:58','2021-11-10 21:06:58',NULL),(243,3,431,685,'2021-11-10 21:06:58','2021-11-10 21:06:58',NULL),(244,3,256,912,'2021-11-10 21:06:58','2021-11-10 21:06:58',NULL),(245,3,781,734,'2021-11-10 21:06:58','2021-11-10 21:06:58',NULL),(246,2,979,44,'2021-11-10 21:06:58','2021-11-10 21:06:58',NULL),(247,1,833,169,'2021-11-10 21:06:58','2021-11-10 21:06:58',NULL),(248,3,903,290,'2021-11-10 21:06:58','2021-11-10 21:06:58',NULL),(249,3,186,411,'2021-11-10 21:06:58','2021-11-10 21:06:58',NULL),(250,1,768,965,'2021-11-10 21:06:58','2021-11-10 21:06:58',NULL),(251,3,280,718,'2021-11-10 21:06:58','2021-11-10 21:06:58',NULL),(252,2,637,779,'2021-11-10 21:06:58','2021-11-10 21:06:58',NULL),(253,1,507,251,'2021-11-10 21:06:58','2021-11-10 21:06:58',NULL),(254,2,68,766,'2021-11-10 21:06:58','2021-11-10 21:06:58',NULL),(255,1,489,396,'2021-11-10 21:06:58','2021-11-10 21:06:58',NULL),(256,1,256,346,'2021-11-10 21:06:58','2021-11-10 21:06:58',NULL),(257,3,793,528,'2021-11-10 21:06:58','2021-11-10 21:06:58',NULL),(258,2,750,388,'2021-11-10 21:06:58','2021-11-10 21:06:58',NULL),(259,1,698,969,'2021-11-10 21:06:58','2021-11-10 21:06:58',NULL),(260,3,683,549,'2021-11-10 21:06:58','2021-11-10 21:06:58',NULL),(261,2,936,520,'2021-11-10 21:06:58','2021-11-10 21:06:58',NULL),(262,2,181,733,'2021-11-10 21:06:58','2021-11-10 21:06:58',NULL),(263,1,637,881,'2021-11-10 21:06:58','2021-11-10 21:06:58',NULL),(264,3,301,589,'2021-11-10 21:06:58','2021-11-10 21:06:58',NULL),(265,1,240,973,'2021-11-10 21:06:58','2021-11-10 21:06:58',NULL),(266,1,697,247,'2021-11-10 21:06:58','2021-11-10 21:06:58',NULL),(267,3,739,823,'2021-11-10 21:06:58','2021-11-10 21:06:58',NULL),(268,1,74,761,'2021-11-10 21:06:58','2021-11-10 21:06:58',NULL),(269,3,634,330,'2021-11-10 21:06:58','2021-11-10 21:06:58',NULL),(270,1,166,694,'2021-11-10 21:06:58','2021-11-10 21:06:58',NULL),(271,2,536,498,'2021-11-10 21:06:58','2021-11-10 21:06:58',NULL),(272,2,667,970,'2021-11-10 21:06:58','2021-11-10 21:06:58',NULL),(273,3,709,338,'2021-11-10 21:06:58','2021-11-10 21:06:58',NULL),(274,2,27,272,'2021-11-10 21:06:58','2021-11-10 21:06:58',NULL),(275,2,264,814,'2021-11-10 21:06:58','2021-11-10 21:06:58',NULL),(276,3,308,139,'2021-11-10 21:06:58','2021-11-10 21:06:58',NULL),(277,2,982,442,'2021-11-10 21:06:58','2021-11-10 21:06:58',NULL),(278,3,512,265,'2021-11-10 21:06:58','2021-11-10 21:06:58',NULL),(279,3,823,177,'2021-11-10 21:06:58','2021-11-10 21:06:58',NULL),(280,1,228,385,'2021-11-10 21:06:58','2021-11-10 21:06:58',NULL),(281,1,154,844,'2021-11-10 21:06:58','2021-11-10 21:06:58',NULL),(282,3,856,965,'2021-11-10 21:06:58','2021-11-10 21:06:58',NULL),(283,2,805,454,'2021-11-10 21:06:58','2021-11-10 21:06:58',NULL),(284,2,497,962,'2021-11-10 21:06:58','2021-11-10 21:06:58',NULL),(285,3,14,701,'2021-11-10 21:06:58','2021-11-10 21:06:58',NULL),(286,3,316,548,'2021-11-10 21:06:58','2021-11-10 21:06:58',NULL),(287,2,193,126,'2021-11-10 21:06:58','2021-11-10 21:06:58',NULL),(288,1,598,408,'2021-11-10 21:06:58','2021-11-10 21:06:58',NULL),(289,2,637,566,'2021-11-10 21:06:58','2021-11-10 21:06:58',NULL),(290,3,664,856,'2021-11-10 21:06:58','2021-11-10 21:06:58',NULL),(291,1,33,374,'2021-11-10 21:06:58','2021-11-10 21:06:58',NULL),(292,2,72,764,'2021-11-10 21:06:58','2021-11-10 21:06:58',NULL),(293,3,739,591,'2021-11-10 21:06:58','2021-11-10 21:06:58',NULL),(294,1,875,581,'2021-11-10 21:06:58','2021-11-10 21:06:58',NULL),(295,1,234,863,'2021-11-10 21:06:58','2021-11-10 21:06:58',NULL),(296,1,12,790,'2021-11-10 21:06:58','2021-11-10 21:06:58',NULL),(297,1,770,126,'2021-11-10 21:06:58','2021-11-10 21:06:58',NULL),(298,2,522,484,'2021-11-10 21:06:58','2021-11-10 21:06:58',NULL),(299,2,95,722,'2021-11-10 21:06:58','2021-11-10 21:06:58',NULL),(300,1,461,913,'2021-11-10 21:06:58','2021-11-10 21:06:58',NULL),(301,3,436,308,'2021-11-10 21:06:58','2021-11-10 21:06:58',NULL),(302,1,546,444,'2021-11-10 21:06:58','2021-11-10 21:06:58',NULL),(303,3,518,189,'2021-11-10 21:06:58','2021-11-10 21:06:58',NULL),(304,1,123,335,'2021-11-10 21:06:58','2021-11-10 21:06:58',NULL),(305,2,87,624,'2021-11-10 21:06:58','2021-11-10 21:06:58',NULL),(306,2,650,81,'2021-11-10 21:06:58','2021-11-10 21:06:58',NULL),(307,2,88,431,'2021-11-10 21:06:58','2021-11-10 21:06:58',NULL),(308,1,999,831,'2021-11-10 21:06:58','2021-11-10 21:06:58',NULL),(309,1,638,526,'2021-11-10 21:06:58','2021-11-10 21:06:58',NULL),(310,3,697,928,'2021-11-10 21:06:58','2021-11-10 21:06:58',NULL),(311,3,545,692,'2021-11-10 21:06:58','2021-11-10 21:06:58',NULL),(312,2,154,20,'2021-11-10 21:06:58','2021-11-10 21:06:58',NULL),(313,2,447,281,'2021-11-10 21:06:58','2021-11-10 21:06:58',NULL),(314,3,337,43,'2021-11-10 21:06:58','2021-11-10 21:06:58',NULL),(315,1,453,475,'2021-11-10 21:06:58','2021-11-10 21:06:58',NULL),(316,3,515,25,'2021-11-10 21:06:58','2021-11-10 21:06:58',NULL),(317,3,418,430,'2021-11-10 21:06:58','2021-11-10 21:06:58',NULL),(318,2,388,45,'2021-11-10 21:06:58','2021-11-10 21:06:58',NULL),(319,3,3,688,'2021-11-10 21:06:58','2021-11-10 21:06:58',NULL),(320,1,608,591,'2021-11-10 21:06:58','2021-11-10 21:06:58',NULL),(321,3,373,933,'2021-11-10 21:06:58','2021-11-10 21:06:58',NULL),(322,1,277,119,'2021-11-10 21:06:58','2021-11-10 21:06:58',NULL),(323,1,383,883,'2021-11-10 21:06:58','2021-11-10 21:06:58',NULL),(324,1,128,717,'2021-11-10 21:06:58','2021-11-10 21:06:58',NULL),(325,2,310,52,'2021-11-10 21:06:58','2021-11-10 21:06:58',NULL),(326,2,999,555,'2021-11-10 21:06:58','2021-11-10 21:06:58',NULL),(327,2,516,510,'2021-11-10 21:06:58','2021-11-10 21:06:58',NULL),(328,3,21,895,'2021-11-10 21:06:58','2021-11-10 21:06:58',NULL),(329,1,333,707,'2021-11-10 21:06:58','2021-11-10 21:06:58',NULL),(330,3,167,967,'2021-11-10 21:06:58','2021-11-10 21:06:58',NULL),(331,2,936,996,'2021-11-10 21:06:58','2021-11-10 21:06:58',NULL),(332,2,427,858,'2021-11-10 21:06:58','2021-11-10 21:06:58',NULL),(333,3,133,47,'2021-11-10 21:06:58','2021-11-10 21:06:58',NULL),(334,3,315,115,'2021-11-10 21:06:58','2021-11-10 21:06:58',NULL),(335,1,880,224,'2021-11-10 21:06:58','2021-11-10 21:06:58',NULL),(336,1,978,317,'2021-11-10 21:06:58','2021-11-10 21:06:58',NULL),(337,3,751,1000,'2021-11-10 21:06:58','2021-11-10 21:06:58',NULL),(338,2,764,105,'2021-11-10 21:06:58','2021-11-10 21:06:58',NULL),(339,2,191,109,'2021-11-10 21:06:58','2021-11-10 21:06:58',NULL),(340,3,625,297,'2021-11-10 21:06:58','2021-11-10 21:06:58',NULL),(341,2,530,706,'2021-11-10 21:06:58','2021-11-10 21:06:58',NULL),(342,3,871,724,'2021-11-10 21:06:58','2021-11-10 21:06:58',NULL),(343,2,417,782,'2021-11-10 21:06:58','2021-11-10 21:06:58',NULL),(344,1,434,521,'2021-11-10 21:06:58','2021-11-10 21:06:58',NULL),(345,1,195,307,'2021-11-10 21:06:58','2021-11-10 21:06:58',NULL),(346,2,640,702,'2021-11-10 21:06:58','2021-11-10 21:06:58',NULL),(347,2,917,311,'2021-11-10 21:06:58','2021-11-10 21:06:58',NULL),(348,2,298,403,'2021-11-10 21:06:58','2021-11-10 21:06:58',NULL),(349,2,763,10,'2021-11-10 21:06:58','2021-11-10 21:06:58',NULL),(350,1,466,470,'2021-11-10 21:06:58','2021-11-10 21:06:58',NULL),(351,1,178,846,'2021-11-10 21:06:58','2021-11-10 21:06:58',NULL),(352,3,993,981,'2021-11-10 21:06:58','2021-11-10 21:06:58',NULL),(353,3,482,234,'2021-11-10 21:06:58','2021-11-10 21:06:58',NULL),(354,2,164,211,'2021-11-10 21:06:58','2021-11-10 21:06:58',NULL),(355,3,64,920,'2021-11-10 21:06:58','2021-11-10 21:06:58',NULL),(356,1,829,597,'2021-11-10 21:06:58','2021-11-10 21:06:58',NULL),(357,1,731,361,'2021-11-10 21:06:58','2021-11-10 21:06:58',NULL),(358,2,331,492,'2021-11-10 21:06:58','2021-11-10 21:06:58',NULL),(359,2,740,513,'2021-11-10 21:06:58','2021-11-10 21:06:58',NULL),(360,2,433,821,'2021-11-10 21:06:58','2021-11-10 21:06:58',NULL),(361,2,420,185,'2021-11-10 21:06:58','2021-11-10 21:06:58',NULL),(362,3,270,590,'2021-11-10 21:06:58','2021-11-10 21:06:58',NULL),(363,3,309,635,'2021-11-10 21:06:58','2021-11-10 21:06:58',NULL),(364,1,544,548,'2021-11-10 21:06:58','2021-11-10 21:06:58',NULL),(365,2,785,459,'2021-11-10 21:06:58','2021-11-10 21:06:58',NULL),(366,3,525,153,'2021-11-10 21:06:58','2021-11-10 21:06:58',NULL),(367,2,946,992,'2021-11-10 21:06:58','2021-11-10 21:06:58',NULL),(368,3,105,566,'2021-11-10 21:06:58','2021-11-10 21:06:58',NULL),(369,3,523,902,'2021-11-10 21:06:58','2021-11-10 21:06:58',NULL),(370,3,44,596,'2021-11-10 21:06:58','2021-11-10 21:06:58',NULL),(371,1,939,273,'2021-11-10 21:06:58','2021-11-10 21:06:58',NULL),(372,1,664,335,'2021-11-10 21:06:58','2021-11-10 21:06:58',NULL),(373,3,946,332,'2021-11-10 21:06:58','2021-11-10 21:06:58',NULL),(374,2,659,139,'2021-11-10 21:06:58','2021-11-10 21:06:58',NULL),(375,1,412,46,'2021-11-10 21:06:58','2021-11-10 21:06:58',NULL),(376,1,875,779,'2021-11-10 21:06:58','2021-11-10 21:06:58',NULL),(377,3,746,489,'2021-11-10 21:06:58','2021-11-10 21:06:58',NULL),(378,2,817,744,'2021-11-10 21:06:58','2021-11-10 21:06:58',NULL),(379,1,813,310,'2021-11-10 21:06:58','2021-11-10 21:06:58',NULL),(380,2,309,108,'2021-11-10 21:06:58','2021-11-10 21:06:58',NULL),(381,3,544,416,'2021-11-10 21:06:58','2021-11-10 21:06:58',NULL),(382,3,691,701,'2021-11-10 21:06:58','2021-11-10 21:06:58',NULL),(383,1,9,722,'2021-11-10 21:06:58','2021-11-10 21:06:58',NULL),(384,2,295,481,'2021-11-10 21:06:58','2021-11-10 21:06:58',NULL),(385,1,369,862,'2021-11-10 21:06:58','2021-11-10 21:06:58',NULL),(386,1,625,958,'2021-11-10 21:06:58','2021-11-10 21:06:58',NULL),(387,3,285,141,'2021-11-10 21:06:58','2021-11-10 21:06:58',NULL),(388,2,968,792,'2021-11-10 21:06:58','2021-11-10 21:06:58',NULL),(389,3,102,234,'2021-11-10 21:06:58','2021-11-10 21:06:58',NULL),(390,2,271,891,'2021-11-10 21:06:58','2021-11-10 21:06:58',NULL),(391,2,486,184,'2021-11-10 21:06:58','2021-11-10 21:06:58',NULL),(392,2,999,376,'2021-11-10 21:06:58','2021-11-10 21:06:58',NULL),(393,3,660,628,'2021-11-10 21:06:58','2021-11-10 21:06:58',NULL),(394,1,41,333,'2021-11-10 21:06:58','2021-11-10 21:06:58',NULL),(395,1,781,210,'2021-11-10 21:06:58','2021-11-10 21:06:58',NULL),(396,3,814,799,'2021-11-10 21:06:58','2021-11-10 21:06:58',NULL),(397,3,392,412,'2021-11-10 21:06:58','2021-11-10 21:06:58',NULL),(398,2,590,226,'2021-11-10 21:06:58','2021-11-10 21:06:58',NULL),(399,1,451,376,'2021-11-10 21:06:58','2021-11-10 21:06:58',NULL),(400,2,882,437,'2021-11-10 21:06:58','2021-11-10 21:06:58',NULL),(401,2,541,79,'2021-11-10 21:06:58','2021-11-10 21:06:58',NULL),(402,2,350,366,'2021-11-10 21:06:58','2021-11-10 21:06:58',NULL),(403,1,5,533,'2021-11-10 21:06:58','2021-11-10 21:06:58',NULL),(404,2,859,453,'2021-11-10 21:06:58','2021-11-10 21:06:58',NULL),(405,1,973,127,'2021-11-10 21:06:59','2021-11-10 21:06:59',NULL),(406,3,977,348,'2021-11-10 21:06:59','2021-11-10 21:06:59',NULL),(407,1,507,385,'2021-11-10 21:06:59','2021-11-10 21:06:59',NULL),(408,1,360,410,'2021-11-10 21:06:59','2021-11-10 21:06:59',NULL),(409,1,822,910,'2021-11-10 21:06:59','2021-11-10 21:06:59',NULL),(410,3,730,908,'2021-11-10 21:06:59','2021-11-10 21:06:59',NULL),(411,2,570,215,'2021-11-10 21:06:59','2021-11-10 21:06:59',NULL),(412,2,960,8,'2021-11-10 21:06:59','2021-11-10 21:06:59',NULL),(413,3,802,537,'2021-11-10 21:06:59','2021-11-10 21:06:59',NULL),(414,2,287,89,'2021-11-10 21:06:59','2021-11-10 21:06:59',NULL),(415,2,607,730,'2021-11-10 21:06:59','2021-11-10 21:06:59',NULL),(416,1,432,216,'2021-11-10 21:06:59','2021-11-10 21:06:59',NULL),(417,1,618,677,'2021-11-10 21:06:59','2021-11-10 21:06:59',NULL),(418,2,519,402,'2021-11-10 21:06:59','2021-11-10 21:06:59',NULL),(419,3,80,156,'2021-11-10 21:06:59','2021-11-10 21:06:59',NULL),(420,1,397,802,'2021-11-10 21:06:59','2021-11-10 21:06:59',NULL),(421,1,735,986,'2021-11-10 21:06:59','2021-11-10 21:06:59',NULL),(422,1,348,588,'2021-11-10 21:06:59','2021-11-10 21:06:59',NULL),(423,3,584,58,'2021-11-10 21:06:59','2021-11-10 21:06:59',NULL),(424,3,502,674,'2021-11-10 21:06:59','2021-11-10 21:06:59',NULL),(425,1,70,747,'2021-11-10 21:06:59','2021-11-10 21:06:59',NULL),(426,3,185,505,'2021-11-10 21:06:59','2021-11-10 21:06:59',NULL),(427,2,838,281,'2021-11-10 21:06:59','2021-11-10 21:06:59',NULL),(428,2,512,125,'2021-11-10 21:06:59','2021-11-10 21:06:59',NULL),(429,1,156,992,'2021-11-10 21:06:59','2021-11-10 21:06:59',NULL),(430,1,350,973,'2021-11-10 21:06:59','2021-11-10 21:06:59',NULL),(431,1,447,609,'2021-11-10 21:06:59','2021-11-10 21:06:59',NULL),(432,2,236,570,'2021-11-10 21:06:59','2021-11-10 21:06:59',NULL),(433,1,195,465,'2021-11-10 21:06:59','2021-11-10 21:06:59',NULL),(434,1,824,940,'2021-11-10 21:06:59','2021-11-10 21:06:59',NULL),(435,3,286,358,'2021-11-10 21:06:59','2021-11-10 21:06:59',NULL),(436,2,616,689,'2021-11-10 21:06:59','2021-11-10 21:06:59',NULL),(437,2,480,540,'2021-11-10 21:06:59','2021-11-10 21:06:59',NULL),(438,2,514,682,'2021-11-10 21:06:59','2021-11-10 21:06:59',NULL),(439,2,218,411,'2021-11-10 21:06:59','2021-11-10 21:06:59',NULL),(440,2,492,242,'2021-11-10 21:06:59','2021-11-10 21:06:59',NULL),(441,2,561,238,'2021-11-10 21:06:59','2021-11-10 21:06:59',NULL),(442,1,191,590,'2021-11-10 21:06:59','2021-11-10 21:06:59',NULL),(443,3,203,101,'2021-11-10 21:06:59','2021-11-10 21:06:59',NULL),(444,1,925,584,'2021-11-10 21:06:59','2021-11-10 21:06:59',NULL),(445,2,663,879,'2021-11-10 21:06:59','2021-11-10 21:06:59',NULL),(446,2,403,909,'2021-11-10 21:06:59','2021-11-10 21:06:59',NULL),(447,2,733,611,'2021-11-10 21:06:59','2021-11-10 21:06:59',NULL),(448,3,591,880,'2021-11-10 21:06:59','2021-11-10 21:06:59',NULL),(449,3,300,109,'2021-11-10 21:06:59','2021-11-10 21:06:59',NULL),(450,2,667,983,'2021-11-10 21:06:59','2021-11-10 21:06:59',NULL),(451,3,395,200,'2021-11-10 21:06:59','2021-11-10 21:06:59',NULL),(452,1,191,107,'2021-11-10 21:06:59','2021-11-10 21:06:59',NULL),(453,3,581,867,'2021-11-10 21:06:59','2021-11-10 21:06:59',NULL),(454,2,497,69,'2021-11-10 21:06:59','2021-11-10 21:06:59',NULL),(455,1,268,457,'2021-11-10 21:06:59','2021-11-10 21:06:59',NULL),(456,2,648,355,'2021-11-10 21:06:59','2021-11-10 21:06:59',NULL),(457,3,693,731,'2021-11-10 21:06:59','2021-11-10 21:06:59',NULL),(458,1,163,652,'2021-11-10 21:06:59','2021-11-10 21:06:59',NULL),(459,1,60,592,'2021-11-10 21:06:59','2021-11-10 21:06:59',NULL),(460,3,665,347,'2021-11-10 21:06:59','2021-11-10 21:06:59',NULL),(461,1,447,960,'2021-11-10 21:06:59','2021-11-10 21:06:59',NULL),(462,2,632,511,'2021-11-10 21:06:59','2021-11-10 21:06:59',NULL),(463,3,365,667,'2021-11-10 21:06:59','2021-11-10 21:06:59',NULL),(464,2,444,213,'2021-11-10 21:06:59','2021-11-10 21:06:59',NULL),(465,2,211,456,'2021-11-10 21:06:59','2021-11-10 21:06:59',NULL),(466,1,631,789,'2021-11-10 21:06:59','2021-11-10 21:06:59',NULL),(467,2,912,431,'2021-11-10 21:06:59','2021-11-10 21:06:59',NULL),(468,2,798,734,'2021-11-10 21:06:59','2021-11-10 21:06:59',NULL),(469,3,699,742,'2021-11-10 21:06:59','2021-11-10 21:06:59',NULL),(470,1,417,511,'2021-11-10 21:06:59','2021-11-10 21:06:59',NULL),(471,3,784,280,'2021-11-10 21:06:59','2021-11-10 21:06:59',NULL),(472,2,33,363,'2021-11-10 21:06:59','2021-11-10 21:06:59',NULL),(473,1,228,774,'2021-11-10 21:06:59','2021-11-10 21:06:59',NULL),(474,3,121,333,'2021-11-10 21:06:59','2021-11-10 21:06:59',NULL),(475,2,739,650,'2021-11-10 21:06:59','2021-11-10 21:06:59',NULL),(476,3,17,456,'2021-11-10 21:06:59','2021-11-10 21:06:59',NULL),(477,1,748,888,'2021-11-10 21:06:59','2021-11-10 21:06:59',NULL),(478,3,985,958,'2021-11-10 21:06:59','2021-11-10 21:06:59',NULL),(479,3,344,7,'2021-11-10 21:06:59','2021-11-10 21:06:59',NULL),(480,1,385,505,'2021-11-10 21:06:59','2021-11-10 21:06:59',NULL),(481,3,905,556,'2021-11-10 21:06:59','2021-11-10 21:06:59',NULL),(482,3,374,438,'2021-11-10 21:06:59','2021-11-10 21:06:59',NULL),(483,2,892,315,'2021-11-10 21:06:59','2021-11-10 21:06:59',NULL),(484,3,488,467,'2021-11-10 21:06:59','2021-11-10 21:06:59',NULL),(485,2,959,560,'2021-11-10 21:06:59','2021-11-10 21:06:59',NULL),(486,2,715,970,'2021-11-10 21:06:59','2021-11-10 21:06:59',NULL),(487,3,997,540,'2021-11-10 21:06:59','2021-11-10 21:06:59',NULL),(488,3,814,591,'2021-11-10 21:06:59','2021-11-10 21:06:59',NULL),(489,3,69,376,'2021-11-10 21:06:59','2021-11-10 21:06:59',NULL),(490,2,174,777,'2021-11-10 21:06:59','2021-11-10 21:06:59',NULL),(491,3,160,168,'2021-11-10 21:06:59','2021-11-10 21:06:59',NULL),(492,3,720,735,'2021-11-10 21:06:59','2021-11-10 21:06:59',NULL),(493,3,944,224,'2021-11-10 21:06:59','2021-11-10 21:06:59',NULL),(494,2,255,671,'2021-11-10 21:06:59','2021-11-10 21:06:59',NULL),(495,1,400,640,'2021-11-10 21:06:59','2021-11-10 21:06:59',NULL),(496,3,991,514,'2021-11-10 21:06:59','2021-11-10 21:06:59',NULL),(497,2,713,102,'2021-11-10 21:06:59','2021-11-10 21:06:59',NULL),(498,3,822,383,'2021-11-10 21:06:59','2021-11-10 21:06:59',NULL),(499,2,376,538,'2021-11-10 21:06:59','2021-11-10 21:06:59',NULL),(500,2,359,605,'2021-11-10 21:06:59','2021-11-10 21:06:59',NULL),(501,2,589,552,'2021-11-10 21:06:59','2021-11-10 21:06:59',NULL),(502,1,447,831,'2021-11-10 21:06:59','2021-11-10 21:06:59',NULL),(503,1,350,209,'2021-11-10 21:06:59','2021-11-10 21:06:59',NULL),(504,3,68,745,'2021-11-10 21:06:59','2021-11-10 21:06:59',NULL),(505,3,819,387,'2021-11-10 21:06:59','2021-11-10 21:06:59',NULL),(506,1,680,352,'2021-11-10 21:06:59','2021-11-10 21:06:59',NULL),(507,3,332,892,'2021-11-10 21:06:59','2021-11-10 21:06:59',NULL),(508,3,928,358,'2021-11-10 21:06:59','2021-11-10 21:06:59',NULL),(509,1,250,376,'2021-11-10 21:06:59','2021-11-10 21:06:59',NULL),(510,2,156,657,'2021-11-10 21:06:59','2021-11-10 21:06:59',NULL),(511,3,520,899,'2021-11-10 21:06:59','2021-11-10 21:06:59',NULL),(512,2,662,791,'2021-11-10 21:06:59','2021-11-10 21:06:59',NULL),(513,2,911,589,'2021-11-10 21:06:59','2021-11-10 21:06:59',NULL),(514,2,87,800,'2021-11-10 21:06:59','2021-11-10 21:06:59',NULL),(515,3,884,481,'2021-11-10 21:06:59','2021-11-10 21:06:59',NULL),(516,1,220,253,'2021-11-10 21:06:59','2021-11-10 21:06:59',NULL),(517,2,472,563,'2021-11-10 21:06:59','2021-11-10 21:06:59',NULL),(518,2,681,247,'2021-11-10 21:06:59','2021-11-10 21:06:59',NULL),(519,2,402,999,'2021-11-10 21:06:59','2021-11-10 21:06:59',NULL),(520,1,54,577,'2021-11-10 21:06:59','2021-11-10 21:06:59',NULL),(521,2,338,201,'2021-11-10 21:06:59','2021-11-10 21:06:59',NULL),(522,3,798,186,'2021-11-10 21:06:59','2021-11-10 21:06:59',NULL),(523,1,305,687,'2021-11-10 21:06:59','2021-11-10 21:06:59',NULL),(524,3,282,284,'2021-11-10 21:06:59','2021-11-10 21:06:59',NULL),(525,2,174,903,'2021-11-10 21:06:59','2021-11-10 21:06:59',NULL),(526,3,217,674,'2021-11-10 21:06:59','2021-11-10 21:06:59',NULL),(527,2,480,510,'2021-11-10 21:06:59','2021-11-10 21:06:59',NULL),(528,1,815,540,'2021-11-10 21:06:59','2021-11-10 21:06:59',NULL),(529,2,62,431,'2021-11-10 21:06:59','2021-11-10 21:06:59',NULL),(530,2,284,730,'2021-11-10 21:06:59','2021-11-10 21:06:59',NULL),(531,1,216,349,'2021-11-10 21:06:59','2021-11-10 21:06:59',NULL),(532,3,484,561,'2021-11-10 21:06:59','2021-11-10 21:06:59',NULL),(533,3,653,279,'2021-11-10 21:06:59','2021-11-10 21:06:59',NULL),(534,2,551,799,'2021-11-10 21:06:59','2021-11-10 21:06:59',NULL),(535,3,872,742,'2021-11-10 21:06:59','2021-11-10 21:06:59',NULL),(536,1,695,592,'2021-11-10 21:06:59','2021-11-10 21:06:59',NULL),(537,1,21,78,'2021-11-10 21:06:59','2021-11-10 21:06:59',NULL),(538,3,595,639,'2021-11-10 21:06:59','2021-11-10 21:06:59',NULL),(539,1,966,577,'2021-11-10 21:06:59','2021-11-10 21:06:59',NULL),(540,2,943,973,'2021-11-10 21:06:59','2021-11-10 21:06:59',NULL),(541,3,414,383,'2021-11-10 21:06:59','2021-11-10 21:06:59',NULL),(542,3,592,680,'2021-11-10 21:06:59','2021-11-10 21:06:59',NULL),(543,2,910,455,'2021-11-10 21:06:59','2021-11-10 21:06:59',NULL),(544,2,183,815,'2021-11-10 21:06:59','2021-11-10 21:06:59',NULL),(545,2,547,246,'2021-11-10 21:06:59','2021-11-10 21:06:59',NULL),(546,1,376,949,'2021-11-10 21:06:59','2021-11-10 21:06:59',NULL),(547,1,817,942,'2021-11-10 21:06:59','2021-11-10 21:06:59',NULL),(548,3,119,248,'2021-11-10 21:06:59','2021-11-10 21:06:59',NULL),(549,3,364,34,'2021-11-10 21:06:59','2021-11-10 21:06:59',NULL),(550,1,914,834,'2021-11-10 21:06:59','2021-11-10 21:06:59',NULL),(551,3,739,800,'2021-11-10 21:06:59','2021-11-10 21:06:59',NULL),(552,2,337,594,'2021-11-10 21:06:59','2021-11-10 21:06:59',NULL),(553,1,778,880,'2021-11-10 21:06:59','2021-11-10 21:06:59',NULL),(554,2,632,273,'2021-11-10 21:06:59','2021-11-10 21:06:59',NULL),(555,3,690,731,'2021-11-10 21:06:59','2021-11-10 21:06:59',NULL),(556,1,494,146,'2021-11-10 21:06:59','2021-11-10 21:06:59',NULL),(557,2,424,536,'2021-11-10 21:06:59','2021-11-10 21:06:59',NULL),(558,3,155,557,'2021-11-10 21:06:59','2021-11-10 21:06:59',NULL),(559,2,679,673,'2021-11-10 21:06:59','2021-11-10 21:06:59',NULL),(560,3,32,800,'2021-11-10 21:06:59','2021-11-10 21:06:59',NULL),(561,1,441,212,'2021-11-10 21:06:59','2021-11-10 21:06:59',NULL),(562,1,450,682,'2021-11-10 21:06:59','2021-11-10 21:06:59',NULL),(563,3,781,891,'2021-11-10 21:06:59','2021-11-10 21:06:59',NULL),(564,2,49,868,'2021-11-10 21:06:59','2021-11-10 21:06:59',NULL),(565,2,677,934,'2021-11-10 21:06:59','2021-11-10 21:06:59',NULL),(566,3,722,169,'2021-11-10 21:06:59','2021-11-10 21:06:59',NULL),(567,2,481,337,'2021-11-10 21:06:59','2021-11-10 21:06:59',NULL),(568,2,97,107,'2021-11-10 21:06:59','2021-11-10 21:06:59',NULL),(569,2,843,52,'2021-11-10 21:06:59','2021-11-10 21:06:59',NULL),(570,2,769,987,'2021-11-10 21:06:59','2021-11-10 21:06:59',NULL),(571,2,182,537,'2021-11-10 21:06:59','2021-11-10 21:06:59',NULL),(572,1,435,421,'2021-11-10 21:06:59','2021-11-10 21:06:59',NULL),(573,1,763,650,'2021-11-10 21:06:59','2021-11-10 21:06:59',NULL),(574,1,289,694,'2021-11-10 21:06:59','2021-11-10 21:06:59',NULL),(575,1,754,389,'2021-11-10 21:06:59','2021-11-10 21:06:59',NULL),(576,3,189,592,'2021-11-10 21:06:59','2021-11-10 21:06:59',NULL),(577,3,327,141,'2021-11-10 21:06:59','2021-11-10 21:06:59',NULL),(578,2,104,488,'2021-11-10 21:06:59','2021-11-10 21:06:59',NULL),(579,1,853,754,'2021-11-10 21:06:59','2021-11-10 21:06:59',NULL),(580,2,635,641,'2021-11-10 21:06:59','2021-11-10 21:06:59',NULL),(581,3,268,437,'2021-11-10 21:06:59','2021-11-10 21:06:59',NULL),(582,2,416,548,'2021-11-10 21:06:59','2021-11-10 21:06:59',NULL),(583,1,157,378,'2021-11-10 21:06:59','2021-11-10 21:06:59',NULL),(584,1,430,23,'2021-11-10 21:06:59','2021-11-10 21:06:59',NULL),(585,1,216,334,'2021-11-10 21:06:59','2021-11-10 21:06:59',NULL),(586,1,398,189,'2021-11-10 21:06:59','2021-11-10 21:06:59',NULL),(587,2,781,92,'2021-11-10 21:06:59','2021-11-10 21:06:59',NULL),(588,1,508,857,'2021-11-10 21:06:59','2021-11-10 21:06:59',NULL),(589,3,114,464,'2021-11-10 21:06:59','2021-11-10 21:06:59',NULL),(590,3,772,706,'2021-11-10 21:06:59','2021-11-10 21:06:59',NULL),(591,1,537,280,'2021-11-10 21:06:59','2021-11-10 21:06:59',NULL),(592,2,418,11,'2021-11-10 21:06:59','2021-11-10 21:06:59',NULL),(593,2,760,772,'2021-11-10 21:06:59','2021-11-10 21:06:59',NULL),(594,2,630,605,'2021-11-10 21:06:59','2021-11-10 21:06:59',NULL),(595,2,739,990,'2021-11-10 21:06:59','2021-11-10 21:06:59',NULL),(596,3,426,181,'2021-11-10 21:06:59','2021-11-10 21:06:59',NULL),(597,3,543,964,'2021-11-10 21:06:59','2021-11-10 21:06:59',NULL),(598,1,724,266,'2021-11-10 21:06:59','2021-11-10 21:06:59',NULL),(599,1,369,459,'2021-11-10 21:06:59','2021-11-10 21:06:59',NULL),(600,3,263,386,'2021-11-10 21:06:59','2021-11-10 21:06:59',NULL),(601,1,230,428,'2021-11-10 21:06:59','2021-11-10 21:06:59',NULL),(602,2,648,749,'2021-11-10 21:06:59','2021-11-10 21:06:59',NULL),(603,3,40,633,'2021-11-10 21:06:59','2021-11-10 21:06:59',NULL),(604,1,64,662,'2021-11-10 21:06:59','2021-11-10 21:06:59',NULL),(605,2,19,656,'2021-11-10 21:06:59','2021-11-10 21:06:59',NULL),(606,2,50,27,'2021-11-10 21:06:59','2021-11-10 21:06:59',NULL),(607,2,271,54,'2021-11-10 21:06:59','2021-11-10 21:06:59',NULL),(608,2,898,872,'2021-11-10 21:06:59','2021-11-10 21:06:59',NULL),(609,2,296,949,'2021-11-10 21:06:59','2021-11-10 21:06:59',NULL),(610,1,599,809,'2021-11-10 21:06:59','2021-11-10 21:06:59',NULL),(611,2,749,529,'2021-11-10 21:06:59','2021-11-10 21:06:59',NULL),(612,2,467,977,'2021-11-10 21:06:59','2021-11-10 21:06:59',NULL),(613,3,950,925,'2021-11-10 21:06:59','2021-11-10 21:06:59',NULL),(614,2,462,317,'2021-11-10 21:06:59','2021-11-10 21:06:59',NULL),(615,3,195,731,'2021-11-10 21:06:59','2021-11-10 21:06:59',NULL),(616,3,861,510,'2021-11-10 21:06:59','2021-11-10 21:06:59',NULL),(617,1,30,631,'2021-11-10 21:06:59','2021-11-10 21:06:59',NULL),(618,2,199,226,'2021-11-10 21:06:59','2021-11-10 21:06:59',NULL),(619,2,869,288,'2021-11-10 21:06:59','2021-11-10 21:06:59',NULL),(620,3,897,556,'2021-11-10 21:06:59','2021-11-10 21:06:59',NULL),(621,1,265,8,'2021-11-10 21:06:59','2021-11-10 21:06:59',NULL),(622,2,400,317,'2021-11-10 21:06:59','2021-11-10 21:06:59',NULL),(623,2,517,792,'2021-11-10 21:06:59','2021-11-10 21:06:59',NULL),(624,2,851,500,'2021-11-10 21:06:59','2021-11-10 21:06:59',NULL),(625,2,684,293,'2021-11-10 21:06:59','2021-11-10 21:06:59',NULL),(626,2,533,840,'2021-11-10 21:06:59','2021-11-10 21:06:59',NULL),(627,1,234,966,'2021-11-10 21:06:59','2021-11-10 21:06:59',NULL),(628,1,604,771,'2021-11-10 21:06:59','2021-11-10 21:06:59',NULL),(629,1,36,722,'2021-11-10 21:06:59','2021-11-10 21:06:59',NULL),(630,3,800,537,'2021-11-10 21:06:59','2021-11-10 21:06:59',NULL),(631,3,968,702,'2021-11-10 21:06:59','2021-11-10 21:06:59',NULL),(632,1,426,643,'2021-11-10 21:06:59','2021-11-10 21:06:59',NULL),(633,3,676,297,'2021-11-10 21:06:59','2021-11-10 21:06:59',NULL),(634,3,539,1,'2021-11-10 21:06:59','2021-11-10 21:06:59',NULL),(635,2,23,195,'2021-11-10 21:06:59','2021-11-10 21:06:59',NULL),(636,1,506,899,'2021-11-10 21:06:59','2021-11-10 21:06:59',NULL),(637,3,935,510,'2021-11-10 21:06:59','2021-11-10 21:06:59',NULL),(638,2,773,46,'2021-11-10 21:06:59','2021-11-10 21:06:59',NULL),(639,1,85,805,'2021-11-10 21:06:59','2021-11-10 21:06:59',NULL),(640,2,216,746,'2021-11-10 21:06:59','2021-11-10 21:06:59',NULL),(641,3,831,866,'2021-11-10 21:06:59','2021-11-10 21:06:59',NULL),(642,1,24,239,'2021-11-10 21:06:59','2021-11-10 21:06:59',NULL),(643,1,709,694,'2021-11-10 21:06:59','2021-11-10 21:06:59',NULL),(644,3,543,390,'2021-11-10 21:06:59','2021-11-10 21:06:59',NULL),(645,2,589,567,'2021-11-10 21:06:59','2021-11-10 21:06:59',NULL),(646,3,696,215,'2021-11-10 21:06:59','2021-11-10 21:06:59',NULL),(647,3,216,244,'2021-11-10 21:06:59','2021-11-10 21:06:59',NULL),(648,1,336,47,'2021-11-10 21:06:59','2021-11-10 21:06:59',NULL),(649,1,456,500,'2021-11-10 21:06:59','2021-11-10 21:06:59',NULL),(650,2,616,361,'2021-11-10 21:06:59','2021-11-10 21:06:59',NULL),(651,2,823,701,'2021-11-10 21:06:59','2021-11-10 21:06:59',NULL),(652,1,208,174,'2021-11-10 21:06:59','2021-11-10 21:06:59',NULL),(653,3,496,346,'2021-11-10 21:06:59','2021-11-10 21:06:59',NULL),(654,3,894,741,'2021-11-10 21:06:59','2021-11-10 21:06:59',NULL),(655,1,947,119,'2021-11-10 21:06:59','2021-11-10 21:06:59',NULL),(656,1,255,450,'2021-11-10 21:06:59','2021-11-10 21:06:59',NULL),(657,3,927,509,'2021-11-10 21:06:59','2021-11-10 21:06:59',NULL),(658,3,395,746,'2021-11-10 21:06:59','2021-11-10 21:06:59',NULL),(659,3,754,756,'2021-11-10 21:06:59','2021-11-10 21:06:59',NULL),(660,3,356,444,'2021-11-10 21:06:59','2021-11-10 21:06:59',NULL),(661,2,284,689,'2021-11-10 21:06:59','2021-11-10 21:06:59',NULL),(662,1,786,240,'2021-11-10 21:06:59','2021-11-10 21:06:59',NULL),(663,3,334,410,'2021-11-10 21:06:59','2021-11-10 21:06:59',NULL),(664,1,740,274,'2021-11-10 21:06:59','2021-11-10 21:06:59',NULL),(665,3,789,575,'2021-11-10 21:06:59','2021-11-10 21:06:59',NULL),(666,3,594,838,'2021-11-10 21:06:59','2021-11-10 21:06:59',NULL),(667,3,815,809,'2021-11-10 21:06:59','2021-11-10 21:06:59',NULL),(668,1,243,667,'2021-11-10 21:06:59','2021-11-10 21:06:59',NULL),(669,3,963,934,'2021-11-10 21:06:59','2021-11-10 21:06:59',NULL),(670,2,491,437,'2021-11-10 21:06:59','2021-11-10 21:06:59',NULL),(671,2,801,403,'2021-11-10 21:06:59','2021-11-10 21:06:59',NULL),(672,1,459,382,'2021-11-10 21:06:59','2021-11-10 21:06:59',NULL),(673,2,956,224,'2021-11-10 21:06:59','2021-11-10 21:06:59',NULL),(674,1,573,258,'2021-11-10 21:06:59','2021-11-10 21:06:59',NULL),(675,1,799,836,'2021-11-10 21:06:59','2021-11-10 21:06:59',NULL),(676,3,486,596,'2021-11-10 21:06:59','2021-11-10 21:06:59',NULL),(677,1,647,415,'2021-11-10 21:06:59','2021-11-10 21:06:59',NULL),(678,1,119,735,'2021-11-10 21:06:59','2021-11-10 21:06:59',NULL),(679,3,425,975,'2021-11-10 21:06:59','2021-11-10 21:06:59',NULL),(680,3,365,329,'2021-11-10 21:06:59','2021-11-10 21:06:59',NULL),(681,3,633,101,'2021-11-10 21:06:59','2021-11-10 21:06:59',NULL),(682,1,195,728,'2021-11-10 21:06:59','2021-11-10 21:06:59',NULL),(683,1,464,15,'2021-11-10 21:06:59','2021-11-10 21:06:59',NULL),(684,3,854,887,'2021-11-10 21:06:59','2021-11-10 21:06:59',NULL),(685,2,567,629,'2021-11-10 21:06:59','2021-11-10 21:06:59',NULL),(686,3,870,252,'2021-11-10 21:06:59','2021-11-10 21:06:59',NULL),(687,3,691,734,'2021-11-10 21:06:59','2021-11-10 21:06:59',NULL),(688,1,450,468,'2021-11-10 21:06:59','2021-11-10 21:06:59',NULL),(689,2,522,681,'2021-11-10 21:06:59','2021-11-10 21:06:59',NULL),(690,3,73,571,'2021-11-10 21:06:59','2021-11-10 21:06:59',NULL),(691,3,39,881,'2021-11-10 21:06:59','2021-11-10 21:06:59',NULL),(692,2,486,725,'2021-11-10 21:06:59','2021-11-10 21:06:59',NULL),(693,3,114,822,'2021-11-10 21:06:59','2021-11-10 21:06:59',NULL),(694,2,583,378,'2021-11-10 21:06:59','2021-11-10 21:06:59',NULL),(695,3,520,110,'2021-11-10 21:06:59','2021-11-10 21:06:59',NULL),(696,1,14,925,'2021-11-10 21:06:59','2021-11-10 21:06:59',NULL),(697,2,232,145,'2021-11-10 21:06:59','2021-11-10 21:06:59',NULL),(698,2,355,515,'2021-11-10 21:06:59','2021-11-10 21:06:59',NULL),(699,2,578,993,'2021-11-10 21:06:59','2021-11-10 21:06:59',NULL),(700,1,767,193,'2021-11-10 21:06:59','2021-11-10 21:06:59',NULL),(701,3,760,143,'2021-11-10 21:06:59','2021-11-10 21:06:59',NULL),(702,1,202,287,'2021-11-10 21:06:59','2021-11-10 21:06:59',NULL),(703,1,486,446,'2021-11-10 21:06:59','2021-11-10 21:06:59',NULL),(704,3,555,340,'2021-11-10 21:06:59','2021-11-10 21:06:59',NULL),(705,2,219,541,'2021-11-10 21:06:59','2021-11-10 21:06:59',NULL),(706,2,83,138,'2021-11-10 21:06:59','2021-11-10 21:06:59',NULL),(707,3,39,754,'2021-11-10 21:06:59','2021-11-10 21:06:59',NULL),(708,3,215,61,'2021-11-10 21:06:59','2021-11-10 21:06:59',NULL),(709,1,164,682,'2021-11-10 21:06:59','2021-11-10 21:06:59',NULL),(710,1,335,191,'2021-11-10 21:06:59','2021-11-10 21:06:59',NULL),(711,2,962,852,'2021-11-10 21:06:59','2021-11-10 21:06:59',NULL),(712,3,988,438,'2021-11-10 21:06:59','2021-11-10 21:06:59',NULL),(713,1,526,34,'2021-11-10 21:06:59','2021-11-10 21:06:59',NULL),(714,2,918,684,'2021-11-10 21:06:59','2021-11-10 21:06:59',NULL),(715,2,290,107,'2021-11-10 21:06:59','2021-11-10 21:06:59',NULL),(716,2,136,513,'2021-11-10 21:06:59','2021-11-10 21:06:59',NULL),(717,2,977,202,'2021-11-10 21:06:59','2021-11-10 21:06:59',NULL),(718,3,80,269,'2021-11-10 21:06:59','2021-11-10 21:06:59',NULL),(719,3,327,174,'2021-11-10 21:06:59','2021-11-10 21:06:59',NULL),(720,1,849,495,'2021-11-10 21:06:59','2021-11-10 21:06:59',NULL),(721,1,115,500,'2021-11-10 21:06:59','2021-11-10 21:06:59',NULL),(722,1,939,408,'2021-11-10 21:06:59','2021-11-10 21:06:59',NULL),(723,3,556,244,'2021-11-10 21:06:59','2021-11-10 21:06:59',NULL),(724,2,686,417,'2021-11-10 21:06:59','2021-11-10 21:06:59',NULL),(725,3,217,581,'2021-11-10 21:06:59','2021-11-10 21:06:59',NULL),(726,2,378,22,'2021-11-10 21:06:59','2021-11-10 21:06:59',NULL),(727,1,161,434,'2021-11-10 21:06:59','2021-11-10 21:06:59',NULL),(728,2,106,726,'2021-11-10 21:06:59','2021-11-10 21:06:59',NULL),(729,1,530,512,'2021-11-10 21:06:59','2021-11-10 21:06:59',NULL),(730,1,405,628,'2021-11-10 21:06:59','2021-11-10 21:06:59',NULL),(731,1,401,289,'2021-11-10 21:06:59','2021-11-10 21:06:59',NULL),(732,1,657,337,'2021-11-10 21:06:59','2021-11-10 21:06:59',NULL),(733,1,557,411,'2021-11-10 21:06:59','2021-11-10 21:06:59',NULL),(734,3,745,488,'2021-11-10 21:06:59','2021-11-10 21:06:59',NULL),(735,3,875,757,'2021-11-10 21:06:59','2021-11-10 21:06:59',NULL),(736,1,795,415,'2021-11-10 21:06:59','2021-11-10 21:06:59',NULL),(737,2,522,863,'2021-11-10 21:06:59','2021-11-10 21:06:59',NULL),(738,1,366,417,'2021-11-10 21:06:59','2021-11-10 21:06:59',NULL),(739,3,542,318,'2021-11-10 21:06:59','2021-11-10 21:06:59',NULL),(740,1,49,368,'2021-11-10 21:06:59','2021-11-10 21:06:59',NULL),(741,1,737,301,'2021-11-10 21:06:59','2021-11-10 21:06:59',NULL),(742,3,661,834,'2021-11-10 21:06:59','2021-11-10 21:06:59',NULL),(743,1,211,914,'2021-11-10 21:06:59','2021-11-10 21:06:59',NULL),(744,1,831,471,'2021-11-10 21:06:59','2021-11-10 21:06:59',NULL),(745,1,681,318,'2021-11-10 21:06:59','2021-11-10 21:06:59',NULL),(746,2,913,377,'2021-11-10 21:06:59','2021-11-10 21:06:59',NULL),(747,3,309,446,'2021-11-10 21:06:59','2021-11-10 21:06:59',NULL),(748,1,903,692,'2021-11-10 21:06:59','2021-11-10 21:06:59',NULL),(749,1,839,252,'2021-11-10 21:06:59','2021-11-10 21:06:59',NULL),(750,3,308,451,'2021-11-10 21:06:59','2021-11-10 21:06:59',NULL),(751,1,739,202,'2021-11-10 21:06:59','2021-11-10 21:06:59',NULL),(752,2,741,539,'2021-11-10 21:06:59','2021-11-10 21:06:59',NULL),(753,2,614,904,'2021-11-10 21:06:59','2021-11-10 21:06:59',NULL),(754,2,958,95,'2021-11-10 21:06:59','2021-11-10 21:06:59',NULL),(755,3,68,706,'2021-11-10 21:06:59','2021-11-10 21:06:59',NULL),(756,3,788,97,'2021-11-10 21:06:59','2021-11-10 21:06:59',NULL),(757,2,533,557,'2021-11-10 21:06:59','2021-11-10 21:06:59',NULL),(758,2,661,429,'2021-11-10 21:06:59','2021-11-10 21:06:59',NULL),(759,3,942,382,'2021-11-10 21:06:59','2021-11-10 21:06:59',NULL),(760,2,339,114,'2021-11-10 21:06:59','2021-11-10 21:06:59',NULL),(761,2,530,54,'2021-11-10 21:06:59','2021-11-10 21:06:59',NULL),(762,1,952,475,'2021-11-10 21:06:59','2021-11-10 21:06:59',NULL),(763,1,859,865,'2021-11-10 21:06:59','2021-11-10 21:06:59',NULL),(764,1,544,576,'2021-11-10 21:06:59','2021-11-10 21:06:59',NULL),(765,3,302,960,'2021-11-10 21:06:59','2021-11-10 21:06:59',NULL),(766,2,749,66,'2021-11-10 21:06:59','2021-11-10 21:06:59',NULL),(767,3,306,881,'2021-11-10 21:06:59','2021-11-10 21:06:59',NULL),(768,1,865,423,'2021-11-10 21:06:59','2021-11-10 21:06:59',NULL),(769,3,455,251,'2021-11-10 21:06:59','2021-11-10 21:06:59',NULL),(770,3,201,930,'2021-11-10 21:06:59','2021-11-10 21:06:59',NULL),(771,2,898,923,'2021-11-10 21:06:59','2021-11-10 21:06:59',NULL),(772,3,432,75,'2021-11-10 21:06:59','2021-11-10 21:06:59',NULL),(773,3,990,351,'2021-11-10 21:06:59','2021-11-10 21:06:59',NULL),(774,1,513,84,'2021-11-10 21:06:59','2021-11-10 21:06:59',NULL),(775,1,690,254,'2021-11-10 21:06:59','2021-11-10 21:06:59',NULL),(776,2,178,356,'2021-11-10 21:06:59','2021-11-10 21:06:59',NULL),(777,1,544,60,'2021-11-10 21:06:59','2021-11-10 21:06:59',NULL),(778,3,418,349,'2021-11-10 21:06:59','2021-11-10 21:06:59',NULL),(779,3,501,977,'2021-11-10 21:06:59','2021-11-10 21:06:59',NULL),(780,2,202,712,'2021-11-10 21:06:59','2021-11-10 21:06:59',NULL),(781,1,405,34,'2021-11-10 21:06:59','2021-11-10 21:06:59',NULL),(782,3,304,556,'2021-11-10 21:06:59','2021-11-10 21:06:59',NULL),(783,2,423,565,'2021-11-10 21:06:59','2021-11-10 21:06:59',NULL),(784,1,599,825,'2021-11-10 21:06:59','2021-11-10 21:06:59',NULL),(785,1,159,822,'2021-11-10 21:06:59','2021-11-10 21:06:59',NULL),(786,2,104,633,'2021-11-10 21:06:59','2021-11-10 21:06:59',NULL),(787,3,922,67,'2021-11-10 21:06:59','2021-11-10 21:06:59',NULL),(788,3,142,440,'2021-11-10 21:06:59','2021-11-10 21:06:59',NULL),(789,2,373,921,'2021-11-10 21:06:59','2021-11-10 21:06:59',NULL),(790,2,701,269,'2021-11-10 21:06:59','2021-11-10 21:06:59',NULL),(791,1,926,482,'2021-11-10 21:06:59','2021-11-10 21:06:59',NULL),(792,3,468,762,'2021-11-10 21:06:59','2021-11-10 21:06:59',NULL),(793,3,879,880,'2021-11-10 21:06:59','2021-11-10 21:06:59',NULL),(794,3,504,908,'2021-11-10 21:06:59','2021-11-10 21:06:59',NULL),(795,3,119,119,'2021-11-10 21:06:59','2021-11-10 21:06:59',NULL),(796,3,707,861,'2021-11-10 21:06:59','2021-11-10 21:06:59',NULL),(797,2,252,583,'2021-11-10 21:06:59','2021-11-10 21:06:59',NULL),(798,1,699,826,'2021-11-10 21:06:59','2021-11-10 21:06:59',NULL),(799,2,656,691,'2021-11-10 21:06:59','2021-11-10 21:06:59',NULL),(800,1,11,383,'2021-11-10 21:06:59','2021-11-10 21:06:59',NULL),(801,1,865,689,'2021-11-10 21:06:59','2021-11-10 21:06:59',NULL),(802,1,851,89,'2021-11-10 21:06:59','2021-11-10 21:06:59',NULL),(803,2,378,79,'2021-11-10 21:06:59','2021-11-10 21:06:59',NULL),(804,3,677,806,'2021-11-10 21:06:59','2021-11-10 21:06:59',NULL),(805,2,67,705,'2021-11-10 21:06:59','2021-11-10 21:06:59',NULL),(806,2,122,526,'2021-11-10 21:06:59','2021-11-10 21:06:59',NULL),(807,2,806,788,'2021-11-10 21:06:59','2021-11-10 21:06:59',NULL),(808,1,27,469,'2021-11-10 21:06:59','2021-11-10 21:06:59',NULL),(809,2,632,825,'2021-11-10 21:06:59','2021-11-10 21:06:59',NULL),(810,3,964,674,'2021-11-10 21:06:59','2021-11-10 21:06:59',NULL),(811,1,539,69,'2021-11-10 21:06:59','2021-11-10 21:06:59',NULL),(812,2,37,632,'2021-11-10 21:06:59','2021-11-10 21:06:59',NULL),(813,1,126,693,'2021-11-10 21:06:59','2021-11-10 21:06:59',NULL),(814,2,899,831,'2021-11-10 21:06:59','2021-11-10 21:06:59',NULL),(815,1,548,818,'2021-11-10 21:06:59','2021-11-10 21:06:59',NULL),(816,3,838,616,'2021-11-10 21:06:59','2021-11-10 21:06:59',NULL),(817,3,508,431,'2021-11-10 21:06:59','2021-11-10 21:06:59',NULL),(818,3,587,571,'2021-11-10 21:06:59','2021-11-10 21:06:59',NULL),(819,1,882,370,'2021-11-10 21:06:59','2021-11-10 21:06:59',NULL),(820,3,12,915,'2021-11-10 21:06:59','2021-11-10 21:06:59',NULL),(821,3,380,231,'2021-11-10 21:06:59','2021-11-10 21:06:59',NULL),(822,3,72,649,'2021-11-10 21:06:59','2021-11-10 21:06:59',NULL),(823,3,818,22,'2021-11-10 21:06:59','2021-11-10 21:06:59',NULL),(824,1,187,253,'2021-11-10 21:06:59','2021-11-10 21:06:59',NULL),(825,1,398,273,'2021-11-10 21:06:59','2021-11-10 21:06:59',NULL),(826,1,697,881,'2021-11-10 21:06:59','2021-11-10 21:06:59',NULL),(827,3,410,129,'2021-11-10 21:06:59','2021-11-10 21:06:59',NULL),(828,3,881,356,'2021-11-10 21:06:59','2021-11-10 21:06:59',NULL),(829,1,462,883,'2021-11-10 21:06:59','2021-11-10 21:06:59',NULL),(830,2,893,93,'2021-11-10 21:06:59','2021-11-10 21:06:59',NULL),(831,2,107,375,'2021-11-10 21:06:59','2021-11-10 21:06:59',NULL),(832,1,218,749,'2021-11-10 21:06:59','2021-11-10 21:06:59',NULL),(833,1,780,246,'2021-11-10 21:06:59','2021-11-10 21:06:59',NULL),(834,2,445,79,'2021-11-10 21:06:59','2021-11-10 21:06:59',NULL),(835,1,680,969,'2021-11-10 21:06:59','2021-11-10 21:06:59',NULL),(836,2,429,993,'2021-11-10 21:06:59','2021-11-10 21:06:59',NULL),(837,2,563,908,'2021-11-10 21:06:59','2021-11-10 21:06:59',NULL),(838,2,740,155,'2021-11-10 21:06:59','2021-11-10 21:06:59',NULL),(839,3,566,285,'2021-11-10 21:06:59','2021-11-10 21:06:59',NULL),(840,1,283,581,'2021-11-10 21:06:59','2021-11-10 21:06:59',NULL),(841,3,871,458,'2021-11-10 21:06:59','2021-11-10 21:06:59',NULL),(842,1,847,747,'2021-11-10 21:06:59','2021-11-10 21:06:59',NULL),(843,3,843,910,'2021-11-10 21:06:59','2021-11-10 21:06:59',NULL),(844,1,238,966,'2021-11-10 21:06:59','2021-11-10 21:06:59',NULL),(845,3,83,367,'2021-11-10 21:06:59','2021-11-10 21:06:59',NULL),(846,2,535,575,'2021-11-10 21:06:59','2021-11-10 21:06:59',NULL),(847,2,981,813,'2021-11-10 21:06:59','2021-11-10 21:06:59',NULL),(848,2,196,521,'2021-11-10 21:06:59','2021-11-10 21:06:59',NULL),(849,2,111,398,'2021-11-10 21:06:59','2021-11-10 21:06:59',NULL),(850,1,419,764,'2021-11-10 21:06:59','2021-11-10 21:06:59',NULL),(851,1,88,942,'2021-11-10 21:06:59','2021-11-10 21:06:59',NULL),(852,3,208,615,'2021-11-10 21:06:59','2021-11-10 21:06:59',NULL),(853,1,602,165,'2021-11-10 21:06:59','2021-11-10 21:06:59',NULL),(854,2,463,564,'2021-11-10 21:06:59','2021-11-10 21:06:59',NULL),(855,3,642,133,'2021-11-10 21:06:59','2021-11-10 21:06:59',NULL),(856,2,154,336,'2021-11-10 21:06:59','2021-11-10 21:06:59',NULL),(857,3,677,257,'2021-11-10 21:06:59','2021-11-10 21:06:59',NULL),(858,1,362,328,'2021-11-10 21:06:59','2021-11-10 21:06:59',NULL),(859,1,849,435,'2021-11-10 21:06:59','2021-11-10 21:06:59',NULL),(860,1,341,492,'2021-11-10 21:06:59','2021-11-10 21:06:59',NULL),(861,1,566,578,'2021-11-10 21:06:59','2021-11-10 21:06:59',NULL),(862,2,212,344,'2021-11-10 21:06:59','2021-11-10 21:06:59',NULL),(863,1,971,482,'2021-11-10 21:06:59','2021-11-10 21:06:59',NULL),(864,1,874,123,'2021-11-10 21:06:59','2021-11-10 21:06:59',NULL),(865,3,331,407,'2021-11-10 21:06:59','2021-11-10 21:06:59',NULL),(866,3,208,665,'2021-11-10 21:06:59','2021-11-10 21:06:59',NULL),(867,3,188,589,'2021-11-10 21:06:59','2021-11-10 21:06:59',NULL),(868,3,131,554,'2021-11-10 21:06:59','2021-11-10 21:06:59',NULL),(869,2,211,289,'2021-11-10 21:06:59','2021-11-10 21:06:59',NULL),(870,1,405,79,'2021-11-10 21:06:59','2021-11-10 21:06:59',NULL),(871,2,773,862,'2021-11-10 21:06:59','2021-11-10 21:06:59',NULL),(872,2,687,238,'2021-11-10 21:06:59','2021-11-10 21:06:59',NULL),(873,2,805,808,'2021-11-10 21:06:59','2021-11-10 21:06:59',NULL),(874,3,656,126,'2021-11-10 21:06:59','2021-11-10 21:06:59',NULL),(875,3,260,289,'2021-11-10 21:06:59','2021-11-10 21:06:59',NULL),(876,3,585,749,'2021-11-10 21:06:59','2021-11-10 21:06:59',NULL),(877,1,146,981,'2021-11-10 21:06:59','2021-11-10 21:06:59',NULL),(878,3,151,765,'2021-11-10 21:06:59','2021-11-10 21:06:59',NULL),(879,1,571,910,'2021-11-10 21:06:59','2021-11-10 21:06:59',NULL),(880,1,750,395,'2021-11-10 21:06:59','2021-11-10 21:06:59',NULL),(881,1,705,910,'2021-11-10 21:06:59','2021-11-10 21:06:59',NULL),(882,2,771,365,'2021-11-10 21:06:59','2021-11-10 21:06:59',NULL),(883,2,930,667,'2021-11-10 21:06:59','2021-11-10 21:06:59',NULL),(884,1,550,826,'2021-11-10 21:06:59','2021-11-10 21:06:59',NULL),(885,2,464,832,'2021-11-10 21:06:59','2021-11-10 21:06:59',NULL),(886,1,396,771,'2021-11-10 21:06:59','2021-11-10 21:06:59',NULL),(887,2,312,739,'2021-11-10 21:06:59','2021-11-10 21:06:59',NULL),(888,2,788,444,'2021-11-10 21:06:59','2021-11-10 21:06:59',NULL),(889,2,923,1000,'2021-11-10 21:06:59','2021-11-10 21:06:59',NULL),(890,1,426,605,'2021-11-10 21:06:59','2021-11-10 21:06:59',NULL),(891,1,278,844,'2021-11-10 21:06:59','2021-11-10 21:06:59',NULL),(892,1,272,726,'2021-11-10 21:06:59','2021-11-10 21:06:59',NULL),(893,1,471,273,'2021-11-10 21:06:59','2021-11-10 21:06:59',NULL),(894,2,958,357,'2021-11-10 21:06:59','2021-11-10 21:06:59',NULL),(895,1,91,765,'2021-11-10 21:06:59','2021-11-10 21:06:59',NULL),(896,2,108,9,'2021-11-10 21:06:59','2021-11-10 21:06:59',NULL),(897,1,708,56,'2021-11-10 21:06:59','2021-11-10 21:06:59',NULL),(898,2,315,207,'2021-11-10 21:06:59','2021-11-10 21:06:59',NULL),(899,2,264,389,'2021-11-10 21:06:59','2021-11-10 21:06:59',NULL),(900,2,606,454,'2021-11-10 21:06:59','2021-11-10 21:06:59',NULL),(901,2,543,751,'2021-11-10 21:06:59','2021-11-10 21:06:59',NULL),(902,1,669,446,'2021-11-10 21:06:59','2021-11-10 21:06:59',NULL),(903,2,489,797,'2021-11-10 21:06:59','2021-11-10 21:06:59',NULL),(904,3,485,213,'2021-11-10 21:06:59','2021-11-10 21:06:59',NULL),(905,3,51,951,'2021-11-10 21:06:59','2021-11-10 21:06:59',NULL),(906,3,508,52,'2021-11-10 21:06:59','2021-11-10 21:06:59',NULL),(907,1,696,712,'2021-11-10 21:06:59','2021-11-10 21:06:59',NULL),(908,3,874,118,'2021-11-10 21:06:59','2021-11-10 21:06:59',NULL),(909,2,255,344,'2021-11-10 21:06:59','2021-11-10 21:06:59',NULL),(910,1,881,624,'2021-11-10 21:06:59','2021-11-10 21:06:59',NULL),(911,1,14,552,'2021-11-10 21:06:59','2021-11-10 21:06:59',NULL),(912,3,967,696,'2021-11-10 21:06:59','2021-11-10 21:06:59',NULL),(913,3,480,369,'2021-11-10 21:06:59','2021-11-10 21:06:59',NULL),(914,1,260,717,'2021-11-10 21:06:59','2021-11-10 21:06:59',NULL),(915,1,603,76,'2021-11-10 21:06:59','2021-11-10 21:06:59',NULL),(916,3,798,11,'2021-11-10 21:06:59','2021-11-10 21:06:59',NULL),(917,2,618,667,'2021-11-10 21:06:59','2021-11-10 21:06:59',NULL),(918,2,25,116,'2021-11-10 21:06:59','2021-11-10 21:06:59',NULL),(919,1,531,76,'2021-11-10 21:06:59','2021-11-10 21:06:59',NULL),(920,1,912,982,'2021-11-10 21:06:59','2021-11-10 21:06:59',NULL),(921,3,780,871,'2021-11-10 21:06:59','2021-11-10 21:06:59',NULL),(922,1,426,300,'2021-11-10 21:06:59','2021-11-10 21:06:59',NULL),(923,3,5,238,'2021-11-10 21:06:59','2021-11-10 21:06:59',NULL),(924,3,215,256,'2021-11-10 21:06:59','2021-11-10 21:06:59',NULL),(925,2,500,649,'2021-11-10 21:06:59','2021-11-10 21:06:59',NULL),(926,1,168,670,'2021-11-10 21:06:59','2021-11-10 21:06:59',NULL),(927,1,674,314,'2021-11-10 21:06:59','2021-11-10 21:06:59',NULL),(928,2,968,923,'2021-11-10 21:06:59','2021-11-10 21:06:59',NULL),(929,1,461,679,'2021-11-10 21:06:59','2021-11-10 21:06:59',NULL),(930,3,481,388,'2021-11-10 21:06:59','2021-11-10 21:06:59',NULL),(931,2,339,400,'2021-11-10 21:06:59','2021-11-10 21:06:59',NULL),(932,2,522,552,'2021-11-10 21:06:59','2021-11-10 21:06:59',NULL),(933,1,920,794,'2021-11-10 21:06:59','2021-11-10 21:06:59',NULL),(934,2,396,258,'2021-11-10 21:06:59','2021-11-10 21:06:59',NULL),(935,2,43,94,'2021-11-10 21:06:59','2021-11-10 21:06:59',NULL),(936,1,707,616,'2021-11-10 21:06:59','2021-11-10 21:06:59',NULL),(937,2,393,800,'2021-11-10 21:06:59','2021-11-10 21:06:59',NULL),(938,3,370,598,'2021-11-10 21:06:59','2021-11-10 21:06:59',NULL),(939,1,871,428,'2021-11-10 21:06:59','2021-11-10 21:06:59',NULL),(940,2,620,477,'2021-11-10 21:06:59','2021-11-10 21:06:59',NULL),(941,1,293,936,'2021-11-10 21:06:59','2021-11-10 21:06:59',NULL),(942,2,222,9,'2021-11-10 21:06:59','2021-11-10 21:06:59',NULL),(943,2,300,290,'2021-11-10 21:06:59','2021-11-10 21:06:59',NULL),(944,1,171,530,'2021-11-10 21:06:59','2021-11-10 21:06:59',NULL),(945,3,917,349,'2021-11-10 21:06:59','2021-11-10 21:06:59',NULL),(946,3,560,608,'2021-11-10 21:06:59','2021-11-10 21:06:59',NULL),(947,3,225,652,'2021-11-10 21:06:59','2021-11-10 21:06:59',NULL),(948,1,41,963,'2021-11-10 21:06:59','2021-11-10 21:06:59',NULL),(949,1,987,189,'2021-11-10 21:06:59','2021-11-10 21:06:59',NULL),(950,1,151,532,'2021-11-10 21:06:59','2021-11-10 21:06:59',NULL),(951,1,249,986,'2021-11-10 21:06:59','2021-11-10 21:06:59',NULL),(952,3,49,825,'2021-11-10 21:06:59','2021-11-10 21:06:59',NULL),(953,1,437,23,'2021-11-10 21:06:59','2021-11-10 21:06:59',NULL),(954,2,758,148,'2021-11-10 21:06:59','2021-11-10 21:06:59',NULL),(955,3,930,340,'2021-11-10 21:06:59','2021-11-10 21:06:59',NULL),(956,2,472,278,'2021-11-10 21:06:59','2021-11-10 21:06:59',NULL),(957,2,792,822,'2021-11-10 21:06:59','2021-11-10 21:06:59',NULL),(958,2,227,806,'2021-11-10 21:06:59','2021-11-10 21:06:59',NULL),(959,3,624,360,'2021-11-10 21:06:59','2021-11-10 21:06:59',NULL),(960,1,393,169,'2021-11-10 21:06:59','2021-11-10 21:06:59',NULL),(961,3,691,172,'2021-11-10 21:06:59','2021-11-10 21:06:59',NULL),(962,2,229,832,'2021-11-10 21:06:59','2021-11-10 21:06:59',NULL),(963,3,783,64,'2021-11-10 21:06:59','2021-11-10 21:06:59',NULL),(964,3,937,99,'2021-11-10 21:06:59','2021-11-10 21:06:59',NULL),(965,1,365,358,'2021-11-10 21:06:59','2021-11-10 21:06:59',NULL),(966,3,143,390,'2021-11-10 21:06:59','2021-11-10 21:06:59',NULL),(967,2,897,377,'2021-11-10 21:06:59','2021-11-10 21:06:59',NULL),(968,1,187,268,'2021-11-10 21:06:59','2021-11-10 21:06:59',NULL),(969,2,829,462,'2021-11-10 21:06:59','2021-11-10 21:06:59',NULL),(970,2,621,518,'2021-11-10 21:06:59','2021-11-10 21:06:59',NULL),(971,3,663,752,'2021-11-10 21:06:59','2021-11-10 21:06:59',NULL),(972,3,971,208,'2021-11-10 21:06:59','2021-11-10 21:06:59',NULL),(973,3,791,749,'2021-11-10 21:06:59','2021-11-10 21:06:59',NULL),(974,1,979,565,'2021-11-10 21:06:59','2021-11-10 21:06:59',NULL),(975,3,433,746,'2021-11-10 21:06:59','2021-11-10 21:06:59',NULL),(976,3,959,742,'2021-11-10 21:06:59','2021-11-10 21:06:59',NULL),(977,3,203,869,'2021-11-10 21:06:59','2021-11-10 21:06:59',NULL),(978,3,547,216,'2021-11-10 21:06:59','2021-11-10 21:06:59',NULL),(979,1,753,93,'2021-11-10 21:06:59','2021-11-10 21:06:59',NULL),(980,2,871,563,'2021-11-10 21:06:59','2021-11-10 21:06:59',NULL),(981,2,762,633,'2021-11-10 21:06:59','2021-11-10 21:06:59',NULL),(982,1,219,729,'2021-11-10 21:06:59','2021-11-10 21:06:59',NULL),(983,2,608,212,'2021-11-10 21:06:59','2021-11-10 21:06:59',NULL),(984,1,834,982,'2021-11-10 21:06:59','2021-11-10 21:06:59',NULL),(985,3,980,114,'2021-11-10 21:06:59','2021-11-10 21:06:59',NULL),(986,3,838,682,'2021-11-10 21:06:59','2021-11-10 21:06:59',NULL),(987,1,520,279,'2021-11-10 21:06:59','2021-11-10 21:06:59',NULL),(988,2,193,299,'2021-11-10 21:06:59','2021-11-10 21:06:59',NULL),(989,1,259,234,'2021-11-10 21:06:59','2021-11-10 21:06:59',NULL),(990,3,373,554,'2021-11-10 21:06:59','2021-11-10 21:06:59',NULL),(991,3,140,646,'2021-11-10 21:06:59','2021-11-10 21:06:59',NULL),(992,3,229,468,'2021-11-10 21:06:59','2021-11-10 21:06:59',NULL),(993,2,342,958,'2021-11-10 21:06:59','2021-11-10 21:06:59',NULL),(994,2,774,400,'2021-11-10 21:06:59','2021-11-10 21:06:59',NULL),(995,3,916,361,'2021-11-10 21:06:59','2021-11-10 21:06:59',NULL),(996,3,275,821,'2021-11-10 21:06:59','2021-11-10 21:06:59',NULL),(997,2,414,948,'2021-11-10 21:06:59','2021-11-10 21:06:59',NULL),(998,2,585,205,'2021-11-10 21:06:59','2021-11-10 21:06:59',NULL),(999,2,710,758,'2021-11-10 21:06:59','2021-11-10 21:06:59',NULL),(1000,1,709,367,'2021-11-10 21:06:59','2021-11-10 21:06:59',NULL);
/*!40000 ALTER TABLE `transactions` ENABLE KEYS */;
UNLOCK TABLES;

--
-- Table structure for table `users`
--

DROP TABLE IF EXISTS `users`;
/*!40101 SET @saved_cs_client     = @@character_set_client */;
/*!50503 SET character_set_client = utf8mb4 */;
CREATE TABLE `users` (
  `id` int unsigned NOT NULL AUTO_INCREMENT,
  `name` varchar(255) COLLATE utf8mb4_unicode_ci NOT NULL,
  `email` varchar(255) COLLATE utf8mb4_unicode_ci NOT NULL,
  `password` varchar(255) COLLATE utf8mb4_unicode_ci NOT NULL,
  `remember_token` varchar(100) COLLATE utf8mb4_unicode_ci DEFAULT NULL,
  `verified` varchar(255) COLLATE utf8mb4_unicode_ci NOT NULL DEFAULT '0',
  `verification_token` varchar(255) COLLATE utf8mb4_unicode_ci DEFAULT NULL,
  `admin` varchar(255) COLLATE utf8mb4_unicode_ci NOT NULL DEFAULT 'false',
  `created_at` timestamp NULL DEFAULT NULL,
  `updated_at` timestamp NULL DEFAULT NULL,
  `deleted_at` timestamp NULL DEFAULT NULL,
  PRIMARY KEY (`id`),
  UNIQUE KEY `users_email_unique` (`email`)
) ENGINE=InnoDB AUTO_INCREMENT=1001 DEFAULT CHARSET=utf8mb4 COLLATE=utf8mb4_unicode_ci;
/*!40101 SET character_set_client = @saved_cs_client */;

--
-- Dumping data for table `users`
--

LOCK TABLES `users` WRITE;
/*!40000 ALTER TABLE `users` DISABLE KEYS */;
INSERT INTO `users` VALUES (1,'holden nienow','delphia81@example.org','$2y$10$8.AhuaHaBmK1YWH9y8uqGeG7OAkGVXegydxsXmC5cBbn4YhSoc6WK','gFhAihPv5A','0','rvKGDtgcRDEpbUT78zE5FQiUGdUj9hTzbfK1e9hZ','true','2021-11-10 21:06:36','2021-11-10 21:06:36',NULL),(2,'miracle erdman','vincenzo.moen@example.net','$2y$10$8.AhuaHaBmK1YWH9y8uqGeG7OAkGVXegydxsXmC5cBbn4YhSoc6WK','MryDLBuCDh','1',NULL,'true','2021-11-10 21:06:36','2021-11-10 21:06:36',NULL),(3,'aryanna schimmel','zieme.jacinto@example.org','$2y$10$8.AhuaHaBmK1YWH9y8uqGeG7OAkGVXegydxsXmC5cBbn4YhSoc6WK','HGq8fcMfhZ','1',NULL,'false','2021-11-10 21:06:36','2021-11-10 21:06:36',NULL),(4,'kali lowe','watson.blick@example.com','$2y$10$8.AhuaHaBmK1YWH9y8uqGeG7OAkGVXegydxsXmC5cBbn4YhSoc6WK','qZwKqmpn1V','0','rLtd0XEOuSW0XrDIzVdRjSfp8HPMzXl2mTcrixlI','false','2021-11-10 21:06:36','2021-11-10 21:06:36',NULL),(5,'garnet lebsack i','delia20@example.net','$2y$10$8.AhuaHaBmK1YWH9y8uqGeG7OAkGVXegydxsXmC5cBbn4YhSoc6WK','KqcRzFBdXb','0','v3OTXonl9xBJ8OgsW7fMJhN3l1O8AyAiz1rdwnrt','false','2021-11-10 21:06:36','2021-11-10 21:06:36',NULL),(6,'rogers friesen md','ygleichner@example.org','$2y$10$8.AhuaHaBmK1YWH9y8uqGeG7OAkGVXegydxsXmC5cBbn4YhSoc6WK','un94NpjgEA','0','IeK9U5U6x596oReZ6QGbvItAEr7Ii9O7JilpNXHb','false','2021-11-10 21:06:36','2021-11-10 21:06:36',NULL),(7,'maiya davis','amalia88@example.org','$2y$10$8.AhuaHaBmK1YWH9y8uqGeG7OAkGVXegydxsXmC5cBbn4YhSoc6WK','6GkdksKAXM','1',NULL,'false','2021-11-10 21:06:36','2021-11-10 21:06:36',NULL),(8,'brown denesik sr.','modesto26@example.org','$2y$10$8.AhuaHaBmK1YWH9y8uqGeG7OAkGVXegydxsXmC5cBbn4YhSoc6WK','TQ0mBEAjlR','0','cCZ80m2pGRnjQEsehEqrSM2BlKlzdCQRAqBm7s8m','true','2021-11-10 21:06:36','2021-11-10 21:06:36',NULL),(9,'mrs. christa nikolaus dds','vcummerata@example.net','$2y$10$8.AhuaHaBmK1YWH9y8uqGeG7OAkGVXegydxsXmC5cBbn4YhSoc6WK','NOWIMD3ViF','1',NULL,'true','2021-11-10 21:06:36','2021-11-10 21:06:36',NULL),(10,'kristoffer lubowitz','sstoltenberg@example.net','$2y$10$8.AhuaHaBmK1YWH9y8uqGeG7OAkGVXegydxsXmC5cBbn4YhSoc6WK','0BNJ1QbGdv','1',NULL,'true','2021-11-10 21:06:36','2021-11-10 21:06:36',NULL),(11,'lou hickle','weimann.sienna@example.net','$2y$10$8.AhuaHaBmK1YWH9y8uqGeG7OAkGVXegydxsXmC5cBbn4YhSoc6WK','TQmifixGKn','1',NULL,'true','2021-11-10 21:06:36','2021-11-10 21:06:36',NULL),(12,'kathryn tillman','jkrajcik@example.net','$2y$10$8.AhuaHaBmK1YWH9y8uqGeG7OAkGVXegydxsXmC5cBbn4YhSoc6WK','X9fWOVLycm','1',NULL,'true','2021-11-10 21:06:36','2021-11-10 21:06:36',NULL),(13,'andy towne','addie82@example.net','$2y$10$8.AhuaHaBmK1YWH9y8uqGeG7OAkGVXegydxsXmC5cBbn4YhSoc6WK','5wkUezd5QG','1',NULL,'false','2021-11-10 21:06:36','2021-11-10 21:06:36',NULL),(14,'bret mayert','bartell.marcus@example.com','$2y$10$8.AhuaHaBmK1YWH9y8uqGeG7OAkGVXegydxsXmC5cBbn4YhSoc6WK','A0rckXecdU','1',NULL,'true','2021-11-10 21:06:36','2021-11-10 21:06:36',NULL),(15,'mr. dario jakubowski dds','rubie46@example.org','$2y$10$8.AhuaHaBmK1YWH9y8uqGeG7OAkGVXegydxsXmC5cBbn4YhSoc6WK','yMHYhwGkwp','1',NULL,'true','2021-11-10 21:06:36','2021-11-10 21:06:36',NULL),(16,'cassandra koss','adam.donnelly@example.net','$2y$10$8.AhuaHaBmK1YWH9y8uqGeG7OAkGVXegydxsXmC5cBbn4YhSoc6WK','fcO1v6W0VM','1',NULL,'true','2021-11-10 21:06:36','2021-11-10 21:06:36',NULL),(17,'amari bogisich','renee50@example.org','$2y$10$8.AhuaHaBmK1YWH9y8uqGeG7OAkGVXegydxsXmC5cBbn4YhSoc6WK','xg6bDFhtIW','1',NULL,'false','2021-11-10 21:06:36','2021-11-10 21:06:36',NULL),(18,'otha macejkovic','zrempel@example.com','$2y$10$8.AhuaHaBmK1YWH9y8uqGeG7OAkGVXegydxsXmC5cBbn4YhSoc6WK','rLlcDjHkxQ','1',NULL,'true','2021-11-10 21:06:36','2021-11-10 21:06:36',NULL),(19,'dr. carroll treutel','yundt.jazmin@example.net','$2y$10$8.AhuaHaBmK1YWH9y8uqGeG7OAkGVXegydxsXmC5cBbn4YhSoc6WK','gwIUKx9g0b','0','Daig1OykuDNrQNRJXu6tKkPPb4z49xtRuQqrYeAN','true','2021-11-10 21:06:36','2021-11-10 21:06:36',NULL),(20,'prof. althea quitzon v','keeling.marlee@example.org','$2y$10$8.AhuaHaBmK1YWH9y8uqGeG7OAkGVXegydxsXmC5cBbn4YhSoc6WK','uDnZpjyVzk','0','ktE4u79Zto5KK8zqBm2oSqVjYeUlX23DwlAIH4IH','false','2021-11-10 21:06:36','2021-11-10 21:06:36',NULL),(21,'prof. neil johns v','roob.jermaine@example.net','$2y$10$8.AhuaHaBmK1YWH9y8uqGeG7OAkGVXegydxsXmC5cBbn4YhSoc6WK','Tm0BJdbg6M','0','jebYVqkAyrlZgm3yawGV33AlNUJyc7ZmekL0jP08','false','2021-11-10 21:06:36','2021-11-10 21:06:36',NULL),(22,'dovie beier','samantha.durgan@example.org','$2y$10$8.AhuaHaBmK1YWH9y8uqGeG7OAkGVXegydxsXmC5cBbn4YhSoc6WK','X4UDaElogQ','1',NULL,'true','2021-11-10 21:06:36','2021-11-10 21:06:36',NULL),(23,'waino goodwin','awilkinson@example.org','$2y$10$8.AhuaHaBmK1YWH9y8uqGeG7OAkGVXegydxsXmC5cBbn4YhSoc6WK','5g7d0cpSkP','0','jVpcSJIpCf0NWwThF92JU8WTX4NTy6UjdeeK9htq','true','2021-11-10 21:06:36','2021-11-10 21:06:36',NULL),(24,'coralie emmerich jr.','kconroy@example.com','$2y$10$8.AhuaHaBmK1YWH9y8uqGeG7OAkGVXegydxsXmC5cBbn4YhSoc6WK','KwXBPOWb6o','1',NULL,'true','2021-11-10 21:06:36','2021-11-10 21:06:36',NULL),(25,'markus schaden','jan07@example.net','$2y$10$8.AhuaHaBmK1YWH9y8uqGeG7OAkGVXegydxsXmC5cBbn4YhSoc6WK','SztoFKXKhv','1',NULL,'true','2021-11-10 21:06:36','2021-11-10 21:06:36',NULL),(26,'prof. cortez auer phd','darren88@example.net','$2y$10$8.AhuaHaBmK1YWH9y8uqGeG7OAkGVXegydxsXmC5cBbn4YhSoc6WK','aEhSecSxHN','1',NULL,'true','2021-11-10 21:06:36','2021-11-10 21:06:36',NULL),(27,'kari glover','emmitt.sanford@example.net','$2y$10$8.AhuaHaBmK1YWH9y8uqGeG7OAkGVXegydxsXmC5cBbn4YhSoc6WK','0XC4Ke4eat','1',NULL,'false','2021-11-10 21:06:36','2021-11-10 21:06:36',NULL),(28,'destiney moore','jaeden.vandervort@example.net','$2y$10$8.AhuaHaBmK1YWH9y8uqGeG7OAkGVXegydxsXmC5cBbn4YhSoc6WK','fdGjlJP4m8','0','VMASlOPYeNWktKTQDJhshtiDYXdsaoejdemI5M5P','true','2021-11-10 21:06:36','2021-11-10 21:06:36',NULL),(29,'anissa gerlach','america26@example.com','$2y$10$8.AhuaHaBmK1YWH9y8uqGeG7OAkGVXegydxsXmC5cBbn4YhSoc6WK','LkdNb9shmH','0','SOa4SU6I9ssVDLX9XDcg8nvFU3UOl0rliRBsDGk6','false','2021-11-10 21:06:36','2021-11-10 21:06:36',NULL),(30,'jessica ziemann','arthur99@example.net','$2y$10$8.AhuaHaBmK1YWH9y8uqGeG7OAkGVXegydxsXmC5cBbn4YhSoc6WK','nGGIolyju2','0','Map2XTAxCL88Ykb1mcJuAhjUjQWJGekbuV5FbdDY','false','2021-11-10 21:06:36','2021-11-10 21:06:36',NULL),(31,'mrs. tyra koelpin','kathlyn.boyer@example.net','$2y$10$8.AhuaHaBmK1YWH9y8uqGeG7OAkGVXegydxsXmC5cBbn4YhSoc6WK','SfjiBkmnIj','0','mlT8sPQl0upM9RBpwMTDOGPvwOQUPTF9nfFM4iLT','false','2021-11-10 21:06:36','2021-11-10 21:06:36',NULL),(32,'stella blick','fgleason@example.net','$2y$10$8.AhuaHaBmK1YWH9y8uqGeG7OAkGVXegydxsXmC5cBbn4YhSoc6WK','T83fT3FIex','1',NULL,'false','2021-11-10 21:06:36','2021-11-10 21:06:36',NULL),(33,'kathryn glover','littel.bert@example.org','$2y$10$8.AhuaHaBmK1YWH9y8uqGeG7OAkGVXegydxsXmC5cBbn4YhSoc6WK','azZ5zGBG8w','1',NULL,'true','2021-11-10 21:06:36','2021-11-10 21:06:36',NULL),(34,'kellen morissette','yost.jake@example.com','$2y$10$8.AhuaHaBmK1YWH9y8uqGeG7OAkGVXegydxsXmC5cBbn4YhSoc6WK','mxQZzTXDd7','0','kimlLdMA0CpxVtJJHC8WOqKrcCIi7aexX0ZEMgN2','true','2021-11-10 21:06:36','2021-11-10 21:06:36',NULL),(35,'skylar romaguera','etha32@example.net','$2y$10$8.AhuaHaBmK1YWH9y8uqGeG7OAkGVXegydxsXmC5cBbn4YhSoc6WK','7QPK3evJNv','1',NULL,'true','2021-11-10 21:06:36','2021-11-10 21:06:36',NULL),(36,'elna kemmer phd','rodriguez.stefanie@example.net','$2y$10$8.AhuaHaBmK1YWH9y8uqGeG7OAkGVXegydxsXmC5cBbn4YhSoc6WK','MCUzq0NRg5','1',NULL,'false','2021-11-10 21:06:36','2021-11-10 21:06:36',NULL),(37,'johnathon turner','ritchie.virgie@example.org','$2y$10$8.AhuaHaBmK1YWH9y8uqGeG7OAkGVXegydxsXmC5cBbn4YhSoc6WK','aHNPNUHpGT','1',NULL,'true','2021-11-10 21:06:36','2021-11-10 21:06:36',NULL),(38,'prof. kody hyatt iii','armando80@example.com','$2y$10$8.AhuaHaBmK1YWH9y8uqGeG7OAkGVXegydxsXmC5cBbn4YhSoc6WK','E9yEBsuLR6','1',NULL,'false','2021-11-10 21:06:36','2021-11-10 21:06:36',NULL),(39,'dr. beaulah fisher i','dante.cole@example.com','$2y$10$8.AhuaHaBmK1YWH9y8uqGeG7OAkGVXegydxsXmC5cBbn4YhSoc6WK','BiXqa87Vqk','0','Wx6gEKSJqUjmwD3st0WOesOrqzmXNMjOzlTLZAS3','false','2021-11-10 21:06:36','2021-11-10 21:06:36',NULL),(40,'elenor kuvalis','clementine64@example.net','$2y$10$8.AhuaHaBmK1YWH9y8uqGeG7OAkGVXegydxsXmC5cBbn4YhSoc6WK','UlstcJYxWx','1',NULL,'true','2021-11-10 21:06:36','2021-11-10 21:06:36',NULL),(41,'miss krystel gerhold','johns.kathryn@example.net','$2y$10$8.AhuaHaBmK1YWH9y8uqGeG7OAkGVXegydxsXmC5cBbn4YhSoc6WK','A8FhDUk7y2','1',NULL,'false','2021-11-10 21:06:36','2021-11-10 21:06:36',NULL),(42,'virginia klocko','garett.volkman@example.org','$2y$10$8.AhuaHaBmK1YWH9y8uqGeG7OAkGVXegydxsXmC5cBbn4YhSoc6WK','vxrUAT3e9G','1',NULL,'false','2021-11-10 21:06:36','2021-11-10 21:06:36',NULL),(43,'abby mosciski','janae86@example.net','$2y$10$8.AhuaHaBmK1YWH9y8uqGeG7OAkGVXegydxsXmC5cBbn4YhSoc6WK','N7Y01iLvAL','0','PkJ1ANeS2LAM4jcz3JsG7xwbnKIgdBSHh88or3IX','true','2021-11-10 21:06:36','2021-11-10 21:06:36',NULL),(44,'juana hickle dds','josefina90@example.net','$2y$10$8.AhuaHaBmK1YWH9y8uqGeG7OAkGVXegydxsXmC5cBbn4YhSoc6WK','6Uo6bjwvy5','0','vTPPTYDsGRj8HXG8F1vouNTcam6SE8wf1oT5bUz8','true','2021-11-10 21:06:36','2021-11-10 21:06:36',NULL),(45,'mr. ruben welch i','fkeeling@example.com','$2y$10$8.AhuaHaBmK1YWH9y8uqGeG7OAkGVXegydxsXmC5cBbn4YhSoc6WK','JPKgtQN3bW','1',NULL,'false','2021-11-10 21:06:36','2021-11-10 21:06:36',NULL),(46,'liam boyer','kayla87@example.org','$2y$10$8.AhuaHaBmK1YWH9y8uqGeG7OAkGVXegydxsXmC5cBbn4YhSoc6WK','84fPK9vdJ6','0','X5ffHThLi97nPZOVZQ2Ni7Yf5dLSHlPdxSXITKhu','true','2021-11-10 21:06:36','2021-11-10 21:06:36',NULL),(47,'kade buckridge','kub.nya@example.net','$2y$10$8.AhuaHaBmK1YWH9y8uqGeG7OAkGVXegydxsXmC5cBbn4YhSoc6WK','aOdnJtuUKF','1',NULL,'true','2021-11-10 21:06:36','2021-11-10 21:06:36',NULL),(48,'davion steuber i','damore.lily@example.org','$2y$10$8.AhuaHaBmK1YWH9y8uqGeG7OAkGVXegydxsXmC5cBbn4YhSoc6WK','63rdAMDhkJ','0','YTpz5AZBuZdhXnvVus55A13IMVQEbDyeloPnYn31','false','2021-11-10 21:06:36','2021-11-10 21:06:36',NULL),(49,'lavon cummerata iii','mathilde16@example.com','$2y$10$8.AhuaHaBmK1YWH9y8uqGeG7OAkGVXegydxsXmC5cBbn4YhSoc6WK','TS2e6nlM4k','1',NULL,'false','2021-11-10 21:06:36','2021-11-10 21:06:36',NULL),(50,'nedra murray dvm','koelpin.daryl@example.net','$2y$10$8.AhuaHaBmK1YWH9y8uqGeG7OAkGVXegydxsXmC5cBbn4YhSoc6WK','UIANrLyxmz','1',NULL,'true','2021-11-10 21:06:36','2021-11-10 21:06:36',NULL),(51,'prof. carmine thompson','igreenfelder@example.com','$2y$10$8.AhuaHaBmK1YWH9y8uqGeG7OAkGVXegydxsXmC5cBbn4YhSoc6WK','HFCY2l5s0b','0','o6hC5ODfKj8e6m76ChGrBwV5iG5iAUVNfK7iBgLC','true','2021-11-10 21:06:36','2021-11-10 21:06:36',NULL),(52,'ms. alba torp','lupe.casper@example.org','$2y$10$8.AhuaHaBmK1YWH9y8uqGeG7OAkGVXegydxsXmC5cBbn4YhSoc6WK','CJ06mBpVbw','0','5geWMXvBwh0nhOUwvZuHLwLgry18Kv1fGQDjzI5Q','false','2021-11-10 21:06:36','2021-11-10 21:06:36',NULL),(53,'dr. cyrus streich','nrosenbaum@example.com','$2y$10$8.AhuaHaBmK1YWH9y8uqGeG7OAkGVXegydxsXmC5cBbn4YhSoc6WK','8Mly7dI3kR','1',NULL,'true','2021-11-10 21:06:36','2021-11-10 21:06:36',NULL),(54,'ollie stroman','shanelle.considine@example.com','$2y$10$8.AhuaHaBmK1YWH9y8uqGeG7OAkGVXegydxsXmC5cBbn4YhSoc6WK','GRUg51HLxs','0','P7FuGCZlAoq2mXDye0QQbjLJMYdz0LIV00ElKLWh','true','2021-11-10 21:06:36','2021-11-10 21:06:36',NULL),(55,'adelbert zieme','lockman.aida@example.org','$2y$10$8.AhuaHaBmK1YWH9y8uqGeG7OAkGVXegydxsXmC5cBbn4YhSoc6WK','4t0T0d1nWd','1',NULL,'true','2021-11-10 21:06:36','2021-11-10 21:06:36',NULL),(56,'jeanne reynolds','hermann.burley@example.com','$2y$10$8.AhuaHaBmK1YWH9y8uqGeG7OAkGVXegydxsXmC5cBbn4YhSoc6WK','NNn5bYqyyV','0','m0qxxUes8AWFQqNkSAazJiwjrmTkpzZaXHgIF9v4','false','2021-11-10 21:06:36','2021-11-10 21:06:36',NULL),(57,'vanessa vonrueden','funk.brooklyn@example.net','$2y$10$8.AhuaHaBmK1YWH9y8uqGeG7OAkGVXegydxsXmC5cBbn4YhSoc6WK','9JCqvRibmq','0','Shsi9AMEJ6eoD69cJVkJvO9UDeeAn95hOwRaeCiA','true','2021-11-10 21:06:36','2021-11-10 21:06:36',NULL),(58,'earlene dare','alvis96@example.com','$2y$10$8.AhuaHaBmK1YWH9y8uqGeG7OAkGVXegydxsXmC5cBbn4YhSoc6WK','MziauGtVWB','0','3Rc4pA3uDOjDQwzy82i6ZTO6kSyHa1ZoXfYRi3qE','false','2021-11-10 21:06:36','2021-11-10 21:06:36',NULL),(59,'alexis friesen','ddamore@example.org','$2y$10$8.AhuaHaBmK1YWH9y8uqGeG7OAkGVXegydxsXmC5cBbn4YhSoc6WK','CuCvr7B3dk','0','yWGuz842eaOfQGWYzVfeQHPRmU95D14rPqW9yMZg','false','2021-11-10 21:06:36','2021-11-10 21:06:36',NULL),(60,'kaitlin mosciski i','gschuster@example.com','$2y$10$8.AhuaHaBmK1YWH9y8uqGeG7OAkGVXegydxsXmC5cBbn4YhSoc6WK','Y2NOVBddcQ','0','utnBxhhFmov9ZqSx5ivOJSSV2ALPLGa3op950VJZ','true','2021-11-10 21:06:36','2021-11-10 21:06:36',NULL),(61,'ephraim prosacco','tillman.hollie@example.org','$2y$10$8.AhuaHaBmK1YWH9y8uqGeG7OAkGVXegydxsXmC5cBbn4YhSoc6WK','2csg9sKXRY','1',NULL,'true','2021-11-10 21:06:36','2021-11-10 21:06:36',NULL),(62,'dr. willa mraz ii','shad.greenholt@example.org','$2y$10$8.AhuaHaBmK1YWH9y8uqGeG7OAkGVXegydxsXmC5cBbn4YhSoc6WK','ZBxw9ClRXP','0','NyicA3uLxZdHC05yEy32RQxdN4Ly37p42CxBcrtO','false','2021-11-10 21:06:36','2021-11-10 21:06:36',NULL),(63,'orlo thiel','genevieve.crona@example.com','$2y$10$8.AhuaHaBmK1YWH9y8uqGeG7OAkGVXegydxsXmC5cBbn4YhSoc6WK','VWb7qL9jUF','1',NULL,'false','2021-11-10 21:06:36','2021-11-10 21:06:36',NULL),(64,'norval gorczany','pink.kub@example.org','$2y$10$8.AhuaHaBmK1YWH9y8uqGeG7OAkGVXegydxsXmC5cBbn4YhSoc6WK','4585NWjMAi','0','qMGWthnDvPessdf9QLD9NTTcaP03loDIxdyDsxHP','true','2021-11-10 21:06:36','2021-11-10 21:06:36',NULL),(65,'miss aniya lindgren','fwhite@example.com','$2y$10$8.AhuaHaBmK1YWH9y8uqGeG7OAkGVXegydxsXmC5cBbn4YhSoc6WK','0xBlpjM4kR','0','gcmgfUTHaLS0xnxb2OzQorCTS705GQhyQS0VlTkn','false','2021-11-10 21:06:36','2021-11-10 21:06:36',NULL),(66,'gloria huel','stiedemann.ana@example.com','$2y$10$8.AhuaHaBmK1YWH9y8uqGeG7OAkGVXegydxsXmC5cBbn4YhSoc6WK','FSi7SdxUbs','0','AUmHLBiHv9U7vh948sVprSCThnWJLwt3EoLJMZY1','false','2021-11-10 21:06:36','2021-11-10 21:06:36',NULL),(67,'candelario kutch','zkeeling@example.com','$2y$10$8.AhuaHaBmK1YWH9y8uqGeG7OAkGVXegydxsXmC5cBbn4YhSoc6WK','0ID24sgnbe','0','iMyZfo0PVrW8nP6I32DxTu1TIeJopkQyHI8JXPEC','false','2021-11-10 21:06:36','2021-11-10 21:06:36',NULL),(68,'francesco stanton','vance.bashirian@example.net','$2y$10$8.AhuaHaBmK1YWH9y8uqGeG7OAkGVXegydxsXmC5cBbn4YhSoc6WK','lhKi5d43ER','0','SrRDUsCuklyuYNVvOcdrTsGBQTf01twNCc6OAfc6','false','2021-11-10 21:06:36','2021-11-10 21:06:36',NULL),(69,'dr. franz blick','hodkiewicz.caleb@example.net','$2y$10$8.AhuaHaBmK1YWH9y8uqGeG7OAkGVXegydxsXmC5cBbn4YhSoc6WK','JZoqQs1LUl','0','lycTk9wRy2Fu6IIwchFZyiaTSKcOgBaLTg4Dbbih','false','2021-11-10 21:06:36','2021-11-10 21:06:36',NULL),(70,'mr. larry jacobi i','robin.murphy@example.org','$2y$10$8.AhuaHaBmK1YWH9y8uqGeG7OAkGVXegydxsXmC5cBbn4YhSoc6WK','3ctrsxUoLm','0','82ZURsBh4BWwPNeKrD9ieKEGjSurbxVmA1Gk1f8v','true','2021-11-10 21:06:36','2021-11-10 21:06:36',NULL),(71,'dr. beryl williamson','titus.beer@example.net','$2y$10$8.AhuaHaBmK1YWH9y8uqGeG7OAkGVXegydxsXmC5cBbn4YhSoc6WK','2N5PqmAn4A','0','HBo7el0Y8vhjJxfoQ6NmZHE31Db74frV7dbay4Zs','false','2021-11-10 21:06:36','2021-11-10 21:06:36',NULL),(72,'brooke lang','hartmann.florencio@example.net','$2y$10$8.AhuaHaBmK1YWH9y8uqGeG7OAkGVXegydxsXmC5cBbn4YhSoc6WK','sW2GXMAk9S','1',NULL,'true','2021-11-10 21:06:36','2021-11-10 21:06:36',NULL),(73,'miss billie mayer','abernathy.kieran@example.org','$2y$10$8.AhuaHaBmK1YWH9y8uqGeG7OAkGVXegydxsXmC5cBbn4YhSoc6WK','URBuv8iyfm','0','tQ4kfNEyiVDSMz1Gw9BLGAYemhjpX7W9lz3WZxE3','false','2021-11-10 21:06:36','2021-11-10 21:06:36',NULL),(74,'prof. gladys kshlerin i','pwalker@example.org','$2y$10$8.AhuaHaBmK1YWH9y8uqGeG7OAkGVXegydxsXmC5cBbn4YhSoc6WK','OkKbx0u1En','1',NULL,'true','2021-11-10 21:06:36','2021-11-10 21:06:36',NULL),(75,'delphia willms','reilly.sonny@example.com','$2y$10$8.AhuaHaBmK1YWH9y8uqGeG7OAkGVXegydxsXmC5cBbn4YhSoc6WK','QF6j8l2xOv','1',NULL,'true','2021-11-10 21:06:36','2021-11-10 21:06:36',NULL),(76,'linnea kassulke dds','ymills@example.org','$2y$10$8.AhuaHaBmK1YWH9y8uqGeG7OAkGVXegydxsXmC5cBbn4YhSoc6WK','qw6N6L0AVi','0','JF6EUL5YfgHCkNFRcgqjj0Mu6P2KumzFTbx1UrvB','false','2021-11-10 21:06:36','2021-11-10 21:06:36',NULL),(77,'prof. summer abernathy','colleen.hackett@example.com','$2y$10$8.AhuaHaBmK1YWH9y8uqGeG7OAkGVXegydxsXmC5cBbn4YhSoc6WK','YqeWI18msB','1',NULL,'true','2021-11-10 21:06:36','2021-11-10 21:06:36',NULL),(78,'jevon ondricka','vincent.bauch@example.net','$2y$10$8.AhuaHaBmK1YWH9y8uqGeG7OAkGVXegydxsXmC5cBbn4YhSoc6WK','IGIeonv8Tm','0','vM0e9gvKi3X34FZquEJ2GKRBcL62IzNQ4Q4kiQTk','false','2021-11-10 21:06:36','2021-11-10 21:06:36',NULL),(79,'annalise schmidt','rowland.orn@example.com','$2y$10$8.AhuaHaBmK1YWH9y8uqGeG7OAkGVXegydxsXmC5cBbn4YhSoc6WK','JFQELJhFZO','0','DvD64UzDf5gUOic2AyXD1Qn8XtpKR98X6KOYPBYi','false','2021-11-10 21:06:36','2021-11-10 21:06:36',NULL),(80,'alyce skiles md','nikolaus.norma@example.org','$2y$10$8.AhuaHaBmK1YWH9y8uqGeG7OAkGVXegydxsXmC5cBbn4YhSoc6WK','9iO0BiMUOn','1',NULL,'true','2021-11-10 21:06:36','2021-11-10 21:06:36',NULL),(81,'ethyl lynch sr.','verdie39@example.net','$2y$10$8.AhuaHaBmK1YWH9y8uqGeG7OAkGVXegydxsXmC5cBbn4YhSoc6WK','4lsnZQsEuq','1',NULL,'false','2021-11-10 21:06:36','2021-11-10 21:06:36',NULL),(82,'ariane jast iv','jody.hickle@example.net','$2y$10$8.AhuaHaBmK1YWH9y8uqGeG7OAkGVXegydxsXmC5cBbn4YhSoc6WK','Y8LSRbb9D4','0','Kw1t1hNgQpFe2NZbw05Vz45c3ge0wK6BTR8Ur8Bx','true','2021-11-10 21:06:36','2021-11-10 21:06:36',NULL),(83,'evelyn kuhn ii','mohr.brook@example.com','$2y$10$8.AhuaHaBmK1YWH9y8uqGeG7OAkGVXegydxsXmC5cBbn4YhSoc6WK','4bD6seupTK','0','nyPJES3NUDd7vhRDLU7vFDWDrdkmGU9V8lGIPMOA','true','2021-11-10 21:06:36','2021-11-10 21:06:36',NULL),(84,'salvatore dare','wade.lockman@example.net','$2y$10$8.AhuaHaBmK1YWH9y8uqGeG7OAkGVXegydxsXmC5cBbn4YhSoc6WK','vnJNwrnru0','0','rPdmlwh4R53KFUOjjMuOCBreqawAIS4nrDjEdH7W','true','2021-11-10 21:06:36','2021-11-10 21:06:36',NULL),(85,'vivianne nitzsche','annabelle.bartell@example.net','$2y$10$8.AhuaHaBmK1YWH9y8uqGeG7OAkGVXegydxsXmC5cBbn4YhSoc6WK','B0fpuc6qCp','0','O9hNqrdH6HKOH04V0IO4OBn57Nw1P5Ek2AyvqhHo','true','2021-11-10 21:06:36','2021-11-10 21:06:36',NULL),(86,'bridie waelchi','mwaters@example.org','$2y$10$8.AhuaHaBmK1YWH9y8uqGeG7OAkGVXegydxsXmC5cBbn4YhSoc6WK','tMFibGHAlc','0','YibDNfrsOg7XmKd6zwGVp0SCUQWywrL6MFY5pXE9','true','2021-11-10 21:06:36','2021-11-10 21:06:36',NULL),(87,'kenton krajcik','anderson.rashawn@example.net','$2y$10$8.AhuaHaBmK1YWH9y8uqGeG7OAkGVXegydxsXmC5cBbn4YhSoc6WK','F40RRUzFQb','0','lI4z652e46v1XWbbyrd2SHxCkcJXjQg1mqqBmf4b','false','2021-11-10 21:06:36','2021-11-10 21:06:36',NULL),(88,'prof. caleb keebler','cleora.reichel@example.org','$2y$10$8.AhuaHaBmK1YWH9y8uqGeG7OAkGVXegydxsXmC5cBbn4YhSoc6WK','7qykTDRc43','1',NULL,'false','2021-11-10 21:06:36','2021-11-10 21:06:36',NULL),(89,'dr. rhett herman phd','mazie00@example.com','$2y$10$8.AhuaHaBmK1YWH9y8uqGeG7OAkGVXegydxsXmC5cBbn4YhSoc6WK','Z1hpCDgCzZ','1',NULL,'false','2021-11-10 21:06:36','2021-11-10 21:06:36',NULL),(90,'dr. sedrick steuber v','frederik.medhurst@example.org','$2y$10$8.AhuaHaBmK1YWH9y8uqGeG7OAkGVXegydxsXmC5cBbn4YhSoc6WK','PugCD0Hw7w','0','3iBfTaaEbaSyhzhoL6MbEMvTqWDSYOgDHPE64ri0','false','2021-11-10 21:06:36','2021-11-10 21:06:36',NULL),(91,'mireya bode','michael51@example.org','$2y$10$8.AhuaHaBmK1YWH9y8uqGeG7OAkGVXegydxsXmC5cBbn4YhSoc6WK','A3r0IOqUKR','1',NULL,'false','2021-11-10 21:06:36','2021-11-10 21:06:36',NULL),(92,'harrison volkman','raphael68@example.org','$2y$10$8.AhuaHaBmK1YWH9y8uqGeG7OAkGVXegydxsXmC5cBbn4YhSoc6WK','UhgQZXlb5L','0','ntSNISdwQiPVxV3F3OTwmC38oEcyyVViqrQHNKuk','false','2021-11-10 21:06:36','2021-11-10 21:06:36',NULL),(93,'keon adams','elenora.beatty@example.net','$2y$10$8.AhuaHaBmK1YWH9y8uqGeG7OAkGVXegydxsXmC5cBbn4YhSoc6WK','Mq2RCSsb9W','1',NULL,'true','2021-11-10 21:06:36','2021-11-10 21:06:36',NULL),(94,'mrs. viva kozey v','effertz.enoch@example.com','$2y$10$8.AhuaHaBmK1YWH9y8uqGeG7OAkGVXegydxsXmC5cBbn4YhSoc6WK','qVHgSBWzff','0','lIpCF6q0TWq7K5BobdBpTjgzOK0GTl5KcOYSrW1b','false','2021-11-10 21:06:36','2021-11-10 21:06:36',NULL),(95,'francesco toy','amonahan@example.com','$2y$10$8.AhuaHaBmK1YWH9y8uqGeG7OAkGVXegydxsXmC5cBbn4YhSoc6WK','a0FIAAjZpD','1',NULL,'true','2021-11-10 21:06:36','2021-11-10 21:06:36',NULL),(96,'herbert hauck','lue.vandervort@example.org','$2y$10$8.AhuaHaBmK1YWH9y8uqGeG7OAkGVXegydxsXmC5cBbn4YhSoc6WK','s7TYtGZ5dn','1',NULL,'true','2021-11-10 21:06:36','2021-11-10 21:06:36',NULL),(97,'nathen predovic','caterina67@example.org','$2y$10$8.AhuaHaBmK1YWH9y8uqGeG7OAkGVXegydxsXmC5cBbn4YhSoc6WK','He8T8QTRxf','1',NULL,'true','2021-11-10 21:06:36','2021-11-10 21:06:36',NULL),(98,'carleton jaskolski i','heathcote.josh@example.net','$2y$10$8.AhuaHaBmK1YWH9y8uqGeG7OAkGVXegydxsXmC5cBbn4YhSoc6WK','OG0hNDlptN','1',NULL,'false','2021-11-10 21:06:36','2021-11-10 21:06:36',NULL),(99,'christine christiansen dds','bernier.nellie@example.org','$2y$10$8.AhuaHaBmK1YWH9y8uqGeG7OAkGVXegydxsXmC5cBbn4YhSoc6WK','yd1ZbKEvRf','1',NULL,'false','2021-11-10 21:06:36','2021-11-10 21:06:36',NULL),(100,'timothy smith','nmorissette@example.com','$2y$10$8.AhuaHaBmK1YWH9y8uqGeG7OAkGVXegydxsXmC5cBbn4YhSoc6WK','CAG7UmO2Lv','0','TPriIJt3eXdhKSgLET61wfY9N37hfZUYpETxwrO5','false','2021-11-10 21:06:36','2021-11-10 21:06:36',NULL),(101,'miss rosa kuhn i','sgoldner@example.net','$2y$10$8.AhuaHaBmK1YWH9y8uqGeG7OAkGVXegydxsXmC5cBbn4YhSoc6WK','lXX9xwCKSi','1',NULL,'false','2021-11-10 21:06:36','2021-11-10 21:06:36',NULL),(102,'andres cronin md','jberge@example.net','$2y$10$8.AhuaHaBmK1YWH9y8uqGeG7OAkGVXegydxsXmC5cBbn4YhSoc6WK','jbIpJGsref','1',NULL,'true','2021-11-10 21:06:36','2021-11-10 21:06:36',NULL),(103,'nadia borer','kenyon23@example.org','$2y$10$8.AhuaHaBmK1YWH9y8uqGeG7OAkGVXegydxsXmC5cBbn4YhSoc6WK','y45KzrxweF','1',NULL,'false','2021-11-10 21:06:36','2021-11-10 21:06:36',NULL),(104,'mariane kohler','dan.schamberger@example.com','$2y$10$8.AhuaHaBmK1YWH9y8uqGeG7OAkGVXegydxsXmC5cBbn4YhSoc6WK','tgcS7CyV17','0','9qRpiRiVil5OWmGEBjlTeaTuSu6CuASBWA8ws46Y','true','2021-11-10 21:06:36','2021-11-10 21:06:36',NULL),(105,'georgette casper','mariela34@example.net','$2y$10$8.AhuaHaBmK1YWH9y8uqGeG7OAkGVXegydxsXmC5cBbn4YhSoc6WK','WILO0w1xFo','1',NULL,'true','2021-11-10 21:06:36','2021-11-10 21:06:36',NULL),(106,'chauncey o\'conner','xzavier.huels@example.net','$2y$10$8.AhuaHaBmK1YWH9y8uqGeG7OAkGVXegydxsXmC5cBbn4YhSoc6WK','uiONNlcqAB','1',NULL,'true','2021-11-10 21:06:36','2021-11-10 21:06:36',NULL),(107,'caterina mcdermott','ibrahim.gusikowski@example.net','$2y$10$8.AhuaHaBmK1YWH9y8uqGeG7OAkGVXegydxsXmC5cBbn4YhSoc6WK','wXOhTP7LZs','0','RhFzZy4iWzIjOg7ChahCgxGIc8BwfAmzi8aXR20q','false','2021-11-10 21:06:36','2021-11-10 21:06:36',NULL),(108,'marques jacobi iii','sgulgowski@example.com','$2y$10$8.AhuaHaBmK1YWH9y8uqGeG7OAkGVXegydxsXmC5cBbn4YhSoc6WK','5WHLB5qRqC','1',NULL,'false','2021-11-10 21:06:36','2021-11-10 21:06:36',NULL),(109,'dr. reese ward','conroy.lemuel@example.org','$2y$10$8.AhuaHaBmK1YWH9y8uqGeG7OAkGVXegydxsXmC5cBbn4YhSoc6WK','3ZnLK4ITTQ','0','4eQ52lBBmpFSo5TwxGfHN2vuQR1eHGOTDW3NgarL','true','2021-11-10 21:06:36','2021-11-10 21:06:36',NULL),(110,'prof. ceasar wuckert','gkohler@example.com','$2y$10$8.AhuaHaBmK1YWH9y8uqGeG7OAkGVXegydxsXmC5cBbn4YhSoc6WK','mNnikP81Cw','0','KCNWh1YMeGyUjabLV2eqPwSV9JCUMs2kl9MTzhUi','false','2021-11-10 21:06:36','2021-11-10 21:06:36',NULL),(111,'augustine borer','lisandro.berge@example.com','$2y$10$8.AhuaHaBmK1YWH9y8uqGeG7OAkGVXegydxsXmC5cBbn4YhSoc6WK','YjBt1Wgw3C','1',NULL,'true','2021-11-10 21:06:36','2021-11-10 21:06:36',NULL),(112,'desiree dibbert','koepp.israel@example.net','$2y$10$8.AhuaHaBmK1YWH9y8uqGeG7OAkGVXegydxsXmC5cBbn4YhSoc6WK','A01oeTEiUr','0','B503NoFoPVQ9Q1FYz0ePxzSk6H4165jKFgccy1rX','false','2021-11-10 21:06:36','2021-11-10 21:06:36',NULL),(113,'francisca gulgowski','dominic28@example.com','$2y$10$8.AhuaHaBmK1YWH9y8uqGeG7OAkGVXegydxsXmC5cBbn4YhSoc6WK','KVoW4Mqlzx','0','9REIkGgHuk8sSoMyjijhiixrGf7E1rfmu8QAr2UB','true','2021-11-10 21:06:36','2021-11-10 21:06:36',NULL),(114,'hermina emmerich dvm','marlon.kertzmann@example.com','$2y$10$8.AhuaHaBmK1YWH9y8uqGeG7OAkGVXegydxsXmC5cBbn4YhSoc6WK','6ySutdW36W','0','MfVkXGTQutMi97RLlSl0jQeP7YI0YkeidTpC3AJT','true','2021-11-10 21:06:36','2021-11-10 21:06:36',NULL),(115,'ron kertzmann','taya94@example.com','$2y$10$8.AhuaHaBmK1YWH9y8uqGeG7OAkGVXegydxsXmC5cBbn4YhSoc6WK','4mhAuMCJ90','0','zaJB57QlNAM3v3j8C1k7E6iTSo7uQDbLVcS3UJXK','false','2021-11-10 21:06:36','2021-11-10 21:06:36',NULL),(116,'bobby lakin','horacio.larson@example.net','$2y$10$8.AhuaHaBmK1YWH9y8uqGeG7OAkGVXegydxsXmC5cBbn4YhSoc6WK','WStCMZu49K','0','sm1vwIdQJG6CI9IxXDMI9dHws9uOuiZCjZrYP7QI','false','2021-11-10 21:06:36','2021-11-10 21:06:36',NULL),(117,'prof. emmet grant','rconsidine@example.net','$2y$10$8.AhuaHaBmK1YWH9y8uqGeG7OAkGVXegydxsXmC5cBbn4YhSoc6WK','depow8tHwk','1',NULL,'false','2021-11-10 21:06:36','2021-11-10 21:06:36',NULL),(118,'alvera ryan phd','zbernhard@example.net','$2y$10$8.AhuaHaBmK1YWH9y8uqGeG7OAkGVXegydxsXmC5cBbn4YhSoc6WK','ex897VBP6r','1',NULL,'false','2021-11-10 21:06:36','2021-11-10 21:06:36',NULL),(119,'candido keeling','vcummings@example.net','$2y$10$8.AhuaHaBmK1YWH9y8uqGeG7OAkGVXegydxsXmC5cBbn4YhSoc6WK','X4mgUe7NNB','1',NULL,'false','2021-11-10 21:06:36','2021-11-10 21:06:36',NULL),(120,'mr. bernie parker iii','conner.rodriguez@example.com','$2y$10$8.AhuaHaBmK1YWH9y8uqGeG7OAkGVXegydxsXmC5cBbn4YhSoc6WK','KIdPrtGCKK','0','j80R3mdonZhW3fwVmShp3Fenz6a0Yo3ZjgyoQShM','true','2021-11-10 21:06:36','2021-11-10 21:06:36',NULL),(121,'dudley okuneva','julia19@example.org','$2y$10$8.AhuaHaBmK1YWH9y8uqGeG7OAkGVXegydxsXmC5cBbn4YhSoc6WK','7Sz6hIDwk6','1',NULL,'true','2021-11-10 21:06:36','2021-11-10 21:06:36',NULL),(122,'kraig kulas','erica.erdman@example.net','$2y$10$8.AhuaHaBmK1YWH9y8uqGeG7OAkGVXegydxsXmC5cBbn4YhSoc6WK','rGv3k4Zr0S','1',NULL,'false','2021-11-10 21:06:36','2021-11-10 21:06:36',NULL),(123,'miss dayana schuster','quitzon.adan@example.com','$2y$10$8.AhuaHaBmK1YWH9y8uqGeG7OAkGVXegydxsXmC5cBbn4YhSoc6WK','S3flQKzWOA','0','DfOwreaEbrZRgNsg3VwgZXxYgAuvOg4QNYqidWnm','false','2021-11-10 21:06:36','2021-11-10 21:06:36',NULL),(124,'neva mertz','dayton51@example.org','$2y$10$8.AhuaHaBmK1YWH9y8uqGeG7OAkGVXegydxsXmC5cBbn4YhSoc6WK','BoDkSuOVYm','1',NULL,'false','2021-11-10 21:06:36','2021-11-10 21:06:36',NULL),(125,'henry wiza dvm','hmosciski@example.org','$2y$10$8.AhuaHaBmK1YWH9y8uqGeG7OAkGVXegydxsXmC5cBbn4YhSoc6WK','1M74vUyuob','1',NULL,'false','2021-11-10 21:06:36','2021-11-10 21:06:36',NULL),(126,'avis buckridge','elton.nienow@example.com','$2y$10$8.AhuaHaBmK1YWH9y8uqGeG7OAkGVXegydxsXmC5cBbn4YhSoc6WK','HIg9fS6ADw','1',NULL,'false','2021-11-10 21:06:36','2021-11-10 21:06:36',NULL),(127,'olga abbott','mtromp@example.org','$2y$10$8.AhuaHaBmK1YWH9y8uqGeG7OAkGVXegydxsXmC5cBbn4YhSoc6WK','igMq0hoQnX','1',NULL,'false','2021-11-10 21:06:36','2021-11-10 21:06:36',NULL),(128,'jody bartell','forest.prosacco@example.com','$2y$10$8.AhuaHaBmK1YWH9y8uqGeG7OAkGVXegydxsXmC5cBbn4YhSoc6WK','0ScMY7uArh','0','WlsH47TzE9PzkXkTp3otHKJfG4DROz6pDLgldgre','true','2021-11-10 21:06:36','2021-11-10 21:06:36',NULL),(129,'mr. brown pfeffer','uterry@example.net','$2y$10$8.AhuaHaBmK1YWH9y8uqGeG7OAkGVXegydxsXmC5cBbn4YhSoc6WK','dYPCHHFKGp','1',NULL,'true','2021-11-10 21:06:36','2021-11-10 21:06:36',NULL),(130,'colten schultz','lonnie91@example.com','$2y$10$8.AhuaHaBmK1YWH9y8uqGeG7OAkGVXegydxsXmC5cBbn4YhSoc6WK','qzOD22zmrr','0','P0F5DsaeY17oBYqQwYECLqB9QQqo2ekxJ16QsJEu','false','2021-11-10 21:06:36','2021-11-10 21:06:36',NULL),(131,'florida lynch','vernie.reichel@example.com','$2y$10$8.AhuaHaBmK1YWH9y8uqGeG7OAkGVXegydxsXmC5cBbn4YhSoc6WK','BD59YXth6m','0','hwY1M76dOjzouDmgmxLu6vLxTnP5PkzH4bwTGpXs','false','2021-11-10 21:06:36','2021-11-10 21:06:36',NULL),(132,'dr. brannon hegmann sr.','cummerata.irwin@example.org','$2y$10$8.AhuaHaBmK1YWH9y8uqGeG7OAkGVXegydxsXmC5cBbn4YhSoc6WK','V2MqTCX0NQ','1',NULL,'true','2021-11-10 21:06:36','2021-11-10 21:06:36',NULL),(133,'estel huel','danial02@example.net','$2y$10$8.AhuaHaBmK1YWH9y8uqGeG7OAkGVXegydxsXmC5cBbn4YhSoc6WK','Gn9TcR6iil','0','uJrLOOm76oKBO7u6dXsxvx8OEXesmMEERuKmXe5y','false','2021-11-10 21:06:36','2021-11-10 21:06:36',NULL),(134,'palma brekke sr.','fredy.gottlieb@example.org','$2y$10$8.AhuaHaBmK1YWH9y8uqGeG7OAkGVXegydxsXmC5cBbn4YhSoc6WK','C8xbvlUYoc','0','viCWWL1BzY5FWjmLH59MZerR313r8E90tf5KT9CR','true','2021-11-10 21:06:36','2021-11-10 21:06:36',NULL),(135,'marjorie fisher','becker.michele@example.org','$2y$10$8.AhuaHaBmK1YWH9y8uqGeG7OAkGVXegydxsXmC5cBbn4YhSoc6WK','X7CNeyVzPO','1',NULL,'false','2021-11-10 21:06:36','2021-11-10 21:06:36',NULL),(136,'mr. devante padberg dds','birdie.koch@example.net','$2y$10$8.AhuaHaBmK1YWH9y8uqGeG7OAkGVXegydxsXmC5cBbn4YhSoc6WK','1xTzONPiE3','1',NULL,'false','2021-11-10 21:06:36','2021-11-10 21:06:36',NULL),(137,'miss margarett halvorson','zrutherford@example.org','$2y$10$8.AhuaHaBmK1YWH9y8uqGeG7OAkGVXegydxsXmC5cBbn4YhSoc6WK','Izm9ovPheI','1',NULL,'true','2021-11-10 21:06:36','2021-11-10 21:06:36',NULL),(138,'mr. frankie turcotte iv','ludie.schumm@example.com','$2y$10$8.AhuaHaBmK1YWH9y8uqGeG7OAkGVXegydxsXmC5cBbn4YhSoc6WK','TkGnrcefjo','0','lTTa6GcIIhKWYpcSEYQE8jtgJysRhMVc5A2RDnwg','true','2021-11-10 21:06:36','2021-11-10 21:06:36',NULL),(139,'prof. ahmed brakus i','kylee72@example.com','$2y$10$8.AhuaHaBmK1YWH9y8uqGeG7OAkGVXegydxsXmC5cBbn4YhSoc6WK','KLDj7LfnAC','1',NULL,'false','2021-11-10 21:06:36','2021-11-10 21:06:36',NULL),(140,'halle ward','patsy75@example.org','$2y$10$8.AhuaHaBmK1YWH9y8uqGeG7OAkGVXegydxsXmC5cBbn4YhSoc6WK','CW4jSxeknl','1',NULL,'false','2021-11-10 21:06:36','2021-11-10 21:06:36',NULL),(141,'mr. richard gottlieb jr.','ukeeling@example.net','$2y$10$8.AhuaHaBmK1YWH9y8uqGeG7OAkGVXegydxsXmC5cBbn4YhSoc6WK','vcI4bVI7J5','1',NULL,'true','2021-11-10 21:06:36','2021-11-10 21:06:36',NULL),(142,'prof. arvel cruickshank ii','fernando.grady@example.com','$2y$10$8.AhuaHaBmK1YWH9y8uqGeG7OAkGVXegydxsXmC5cBbn4YhSoc6WK','rd2ya0yBaU','0','r8F6ziuauiHbUHYTWgH2yJyPScGZJRRCPwXTwzUy','true','2021-11-10 21:06:36','2021-11-10 21:06:36',NULL),(143,'morgan gerhold','ccrona@example.net','$2y$10$8.AhuaHaBmK1YWH9y8uqGeG7OAkGVXegydxsXmC5cBbn4YhSoc6WK','K0fedPttCO','1',NULL,'true','2021-11-10 21:06:36','2021-11-10 21:06:36',NULL),(144,'llewellyn lindgren','jwaters@example.org','$2y$10$8.AhuaHaBmK1YWH9y8uqGeG7OAkGVXegydxsXmC5cBbn4YhSoc6WK','oTB9lNFuyJ','1',NULL,'true','2021-11-10 21:06:36','2021-11-10 21:06:36',NULL),(145,'prof. liliana feest','bartell.grayce@example.org','$2y$10$8.AhuaHaBmK1YWH9y8uqGeG7OAkGVXegydxsXmC5cBbn4YhSoc6WK','VtgqWJZum4','1',NULL,'true','2021-11-10 21:06:36','2021-11-10 21:06:36',NULL),(146,'courtney mayert jr.','elizabeth.boehm@example.com','$2y$10$8.AhuaHaBmK1YWH9y8uqGeG7OAkGVXegydxsXmC5cBbn4YhSoc6WK','Hi4ZAaKW3F','0','SNztxitnai1ePKBlUlzcIDqV87YoNUSKeJczNpqZ','false','2021-11-10 21:06:36','2021-11-10 21:06:36',NULL),(147,'wilma hahn','lbartoletti@example.com','$2y$10$8.AhuaHaBmK1YWH9y8uqGeG7OAkGVXegydxsXmC5cBbn4YhSoc6WK','mRfEXu7MQn','1',NULL,'false','2021-11-10 21:06:36','2021-11-10 21:06:36',NULL),(148,'keon berge','clebsack@example.net','$2y$10$8.AhuaHaBmK1YWH9y8uqGeG7OAkGVXegydxsXmC5cBbn4YhSoc6WK','7xsdRpljVc','0','spsVzgPLiFCB3PMSMwO97zkcSIb2pJtBpm3728iZ','true','2021-11-10 21:06:36','2021-11-10 21:06:36',NULL),(149,'mina towne','kevin.tremblay@example.net','$2y$10$8.AhuaHaBmK1YWH9y8uqGeG7OAkGVXegydxsXmC5cBbn4YhSoc6WK','MTBfKZxyKU','0','JqfaCWq0KVbXJIPxglhIimF6VexlFxAsIGhC7H5T','true','2021-11-10 21:06:36','2021-11-10 21:06:36',NULL),(150,'dr. alexis emmerich dds','cbednar@example.net','$2y$10$8.AhuaHaBmK1YWH9y8uqGeG7OAkGVXegydxsXmC5cBbn4YhSoc6WK','ciaAvN8nBt','0','ONVPuSUV3gS90Da14Kt1uv06yvRoUbdQjowPaTqY','false','2021-11-10 21:06:36','2021-11-10 21:06:36',NULL),(151,'ms. lynn gibson phd','dortha20@example.net','$2y$10$8.AhuaHaBmK1YWH9y8uqGeG7OAkGVXegydxsXmC5cBbn4YhSoc6WK','XerhIEaDZP','1',NULL,'true','2021-11-10 21:06:36','2021-11-10 21:06:36',NULL),(152,'chadrick rowe','waylon.hills@example.com','$2y$10$8.AhuaHaBmK1YWH9y8uqGeG7OAkGVXegydxsXmC5cBbn4YhSoc6WK','UqI9K6fsSN','0','MSnDCYZHupfd2vVgVPSithfqo0NOqBE35cPgZaOT','false','2021-11-10 21:06:36','2021-11-10 21:06:36',NULL),(153,'dr. lyric ratke','smitham.bobby@example.com','$2y$10$8.AhuaHaBmK1YWH9y8uqGeG7OAkGVXegydxsXmC5cBbn4YhSoc6WK','bACLGRQcMk','1',NULL,'false','2021-11-10 21:06:36','2021-11-10 21:06:36',NULL),(154,'moshe weber','kamron.weimann@example.net','$2y$10$8.AhuaHaBmK1YWH9y8uqGeG7OAkGVXegydxsXmC5cBbn4YhSoc6WK','UafJIhz8LW','1',NULL,'true','2021-11-10 21:06:36','2021-11-10 21:06:36',NULL),(155,'mr. warren boyer','tamara.fritsch@example.net','$2y$10$8.AhuaHaBmK1YWH9y8uqGeG7OAkGVXegydxsXmC5cBbn4YhSoc6WK','ryIB04eGnE','0','lMQr3gVFnJCAmbTAjopDXwkME699JWMIZzdBkV4s','true','2021-11-10 21:06:36','2021-11-10 21:06:36',NULL),(156,'maud fay','della84@example.net','$2y$10$8.AhuaHaBmK1YWH9y8uqGeG7OAkGVXegydxsXmC5cBbn4YhSoc6WK','OtgZohL2Bh','0','Mqi5Z7KBk9vvIK3ZT7ro6RpgTbxWI52Mc5qOwijR','false','2021-11-10 21:06:36','2021-11-10 21:06:36',NULL),(157,'andrew eichmann iii','lonzo06@example.org','$2y$10$8.AhuaHaBmK1YWH9y8uqGeG7OAkGVXegydxsXmC5cBbn4YhSoc6WK','13urbCFrtW','1',NULL,'true','2021-11-10 21:06:36','2021-11-10 21:06:36',NULL),(158,'max ullrich','raina50@example.com','$2y$10$8.AhuaHaBmK1YWH9y8uqGeG7OAkGVXegydxsXmC5cBbn4YhSoc6WK','jnpNSEbffw','0','mP1DZTFxvKE8JjxFFfmHbf0EdYMgLvUVk9zqC0HV','false','2021-11-10 21:06:36','2021-11-10 21:06:36',NULL),(159,'dr. everett daugherty sr.','mabel06@example.net','$2y$10$8.AhuaHaBmK1YWH9y8uqGeG7OAkGVXegydxsXmC5cBbn4YhSoc6WK','xg6xlfLOPR','1',NULL,'true','2021-11-10 21:06:36','2021-11-10 21:06:36',NULL),(160,'dashawn gerhold','cassidy.turcotte@example.com','$2y$10$8.AhuaHaBmK1YWH9y8uqGeG7OAkGVXegydxsXmC5cBbn4YhSoc6WK','SwQhpPQKn7','1',NULL,'true','2021-11-10 21:06:36','2021-11-10 21:06:36',NULL),(161,'reynold vonrueden','rex48@example.com','$2y$10$8.AhuaHaBmK1YWH9y8uqGeG7OAkGVXegydxsXmC5cBbn4YhSoc6WK','CHkSj4PSBP','0','8DeK5ej5Sd8DWAHkBnUjHLUVXMqSwbHX3YjyuldV','false','2021-11-10 21:06:36','2021-11-10 21:06:36',NULL),(162,'dr. corrine beahan','richard16@example.com','$2y$10$8.AhuaHaBmK1YWH9y8uqGeG7OAkGVXegydxsXmC5cBbn4YhSoc6WK','nTu2DyoNW8','1',NULL,'false','2021-11-10 21:06:36','2021-11-10 21:06:36',NULL),(163,'afton jacobson','fhermiston@example.net','$2y$10$8.AhuaHaBmK1YWH9y8uqGeG7OAkGVXegydxsXmC5cBbn4YhSoc6WK','vvp1cJmdux','1',NULL,'true','2021-11-10 21:06:36','2021-11-10 21:06:36',NULL),(164,'maddison mills','eric.mann@example.net','$2y$10$8.AhuaHaBmK1YWH9y8uqGeG7OAkGVXegydxsXmC5cBbn4YhSoc6WK','ue3J1lOIWR','0','JQlSoLYErQ3cmrMUZNfrPi4CWDzrK7LENfMeKcCb','false','2021-11-10 21:06:36','2021-11-10 21:06:36',NULL),(165,'ms. retha boyer dvm','erolfson@example.org','$2y$10$8.AhuaHaBmK1YWH9y8uqGeG7OAkGVXegydxsXmC5cBbn4YhSoc6WK','Bt5GGRCLwE','0','7qldSWuhdN6zNHxYXmlApY6hubfQK6Ht0Ad2bm3X','true','2021-11-10 21:06:36','2021-11-10 21:06:36',NULL),(166,'aurelie nitzsche dds','bhand@example.com','$2y$10$8.AhuaHaBmK1YWH9y8uqGeG7OAkGVXegydxsXmC5cBbn4YhSoc6WK','BB4g9BJ3OQ','1',NULL,'true','2021-11-10 21:06:36','2021-11-10 21:06:36',NULL),(167,'gabrielle metz','roberts.nakia@example.net','$2y$10$8.AhuaHaBmK1YWH9y8uqGeG7OAkGVXegydxsXmC5cBbn4YhSoc6WK','Qad4TA0ld8','1',NULL,'false','2021-11-10 21:06:36','2021-11-10 21:06:36',NULL),(168,'cruz schneider phd','adriana96@example.com','$2y$10$8.AhuaHaBmK1YWH9y8uqGeG7OAkGVXegydxsXmC5cBbn4YhSoc6WK','AzfLe1aBQS','1',NULL,'false','2021-11-10 21:06:36','2021-11-10 21:06:36',NULL),(169,'miss winnifred schuppe','emard.krystina@example.org','$2y$10$8.AhuaHaBmK1YWH9y8uqGeG7OAkGVXegydxsXmC5cBbn4YhSoc6WK','OxF0WrOmpF','0','4mg8PTeBe5hC4SRH7hLxjXGSs6Uky97yKIxlVMXi','false','2021-11-10 21:06:36','2021-11-10 21:06:36',NULL),(170,'matilda ferry','bogan.anastacio@example.com','$2y$10$8.AhuaHaBmK1YWH9y8uqGeG7OAkGVXegydxsXmC5cBbn4YhSoc6WK','WDoYL21SuF','1',NULL,'false','2021-11-10 21:06:36','2021-11-10 21:06:36',NULL),(171,'kiara stamm iv','grace58@example.net','$2y$10$8.AhuaHaBmK1YWH9y8uqGeG7OAkGVXegydxsXmC5cBbn4YhSoc6WK','Dw6uNpHCap','1',NULL,'true','2021-11-10 21:06:36','2021-11-10 21:06:36',NULL),(172,'junius langosh','guiseppe53@example.org','$2y$10$8.AhuaHaBmK1YWH9y8uqGeG7OAkGVXegydxsXmC5cBbn4YhSoc6WK','1GfrytKI68','1',NULL,'true','2021-11-10 21:06:36','2021-11-10 21:06:36',NULL),(173,'ilene farrell','wanda97@example.org','$2y$10$8.AhuaHaBmK1YWH9y8uqGeG7OAkGVXegydxsXmC5cBbn4YhSoc6WK','SxQNFVWWRZ','1',NULL,'false','2021-11-10 21:06:36','2021-11-10 21:06:36',NULL),(174,'christop fay','norwood48@example.org','$2y$10$8.AhuaHaBmK1YWH9y8uqGeG7OAkGVXegydxsXmC5cBbn4YhSoc6WK','6R7orKTeZn','1',NULL,'false','2021-11-10 21:06:36','2021-11-10 21:06:36',NULL),(175,'prof. heidi schmitt i','jacynthe.champlin@example.net','$2y$10$8.AhuaHaBmK1YWH9y8uqGeG7OAkGVXegydxsXmC5cBbn4YhSoc6WK','YgScKWSlod','0','sHJ2MxiLzOHoQPpl7y9uMZfn8ola4YkOONrydfb1','true','2021-11-10 21:06:36','2021-11-10 21:06:36',NULL),(176,'mr. dereck stamm','addie02@example.com','$2y$10$8.AhuaHaBmK1YWH9y8uqGeG7OAkGVXegydxsXmC5cBbn4YhSoc6WK','rl3HAUr75H','1',NULL,'true','2021-11-10 21:06:36','2021-11-10 21:06:36',NULL),(177,'amber cole','larkin.melisa@example.org','$2y$10$8.AhuaHaBmK1YWH9y8uqGeG7OAkGVXegydxsXmC5cBbn4YhSoc6WK','2xT5Y1N9w6','1',NULL,'true','2021-11-10 21:06:36','2021-11-10 21:06:36',NULL),(178,'noemi frami','dubuque.elsa@example.net','$2y$10$8.AhuaHaBmK1YWH9y8uqGeG7OAkGVXegydxsXmC5cBbn4YhSoc6WK','ZJhzCn3hVV','1',NULL,'false','2021-11-10 21:06:36','2021-11-10 21:06:36',NULL),(179,'prof. kevon cronin dds','ronny05@example.com','$2y$10$8.AhuaHaBmK1YWH9y8uqGeG7OAkGVXegydxsXmC5cBbn4YhSoc6WK','S2mYAJys4C','1',NULL,'false','2021-11-10 21:06:36','2021-11-10 21:06:36',NULL),(180,'calista rippin sr.','vena.koepp@example.com','$2y$10$8.AhuaHaBmK1YWH9y8uqGeG7OAkGVXegydxsXmC5cBbn4YhSoc6WK','DoNAFp5SgD','0','qTVLj9MKORDkpcQ4qKpy7MmU0a68E8tdOhW2wFaC','false','2021-11-10 21:06:36','2021-11-10 21:06:36',NULL),(181,'gladyce mckenzie dvm','karlie90@example.net','$2y$10$8.AhuaHaBmK1YWH9y8uqGeG7OAkGVXegydxsXmC5cBbn4YhSoc6WK','sIGQC8jCYP','0','FVZyh6y0YRAR5AJDaGdnwuxAVwc6Gx5RnNnDZJZT','false','2021-11-10 21:06:36','2021-11-10 21:06:36',NULL),(182,'dwight lemke','emmy61@example.net','$2y$10$8.AhuaHaBmK1YWH9y8uqGeG7OAkGVXegydxsXmC5cBbn4YhSoc6WK','q43ziLstwm','0','YHYUkYOpgiGFC9BaEe4lFbfjqjCtIDIQcSbri51k','false','2021-11-10 21:06:36','2021-11-10 21:06:36',NULL),(183,'mortimer medhurst i','quincy.zemlak@example.com','$2y$10$8.AhuaHaBmK1YWH9y8uqGeG7OAkGVXegydxsXmC5cBbn4YhSoc6WK','HzV7B4MosG','1',NULL,'true','2021-11-10 21:06:36','2021-11-10 21:06:36',NULL),(184,'mr. johnson mosciski','benny.halvorson@example.net','$2y$10$8.AhuaHaBmK1YWH9y8uqGeG7OAkGVXegydxsXmC5cBbn4YhSoc6WK','nl72YK4Pjx','1',NULL,'false','2021-11-10 21:06:36','2021-11-10 21:06:36',NULL),(185,'jeremy watsica','grant.ricardo@example.net','$2y$10$8.AhuaHaBmK1YWH9y8uqGeG7OAkGVXegydxsXmC5cBbn4YhSoc6WK','mfSMF8DZ8n','1',NULL,'true','2021-11-10 21:06:36','2021-11-10 21:06:36',NULL),(186,'duane robel','jazlyn.collier@example.com','$2y$10$8.AhuaHaBmK1YWH9y8uqGeG7OAkGVXegydxsXmC5cBbn4YhSoc6WK','ZMODzvBHNz','1',NULL,'false','2021-11-10 21:06:36','2021-11-10 21:06:36',NULL),(187,'prof. wendell torphy','deonte.harvey@example.org','$2y$10$8.AhuaHaBmK1YWH9y8uqGeG7OAkGVXegydxsXmC5cBbn4YhSoc6WK','QadYScBuSG','0','58XRNIZxy8eAExfGgNoTsc77xGaUziX2OPqNNSFs','true','2021-11-10 21:06:36','2021-11-10 21:06:36',NULL),(188,'emmanuelle ullrich','rogahn.heath@example.org','$2y$10$8.AhuaHaBmK1YWH9y8uqGeG7OAkGVXegydxsXmC5cBbn4YhSoc6WK','UURvjsBUQr','1',NULL,'true','2021-11-10 21:06:36','2021-11-10 21:06:36',NULL),(189,'sam grant jr.','jmclaughlin@example.org','$2y$10$8.AhuaHaBmK1YWH9y8uqGeG7OAkGVXegydxsXmC5cBbn4YhSoc6WK','c4javsM3zA','0','R6L6qxg3vtlGkVL3Umm3t6uAYYKHcMxaxuhBmBwz','false','2021-11-10 21:06:36','2021-11-10 21:06:36',NULL),(190,'tess friesen','ned.conroy@example.org','$2y$10$8.AhuaHaBmK1YWH9y8uqGeG7OAkGVXegydxsXmC5cBbn4YhSoc6WK','jLSMsNxdCV','1',NULL,'true','2021-11-10 21:06:36','2021-11-10 21:06:36',NULL),(191,'kiley turner phd','ullrich.laverne@example.net','$2y$10$8.AhuaHaBmK1YWH9y8uqGeG7OAkGVXegydxsXmC5cBbn4YhSoc6WK','AxyblQqO0p','0','XPtKQZSvX2XFdeiVUpgs0BL9x67njpNPBcDPlpAI','false','2021-11-10 21:06:36','2021-11-10 21:06:36',NULL),(192,'cynthia toy','reed.wisoky@example.org','$2y$10$8.AhuaHaBmK1YWH9y8uqGeG7OAkGVXegydxsXmC5cBbn4YhSoc6WK','j2jSFf7lj1','0','YH8FD7ytYAtLGKQWTNVDOJf5FsmqLhJjqz4s8tyA','false','2021-11-10 21:06:36','2021-11-10 21:06:36',NULL),(193,'eleazar white','kertzmann.luis@example.com','$2y$10$8.AhuaHaBmK1YWH9y8uqGeG7OAkGVXegydxsXmC5cBbn4YhSoc6WK','fSCuHKsKhy','1',NULL,'false','2021-11-10 21:06:36','2021-11-10 21:06:36',NULL),(194,'cecilia kunde','una.brekke@example.org','$2y$10$8.AhuaHaBmK1YWH9y8uqGeG7OAkGVXegydxsXmC5cBbn4YhSoc6WK','QDa418NaKw','1',NULL,'true','2021-11-10 21:06:36','2021-11-10 21:06:36',NULL),(195,'dr. everett mills dds','marcelle92@example.org','$2y$10$8.AhuaHaBmK1YWH9y8uqGeG7OAkGVXegydxsXmC5cBbn4YhSoc6WK','TUZ67H776V','1',NULL,'true','2021-11-10 21:06:36','2021-11-10 21:06:36',NULL),(196,'drew bernhard sr.','sdavis@example.net','$2y$10$8.AhuaHaBmK1YWH9y8uqGeG7OAkGVXegydxsXmC5cBbn4YhSoc6WK','WW5VEQtXsD','1',NULL,'false','2021-11-10 21:06:36','2021-11-10 21:06:36',NULL),(197,'trudie hane dvm','bartell.jovani@example.net','$2y$10$8.AhuaHaBmK1YWH9y8uqGeG7OAkGVXegydxsXmC5cBbn4YhSoc6WK','ObEmyYNFUg','1',NULL,'true','2021-11-10 21:06:36','2021-11-10 21:06:36',NULL),(198,'jamil morar','mborer@example.com','$2y$10$8.AhuaHaBmK1YWH9y8uqGeG7OAkGVXegydxsXmC5cBbn4YhSoc6WK','gE9RS2WR4F','0','h4BCEmjpN0pnXPycW4y2DlEC3nubLoYKAGZEmaCB','true','2021-11-10 21:06:36','2021-11-10 21:06:36',NULL),(199,'christiana davis','faustino.maggio@example.net','$2y$10$8.AhuaHaBmK1YWH9y8uqGeG7OAkGVXegydxsXmC5cBbn4YhSoc6WK','0xcQEhysjm','1',NULL,'true','2021-11-10 21:06:36','2021-11-10 21:06:36',NULL),(200,'miles bernhard','zroberts@example.com','$2y$10$8.AhuaHaBmK1YWH9y8uqGeG7OAkGVXegydxsXmC5cBbn4YhSoc6WK','2dEI2S5alN','1',NULL,'true','2021-11-10 21:06:36','2021-11-10 21:06:36',NULL),(201,'darryl keebler','cristina86@example.com','$2y$10$8.AhuaHaBmK1YWH9y8uqGeG7OAkGVXegydxsXmC5cBbn4YhSoc6WK','z9SwTUeF7X','0','h3uka9zsE3S6foTQh0Jt2sQ3ImlWxulyIH8J6mZK','true','2021-11-10 21:06:36','2021-11-10 21:06:36',NULL),(202,'dr. jaylen cassin','harber.zackery@example.net','$2y$10$8.AhuaHaBmK1YWH9y8uqGeG7OAkGVXegydxsXmC5cBbn4YhSoc6WK','z4QjB9qOvD','1',NULL,'true','2021-11-10 21:06:36','2021-11-10 21:06:36',NULL),(203,'tyree wisoky','wkohler@example.org','$2y$10$8.AhuaHaBmK1YWH9y8uqGeG7OAkGVXegydxsXmC5cBbn4YhSoc6WK','rhyruHMPaE','0','wz6lOCsgeIn51ZTsa42CD648PzKbC1O0x0N5jfUc','false','2021-11-10 21:06:36','2021-11-10 21:06:36',NULL),(204,'tevin johnson','rodrigo10@example.org','$2y$10$8.AhuaHaBmK1YWH9y8uqGeG7OAkGVXegydxsXmC5cBbn4YhSoc6WK','tyYkbORQll','1',NULL,'true','2021-11-10 21:06:36','2021-11-10 21:06:36',NULL),(205,'dr. dolly gorczany','iabshire@example.net','$2y$10$8.AhuaHaBmK1YWH9y8uqGeG7OAkGVXegydxsXmC5cBbn4YhSoc6WK','mxgDRQ9YrE','1',NULL,'false','2021-11-10 21:06:36','2021-11-10 21:06:36',NULL),(206,'mrs. ariane bechtelar md','bechtelar.alycia@example.com','$2y$10$8.AhuaHaBmK1YWH9y8uqGeG7OAkGVXegydxsXmC5cBbn4YhSoc6WK','gb7BfwF4Qv','0','UwOQ37b2PCV0ivwgbsYgd5fhFrVWdHNaY2GUbpkM','false','2021-11-10 21:06:36','2021-11-10 21:06:36',NULL),(207,'paxton mueller','rosario.boyle@example.org','$2y$10$8.AhuaHaBmK1YWH9y8uqGeG7OAkGVXegydxsXmC5cBbn4YhSoc6WK','3VqN1R1see','0','pYOZWho0E3XdDaNMvcpnObhuk9PNKjQ7cPrDVbA7','false','2021-11-10 21:06:36','2021-11-10 21:06:36',NULL),(208,'phoebe kiehn','emma44@example.com','$2y$10$8.AhuaHaBmK1YWH9y8uqGeG7OAkGVXegydxsXmC5cBbn4YhSoc6WK','R6nxaLSYLZ','0','Qn7K8VtdClFDx9DCbI98FB1eKmiGHzGXWqSMIBZG','true','2021-11-10 21:06:36','2021-11-10 21:06:36',NULL),(209,'ms. sierra gerhold dds','nelda.sauer@example.net','$2y$10$8.AhuaHaBmK1YWH9y8uqGeG7OAkGVXegydxsXmC5cBbn4YhSoc6WK','q7M3SYKB8N','0','dDbZ5ROHfvIBR6gS7mVE71QpoT0C2Xg7UlqR4jos','true','2021-11-10 21:06:36','2021-11-10 21:06:36',NULL),(210,'jeffery tromp ii','ora.dibbert@example.org','$2y$10$8.AhuaHaBmK1YWH9y8uqGeG7OAkGVXegydxsXmC5cBbn4YhSoc6WK','EP2jONerNC','1',NULL,'true','2021-11-10 21:06:36','2021-11-10 21:06:36',NULL),(211,'kaitlyn breitenberg','robbie61@example.com','$2y$10$8.AhuaHaBmK1YWH9y8uqGeG7OAkGVXegydxsXmC5cBbn4YhSoc6WK','c6rC4ruMAq','1',NULL,'false','2021-11-10 21:06:36','2021-11-10 21:06:36',NULL),(212,'reanna spencer iii','kparker@example.org','$2y$10$8.AhuaHaBmK1YWH9y8uqGeG7OAkGVXegydxsXmC5cBbn4YhSoc6WK','bIT2z1suiY','0','k2BL2E0bnSZbbovxMlMNuYxNkDGgNjKtHYHvy84n','true','2021-11-10 21:06:36','2021-11-10 21:06:36',NULL),(213,'toni mertz','catharine.ohara@example.net','$2y$10$8.AhuaHaBmK1YWH9y8uqGeG7OAkGVXegydxsXmC5cBbn4YhSoc6WK','kS34JErynD','1',NULL,'true','2021-11-10 21:06:36','2021-11-10 21:06:36',NULL),(214,'hazle roob','khalid.graham@example.net','$2y$10$8.AhuaHaBmK1YWH9y8uqGeG7OAkGVXegydxsXmC5cBbn4YhSoc6WK','91GDPmaL6o','0','KbN8n0r0b3vL8ehZhQFDcEWhzCzU3yRq205kWPqY','true','2021-11-10 21:06:36','2021-11-10 21:06:36',NULL),(215,'heaven swift','avis.hand@example.net','$2y$10$8.AhuaHaBmK1YWH9y8uqGeG7OAkGVXegydxsXmC5cBbn4YhSoc6WK','8EzAxJNsJM','1',NULL,'true','2021-11-10 21:06:36','2021-11-10 21:06:36',NULL),(216,'trycia reichel','brooke.bins@example.net','$2y$10$8.AhuaHaBmK1YWH9y8uqGeG7OAkGVXegydxsXmC5cBbn4YhSoc6WK','LhKsPs2ujN','0','Lo3MEhpGaNKXF2nYPpAxtJyYaiOP6dIeP8pQ1Ou5','true','2021-11-10 21:06:36','2021-11-10 21:06:36',NULL),(217,'bud shields','jaycee.koch@example.net','$2y$10$8.AhuaHaBmK1YWH9y8uqGeG7OAkGVXegydxsXmC5cBbn4YhSoc6WK','QsKShrVtzx','0','l50eM9Hm27i9ZlqNGXFfOviSk8OrP5nSOyZ2YmzV','false','2021-11-10 21:06:36','2021-11-10 21:06:36',NULL),(218,'rhea rippin','layla83@example.org','$2y$10$8.AhuaHaBmK1YWH9y8uqGeG7OAkGVXegydxsXmC5cBbn4YhSoc6WK','dnRamiZGPx','0','hGtdRW7u7ivye85VjxOmsTlyCeom9tRUM798dLV8','false','2021-11-10 21:06:36','2021-11-10 21:06:36',NULL),(219,'kurtis moen','cmcglynn@example.com','$2y$10$8.AhuaHaBmK1YWH9y8uqGeG7OAkGVXegydxsXmC5cBbn4YhSoc6WK','HV78Ym7TkQ','1',NULL,'true','2021-11-10 21:06:36','2021-11-10 21:06:36',NULL),(220,'jerrod o\'keefe sr.','nestor.bahringer@example.com','$2y$10$8.AhuaHaBmK1YWH9y8uqGeG7OAkGVXegydxsXmC5cBbn4YhSoc6WK','fv1xa1tmhx','1',NULL,'true','2021-11-10 21:06:36','2021-11-10 21:06:36',NULL),(221,'virgil schimmel','linnie03@example.org','$2y$10$8.AhuaHaBmK1YWH9y8uqGeG7OAkGVXegydxsXmC5cBbn4YhSoc6WK','kA78eXjqWh','1',NULL,'false','2021-11-10 21:06:36','2021-11-10 21:06:36',NULL),(222,'dr. devon kuhn','vandervort.raymundo@example.org','$2y$10$8.AhuaHaBmK1YWH9y8uqGeG7OAkGVXegydxsXmC5cBbn4YhSoc6WK','qKAEccMdxn','0','viIDJtw5u5TvxvvES9pi6EXm9sNgcjgnzbctBcL4','false','2021-11-10 21:06:36','2021-11-10 21:06:36',NULL),(223,'fae aufderhar dvm','nikolas.boehm@example.com','$2y$10$8.AhuaHaBmK1YWH9y8uqGeG7OAkGVXegydxsXmC5cBbn4YhSoc6WK','HnDe3mLtmM','1',NULL,'true','2021-11-10 21:06:36','2021-11-10 21:06:36',NULL),(224,'johan brown phd','vgoyette@example.net','$2y$10$8.AhuaHaBmK1YWH9y8uqGeG7OAkGVXegydxsXmC5cBbn4YhSoc6WK','L5dZHEE0GA','1',NULL,'true','2021-11-10 21:06:36','2021-11-10 21:06:36',NULL),(225,'veda kunze v','wbins@example.net','$2y$10$8.AhuaHaBmK1YWH9y8uqGeG7OAkGVXegydxsXmC5cBbn4YhSoc6WK','B38SrYs8t7','1',NULL,'true','2021-11-10 21:06:36','2021-11-10 21:06:36',NULL),(226,'harley brown','dominic.jacobi@example.com','$2y$10$8.AhuaHaBmK1YWH9y8uqGeG7OAkGVXegydxsXmC5cBbn4YhSoc6WK','vjGhAINuVy','0','yEIOeQHiM8RLK6Hof65HfTxilNr2KIiJUCp0QNzD','true','2021-11-10 21:06:36','2021-11-10 21:06:36',NULL),(227,'miss reyna quigley ii','oconner.kylee@example.com','$2y$10$8.AhuaHaBmK1YWH9y8uqGeG7OAkGVXegydxsXmC5cBbn4YhSoc6WK','dz6sGdgrzA','1',NULL,'false','2021-11-10 21:06:36','2021-11-10 21:06:36',NULL),(228,'marty abernathy phd','pglover@example.com','$2y$10$8.AhuaHaBmK1YWH9y8uqGeG7OAkGVXegydxsXmC5cBbn4YhSoc6WK','tR8p1a3FhY','0','XLa3sEWLRQmi4ez0hxumtdU3bqI0Na4CaQtGSMVK','false','2021-11-10 21:06:36','2021-11-10 21:06:36',NULL),(229,'stacey trantow','pacocha.caterina@example.net','$2y$10$8.AhuaHaBmK1YWH9y8uqGeG7OAkGVXegydxsXmC5cBbn4YhSoc6WK','UnHmX1UCze','0','LzAcAD0X4d2EhtoHRODqByJt0ZmyBT7e7ud012Sr','true','2021-11-10 21:06:36','2021-11-10 21:06:36',NULL),(230,'prof. trever gaylord sr.','turner.dayna@example.com','$2y$10$8.AhuaHaBmK1YWH9y8uqGeG7OAkGVXegydxsXmC5cBbn4YhSoc6WK','1l0lnCEnvq','1',NULL,'false','2021-11-10 21:06:36','2021-11-10 21:06:36',NULL),(231,'zachary krajcik','gutkowski.tremaine@example.com','$2y$10$8.AhuaHaBmK1YWH9y8uqGeG7OAkGVXegydxsXmC5cBbn4YhSoc6WK','Gnmr5yAVCX','0','fBdyB9yxNuKqKBkQhzkFlnwDRMWPb1UplDL6CNyT','true','2021-11-10 21:06:36','2021-11-10 21:06:36',NULL),(232,'miss rosanna hyatt phd','trenton81@example.org','$2y$10$8.AhuaHaBmK1YWH9y8uqGeG7OAkGVXegydxsXmC5cBbn4YhSoc6WK','qKikSXp8cP','1',NULL,'false','2021-11-10 21:06:36','2021-11-10 21:06:36',NULL),(233,'madge wilkinson ii','daphney.zulauf@example.net','$2y$10$8.AhuaHaBmK1YWH9y8uqGeG7OAkGVXegydxsXmC5cBbn4YhSoc6WK','Oz9pvqyhDF','0','ea3JaM48EBM5NaZpixU4mwiZnqzdXwnGy8e1OxHW','false','2021-11-10 21:06:36','2021-11-10 21:06:36',NULL),(234,'jackie homenick','ukilback@example.net','$2y$10$8.AhuaHaBmK1YWH9y8uqGeG7OAkGVXegydxsXmC5cBbn4YhSoc6WK','L93ToZVzFR','1',NULL,'false','2021-11-10 21:06:36','2021-11-10 21:06:36',NULL),(235,'adelle jakubowski','sporer.beverly@example.org','$2y$10$8.AhuaHaBmK1YWH9y8uqGeG7OAkGVXegydxsXmC5cBbn4YhSoc6WK','XCNdDZ9Mo0','1',NULL,'false','2021-11-10 21:06:36','2021-11-10 21:06:36',NULL),(236,'creola ruecker','dprohaska@example.net','$2y$10$8.AhuaHaBmK1YWH9y8uqGeG7OAkGVXegydxsXmC5cBbn4YhSoc6WK','dZboeS0VzX','0','n2jNTIowohwNJejc4M1UdNcZ6Pt0PMphgyExx5A0','true','2021-11-10 21:06:36','2021-11-10 21:06:36',NULL),(237,'dr. mireille gorczany iii','avis16@example.org','$2y$10$8.AhuaHaBmK1YWH9y8uqGeG7OAkGVXegydxsXmC5cBbn4YhSoc6WK','Xfi59uQiBW','0','ToTQdvR9c6YNE5aaQogwPP5lTarqXI66gXhNC0gg','false','2021-11-10 21:06:36','2021-11-10 21:06:36',NULL),(238,'tod kovacek','skiles.marco@example.org','$2y$10$8.AhuaHaBmK1YWH9y8uqGeG7OAkGVXegydxsXmC5cBbn4YhSoc6WK','wGlEQBZOA3','1',NULL,'false','2021-11-10 21:06:36','2021-11-10 21:06:36',NULL),(239,'loren crona','lelia26@example.com','$2y$10$8.AhuaHaBmK1YWH9y8uqGeG7OAkGVXegydxsXmC5cBbn4YhSoc6WK','FXVBQY786F','1',NULL,'false','2021-11-10 21:06:36','2021-11-10 21:06:36',NULL),(240,'dion douglas','romaguera.delmer@example.com','$2y$10$8.AhuaHaBmK1YWH9y8uqGeG7OAkGVXegydxsXmC5cBbn4YhSoc6WK','dvKDJOtAHF','1',NULL,'true','2021-11-10 21:06:36','2021-11-10 21:06:36',NULL),(241,'mr. isadore haag','heidenreich.maxie@example.com','$2y$10$8.AhuaHaBmK1YWH9y8uqGeG7OAkGVXegydxsXmC5cBbn4YhSoc6WK','JX9JSCSm7d','1',NULL,'true','2021-11-10 21:06:36','2021-11-10 21:06:36',NULL),(242,'myron schaden i','wanda69@example.com','$2y$10$8.AhuaHaBmK1YWH9y8uqGeG7OAkGVXegydxsXmC5cBbn4YhSoc6WK','vJjFOgy5Lp','1',NULL,'false','2021-11-10 21:06:36','2021-11-10 21:06:36',NULL),(243,'ettie schmidt','cbosco@example.org','$2y$10$8.AhuaHaBmK1YWH9y8uqGeG7OAkGVXegydxsXmC5cBbn4YhSoc6WK','naCXScia98','0','RFE48JjkLiipJ6hrc1jYxEAmaXkcAyhQuJRlkT7h','false','2021-11-10 21:06:36','2021-11-10 21:06:36',NULL),(244,'danny effertz','billie13@example.org','$2y$10$8.AhuaHaBmK1YWH9y8uqGeG7OAkGVXegydxsXmC5cBbn4YhSoc6WK','HqVHE2Bgir','0','9Aa6GOdlNc0vCY57wqoKjVvKuWkD1CajktMEWJNy','false','2021-11-10 21:06:36','2021-11-10 21:06:36',NULL),(245,'carlie erdman','ebert.harley@example.net','$2y$10$8.AhuaHaBmK1YWH9y8uqGeG7OAkGVXegydxsXmC5cBbn4YhSoc6WK','b6GlmMbqcT','0','EXwdPS4VoxrLtz8NHpYNMXxPQ2j2eg6q0XYG8lOr','true','2021-11-10 21:06:36','2021-11-10 21:06:36',NULL),(246,'dr. kip brown i','faye40@example.net','$2y$10$8.AhuaHaBmK1YWH9y8uqGeG7OAkGVXegydxsXmC5cBbn4YhSoc6WK','IRqQUPssNc','0','xlUeqqQtgfhuD8rp8Ukzt69lSg6eCc9xslr4dSeV','true','2021-11-10 21:06:36','2021-11-10 21:06:36',NULL),(247,'tomas schoen','bkoch@example.net','$2y$10$8.AhuaHaBmK1YWH9y8uqGeG7OAkGVXegydxsXmC5cBbn4YhSoc6WK','zmFDuF978w','0','LpTXSjSxsm1ECivXNKt8MokzGq6fyRE26yg6jVv5','true','2021-11-10 21:06:36','2021-11-10 21:06:36',NULL),(248,'johnpaul lind','predovic.donavon@example.net','$2y$10$8.AhuaHaBmK1YWH9y8uqGeG7OAkGVXegydxsXmC5cBbn4YhSoc6WK','m0RQVSVkBO','0','NHnbY0c2PJPzozgpblykyExKGaZaPv4SHLn23K6P','true','2021-11-10 21:06:36','2021-11-10 21:06:36',NULL),(249,'aaron jast i','citlalli04@example.org','$2y$10$8.AhuaHaBmK1YWH9y8uqGeG7OAkGVXegydxsXmC5cBbn4YhSoc6WK','drIu7dwDrQ','0','wHDEQLiCJUNDhYmKoV9zchudc7V4nCQxvkslfeek','true','2021-11-10 21:06:36','2021-11-10 21:06:36',NULL),(250,'rudy harvey','yundt.ocie@example.net','$2y$10$8.AhuaHaBmK1YWH9y8uqGeG7OAkGVXegydxsXmC5cBbn4YhSoc6WK','QkoT9ppN63','0','Mo6xqLlPkbZnRog2PVc7oUP24k1aLUHp8Rgg8L6z','false','2021-11-10 21:06:36','2021-11-10 21:06:36',NULL),(251,'kenna koelpin','zane.block@example.com','$2y$10$8.AhuaHaBmK1YWH9y8uqGeG7OAkGVXegydxsXmC5cBbn4YhSoc6WK','cDzLEHHx0I','1',NULL,'true','2021-11-10 21:06:36','2021-11-10 21:06:36',NULL),(252,'ms. maybell schiller iii','eli04@example.com','$2y$10$8.AhuaHaBmK1YWH9y8uqGeG7OAkGVXegydxsXmC5cBbn4YhSoc6WK','Puy651YHAy','0','BqEbLcrup3jxid02uKC8HaTExgf4mkl3JeiUGQNA','true','2021-11-10 21:06:36','2021-11-10 21:06:36',NULL),(253,'macie schmitt i','hreichert@example.net','$2y$10$8.AhuaHaBmK1YWH9y8uqGeG7OAkGVXegydxsXmC5cBbn4YhSoc6WK','jPY5RikVA4','1',NULL,'false','2021-11-10 21:06:36','2021-11-10 21:06:36',NULL),(254,'florence waelchi','mante.sherman@example.com','$2y$10$8.AhuaHaBmK1YWH9y8uqGeG7OAkGVXegydxsXmC5cBbn4YhSoc6WK','rbxNKIcMBs','1',NULL,'false','2021-11-10 21:06:36','2021-11-10 21:06:36',NULL),(255,'griffin mckenzie','fmccullough@example.com','$2y$10$8.AhuaHaBmK1YWH9y8uqGeG7OAkGVXegydxsXmC5cBbn4YhSoc6WK','RpsALAfMu8','1',NULL,'true','2021-11-10 21:06:36','2021-11-10 21:06:36',NULL),(256,'prof. jessika pfeffer','vwaelchi@example.com','$2y$10$8.AhuaHaBmK1YWH9y8uqGeG7OAkGVXegydxsXmC5cBbn4YhSoc6WK','H64JSOOG9k','1',NULL,'true','2021-11-10 21:06:36','2021-11-10 21:06:36',NULL),(257,'mr. steve wolff v','sfeest@example.com','$2y$10$8.AhuaHaBmK1YWH9y8uqGeG7OAkGVXegydxsXmC5cBbn4YhSoc6WK','dcRMU7JYoG','1',NULL,'false','2021-11-10 21:06:36','2021-11-10 21:06:36',NULL),(258,'boris sanford','clint.stamm@example.com','$2y$10$8.AhuaHaBmK1YWH9y8uqGeG7OAkGVXegydxsXmC5cBbn4YhSoc6WK','DYV8zzTDXk','0','82Er9PiTj3mmKI3dKr2mW0NKtyySnbRPoIRJKQQl','false','2021-11-10 21:06:36','2021-11-10 21:06:36',NULL),(259,'nicholas kuhn dds','grath@example.org','$2y$10$8.AhuaHaBmK1YWH9y8uqGeG7OAkGVXegydxsXmC5cBbn4YhSoc6WK','oZhM2QVm1y','0','fLTliTZ15hgWwV9BDLBoV2nhJdebC8nJltTrV0J0','false','2021-11-10 21:06:36','2021-11-10 21:06:36',NULL),(260,'delta pagac','howe.nicolette@example.org','$2y$10$8.AhuaHaBmK1YWH9y8uqGeG7OAkGVXegydxsXmC5cBbn4YhSoc6WK','8cdHNFxlnQ','0','yZGdaAy9KfzzkgAuhg6Yw3jINQXRBPspcy8nWsjR','true','2021-11-10 21:06:36','2021-11-10 21:06:36',NULL),(261,'effie bayer','kylee.green@example.net','$2y$10$8.AhuaHaBmK1YWH9y8uqGeG7OAkGVXegydxsXmC5cBbn4YhSoc6WK','uti1sylzlq','1',NULL,'true','2021-11-10 21:06:36','2021-11-10 21:06:36',NULL),(262,'rafael murazik phd','rosalyn13@example.com','$2y$10$8.AhuaHaBmK1YWH9y8uqGeG7OAkGVXegydxsXmC5cBbn4YhSoc6WK','xJ7HyEztAR','1',NULL,'false','2021-11-10 21:06:36','2021-11-10 21:06:36',NULL),(263,'walton ritchie','charity36@example.org','$2y$10$8.AhuaHaBmK1YWH9y8uqGeG7OAkGVXegydxsXmC5cBbn4YhSoc6WK','Y12VXgR1ma','1',NULL,'false','2021-11-10 21:06:36','2021-11-10 21:06:36',NULL),(264,'geraldine bruen','jarrod42@example.net','$2y$10$8.AhuaHaBmK1YWH9y8uqGeG7OAkGVXegydxsXmC5cBbn4YhSoc6WK','DMpn8QYhDY','0','x0Ug9OGLLYnH5RMijnhPcnJRR1EnFbrEwRjpIFEG','false','2021-11-10 21:06:36','2021-11-10 21:06:36',NULL),(265,'dr. clarissa pfeffer jr.','katherine.trantow@example.com','$2y$10$8.AhuaHaBmK1YWH9y8uqGeG7OAkGVXegydxsXmC5cBbn4YhSoc6WK','JHOrK3AJIC','1',NULL,'false','2021-11-10 21:06:36','2021-11-10 21:06:36',NULL),(266,'dr. baron larkin','cicero26@example.net','$2y$10$8.AhuaHaBmK1YWH9y8uqGeG7OAkGVXegydxsXmC5cBbn4YhSoc6WK','EkxD6j0aBS','1',NULL,'true','2021-11-10 21:06:36','2021-11-10 21:06:36',NULL),(267,'dr. mike bogan dds','dlebsack@example.com','$2y$10$8.AhuaHaBmK1YWH9y8uqGeG7OAkGVXegydxsXmC5cBbn4YhSoc6WK','tidXzM4BSA','0','VNrzQH87IcT5K6WGA2t4u9P4XCWSEOBayOG7fw25','true','2021-11-10 21:06:36','2021-11-10 21:06:36',NULL),(268,'immanuel marvin','wilderman.yasmeen@example.org','$2y$10$8.AhuaHaBmK1YWH9y8uqGeG7OAkGVXegydxsXmC5cBbn4YhSoc6WK','ogt8DXeBtT','0','MG9EOJQWFC4FI9OIM3omglxwxDI0dH199Wm3Rr4h','true','2021-11-10 21:06:36','2021-11-10 21:06:36',NULL),(269,'mr. chadrick auer','blick.alexis@example.org','$2y$10$8.AhuaHaBmK1YWH9y8uqGeG7OAkGVXegydxsXmC5cBbn4YhSoc6WK','Zvh4YuKXPP','1',NULL,'false','2021-11-10 21:06:36','2021-11-10 21:06:36',NULL),(270,'mr. sean little jr.','lucio.schultz@example.org','$2y$10$8.AhuaHaBmK1YWH9y8uqGeG7OAkGVXegydxsXmC5cBbn4YhSoc6WK','s3myrrEiTb','0','tXOsjVxyymCGsegYiYs0KE0yBe6OZO3QrkqiTbxA','true','2021-11-10 21:06:36','2021-11-10 21:06:36',NULL),(271,'caden balistreri jr.','adam.abbott@example.com','$2y$10$8.AhuaHaBmK1YWH9y8uqGeG7OAkGVXegydxsXmC5cBbn4YhSoc6WK','IJs0fpZNtl','0','KEzrbZH2snOohMfC3vADZcNNcRpH9cEVlXjd8ZBG','false','2021-11-10 21:06:36','2021-11-10 21:06:36',NULL),(272,'sigurd murray','zmante@example.org','$2y$10$8.AhuaHaBmK1YWH9y8uqGeG7OAkGVXegydxsXmC5cBbn4YhSoc6WK','BacfVmBrk4','1',NULL,'true','2021-11-10 21:06:36','2021-11-10 21:06:36',NULL),(273,'clare sporer','arnold.eichmann@example.com','$2y$10$8.AhuaHaBmK1YWH9y8uqGeG7OAkGVXegydxsXmC5cBbn4YhSoc6WK','02rl1xtKV8','0','9rQLXDKS7DcciB1gEcktS1eHKO0xJnjQSz1crn9v','false','2021-11-10 21:06:36','2021-11-10 21:06:36',NULL),(274,'laron morar v','katheryn.padberg@example.net','$2y$10$8.AhuaHaBmK1YWH9y8uqGeG7OAkGVXegydxsXmC5cBbn4YhSoc6WK','ewr4tZyUfy','0','P1ZzClfagl4dF671isj19gJVwQuQAgP9sN6esbyC','false','2021-11-10 21:06:36','2021-11-10 21:06:36',NULL),(275,'mathew zieme','douglas.white@example.com','$2y$10$8.AhuaHaBmK1YWH9y8uqGeG7OAkGVXegydxsXmC5cBbn4YhSoc6WK','EP3syedk0g','0','6R1WWP7VRBnHXYx5zlmwAF7bxYwTfIVZAcmbPfA6','true','2021-11-10 21:06:36','2021-11-10 21:06:36',NULL),(276,'amari medhurst','hirthe.dashawn@example.net','$2y$10$8.AhuaHaBmK1YWH9y8uqGeG7OAkGVXegydxsXmC5cBbn4YhSoc6WK','EyIFqIsX5K','0','K6yOxGdztud956Il900Mn8CRcSJSXkLdPoujLySY','false','2021-11-10 21:06:36','2021-11-10 21:06:36',NULL),(277,'mia bradtke','vboehm@example.net','$2y$10$8.AhuaHaBmK1YWH9y8uqGeG7OAkGVXegydxsXmC5cBbn4YhSoc6WK','cqCZWUJ2xd','0','vQ2aiO3LjvCnQf3QlM25r90FYRh8187rF1ZsM7Qx','true','2021-11-10 21:06:36','2021-11-10 21:06:36',NULL),(278,'wiley kris dvm','arlie80@example.org','$2y$10$8.AhuaHaBmK1YWH9y8uqGeG7OAkGVXegydxsXmC5cBbn4YhSoc6WK','7KsqEeqKqd','1',NULL,'true','2021-11-10 21:06:36','2021-11-10 21:06:36',NULL),(279,'mr. haley homenick','rowland81@example.org','$2y$10$8.AhuaHaBmK1YWH9y8uqGeG7OAkGVXegydxsXmC5cBbn4YhSoc6WK','0mTp4Hl7C1','0','rKrZ5MzymswjWMQ9O84mjwCK4zMYg7eWmN9BhvsV','true','2021-11-10 21:06:36','2021-11-10 21:06:36',NULL),(280,'mrs. angelita luettgen','mhilpert@example.org','$2y$10$8.AhuaHaBmK1YWH9y8uqGeG7OAkGVXegydxsXmC5cBbn4YhSoc6WK','2iGOqfe7TK','1',NULL,'false','2021-11-10 21:06:36','2021-11-10 21:06:36',NULL),(281,'afton oberbrunner','dsauer@example.org','$2y$10$8.AhuaHaBmK1YWH9y8uqGeG7OAkGVXegydxsXmC5cBbn4YhSoc6WK','AUZzCex6Ks','1',NULL,'true','2021-11-10 21:06:36','2021-11-10 21:06:36',NULL),(282,'sonia stokes md','gennaro.rice@example.net','$2y$10$8.AhuaHaBmK1YWH9y8uqGeG7OAkGVXegydxsXmC5cBbn4YhSoc6WK','L9GsPvyZmi','0','S5l5Ct7D75bouLwYBGJlTGDLCC7E0IEd7IZI4M5t','true','2021-11-10 21:06:36','2021-11-10 21:06:36',NULL),(283,'madie waters','hagenes.kennedy@example.net','$2y$10$8.AhuaHaBmK1YWH9y8uqGeG7OAkGVXegydxsXmC5cBbn4YhSoc6WK','J0rBdqNEar','0','hOn21unSZ0HwIOV7qmU69INmZORvOYQv3aMWpIvC','false','2021-11-10 21:06:36','2021-11-10 21:06:36',NULL),(284,'prof. nickolas wunsch md','vkeeling@example.com','$2y$10$8.AhuaHaBmK1YWH9y8uqGeG7OAkGVXegydxsXmC5cBbn4YhSoc6WK','nzecsbBYTK','1',NULL,'true','2021-11-10 21:06:36','2021-11-10 21:06:36',NULL),(285,'dr. florine mitchell','alejandrin.stamm@example.net','$2y$10$8.AhuaHaBmK1YWH9y8uqGeG7OAkGVXegydxsXmC5cBbn4YhSoc6WK','u7XtfBuTTK','0','OOYnuzvpgu8ieeWosigsKCxcaYoFn8JqIDnNiBwd','true','2021-11-10 21:06:36','2021-11-10 21:06:36',NULL),(286,'monserrate sanford','cassin.odessa@example.net','$2y$10$8.AhuaHaBmK1YWH9y8uqGeG7OAkGVXegydxsXmC5cBbn4YhSoc6WK','mXSR1qJhyn','1',NULL,'false','2021-11-10 21:06:36','2021-11-10 21:06:36',NULL),(287,'dr. okey nikolaus v','tabitha.hane@example.org','$2y$10$8.AhuaHaBmK1YWH9y8uqGeG7OAkGVXegydxsXmC5cBbn4YhSoc6WK','p4Y1zJsbte','1',NULL,'true','2021-11-10 21:06:36','2021-11-10 21:06:36',NULL),(288,'ms. henriette hyatt','fkohler@example.net','$2y$10$8.AhuaHaBmK1YWH9y8uqGeG7OAkGVXegydxsXmC5cBbn4YhSoc6WK','DglnL5HSEU','0','dB3NAgrI2xOtZIvc8o5hQgBskZosKZLHHvxl45Bb','true','2021-11-10 21:06:36','2021-11-10 21:06:36',NULL),(289,'gayle goodwin md','melyssa19@example.org','$2y$10$8.AhuaHaBmK1YWH9y8uqGeG7OAkGVXegydxsXmC5cBbn4YhSoc6WK','6nfKGqeLGZ','0','NzOiZuFHUAP1GTAGaTG278TqHcBhY8fAyyGDqvME','true','2021-11-10 21:06:36','2021-11-10 21:06:36',NULL),(290,'cassie wehner','brandi55@example.com','$2y$10$8.AhuaHaBmK1YWH9y8uqGeG7OAkGVXegydxsXmC5cBbn4YhSoc6WK','vzxqhjQJgG','1',NULL,'true','2021-11-10 21:06:36','2021-11-10 21:06:36',NULL),(291,'dr. josiane kshlerin jr.','manley.wilkinson@example.com','$2y$10$8.AhuaHaBmK1YWH9y8uqGeG7OAkGVXegydxsXmC5cBbn4YhSoc6WK','q8fXQwgTEe','1',NULL,'false','2021-11-10 21:06:36','2021-11-10 21:06:36',NULL),(292,'brad schimmel','vwitting@example.net','$2y$10$8.AhuaHaBmK1YWH9y8uqGeG7OAkGVXegydxsXmC5cBbn4YhSoc6WK','Cl3xbJ2Rf7','1',NULL,'true','2021-11-10 21:06:36','2021-11-10 21:06:36',NULL),(293,'joseph gislason','katelynn67@example.org','$2y$10$8.AhuaHaBmK1YWH9y8uqGeG7OAkGVXegydxsXmC5cBbn4YhSoc6WK','C4TvXbT0ZY','0','C3QmFi0w0Er2ObOPIR5RsYrtnNr1yzeCerOUNsFS','true','2021-11-10 21:06:36','2021-11-10 21:06:36',NULL),(294,'prof. kiarra paucek','deion.quigley@example.org','$2y$10$8.AhuaHaBmK1YWH9y8uqGeG7OAkGVXegydxsXmC5cBbn4YhSoc6WK','9JbA3CA2yU','1',NULL,'false','2021-11-10 21:06:36','2021-11-10 21:06:36',NULL),(295,'mr. bennett shanahan','jameson00@example.org','$2y$10$8.AhuaHaBmK1YWH9y8uqGeG7OAkGVXegydxsXmC5cBbn4YhSoc6WK','LtwdSgEWA8','0','CBnvQqv4MKOOoAO8xKh19gudReMVICcmTenQCWqz','true','2021-11-10 21:06:36','2021-11-10 21:06:36',NULL),(296,'mrs. susana champlin ii','xmorar@example.net','$2y$10$8.AhuaHaBmK1YWH9y8uqGeG7OAkGVXegydxsXmC5cBbn4YhSoc6WK','tHl47536ZH','0','bRpwLWxE6GthYFfB0YPXydbrcLPPXTI3R4M0Pv0t','false','2021-11-10 21:06:36','2021-11-10 21:06:36',NULL),(297,'vincent o\'conner','rippin.brody@example.net','$2y$10$8.AhuaHaBmK1YWH9y8uqGeG7OAkGVXegydxsXmC5cBbn4YhSoc6WK','BHziLnvnQn','0','jrQdeoCwzYIQQDIC5g6LES696etuMXgZAS996jQM','false','2021-11-10 21:06:36','2021-11-10 21:06:36',NULL),(298,'wanda johnston','lind.april@example.org','$2y$10$8.AhuaHaBmK1YWH9y8uqGeG7OAkGVXegydxsXmC5cBbn4YhSoc6WK','ZwcIHUMkem','1',NULL,'true','2021-11-10 21:06:36','2021-11-10 21:06:36',NULL),(299,'clark ritchie','nlarson@example.net','$2y$10$8.AhuaHaBmK1YWH9y8uqGeG7OAkGVXegydxsXmC5cBbn4YhSoc6WK','1MK9fKXjEU','1',NULL,'true','2021-11-10 21:06:36','2021-11-10 21:06:36',NULL),(300,'makenzie moore','umann@example.com','$2y$10$8.AhuaHaBmK1YWH9y8uqGeG7OAkGVXegydxsXmC5cBbn4YhSoc6WK','Io6gOHzN5j','0','TRTiTdYVIy2cw2OG4z32y7PIKdS8LmBULyqBrQhF','true','2021-11-10 21:06:36','2021-11-10 21:06:36',NULL),(301,'miss elyssa ullrich','lswaniawski@example.com','$2y$10$8.AhuaHaBmK1YWH9y8uqGeG7OAkGVXegydxsXmC5cBbn4YhSoc6WK','ndYyhvixym','0','oiSLvGqNQdDJlPlvaBUf6N9KzwSV2l9P1YRjbAXY','false','2021-11-10 21:06:36','2021-11-10 21:06:36',NULL),(302,'mike braun i','little.cathryn@example.com','$2y$10$8.AhuaHaBmK1YWH9y8uqGeG7OAkGVXegydxsXmC5cBbn4YhSoc6WK','zy4WyW7qoY','0','DA69uv1dZlElKgR9fLWHDviFFm7j33xOQrFMD4e4','false','2021-11-10 21:06:36','2021-11-10 21:06:36',NULL),(303,'lisa huels','zreynolds@example.org','$2y$10$8.AhuaHaBmK1YWH9y8uqGeG7OAkGVXegydxsXmC5cBbn4YhSoc6WK','iKnZEQzYwy','1',NULL,'false','2021-11-10 21:06:36','2021-11-10 21:06:36',NULL),(304,'nash hauck','alize.casper@example.com','$2y$10$8.AhuaHaBmK1YWH9y8uqGeG7OAkGVXegydxsXmC5cBbn4YhSoc6WK','FhqjVF2h6H','0','pKIeb8cO4fqAlZZeSsPtDBUWbly8EBqr8ncVDOfw','false','2021-11-10 21:06:36','2021-11-10 21:06:36',NULL),(305,'alvena harber','hschamberger@example.com','$2y$10$8.AhuaHaBmK1YWH9y8uqGeG7OAkGVXegydxsXmC5cBbn4YhSoc6WK','pb0uCyxKDo','1',NULL,'false','2021-11-10 21:06:36','2021-11-10 21:06:36',NULL),(306,'hester vandervort','kozey.otha@example.net','$2y$10$8.AhuaHaBmK1YWH9y8uqGeG7OAkGVXegydxsXmC5cBbn4YhSoc6WK','2syZVsL3D5','0','FgAuxZxYnx2hJwXCEnE7gRoqUjx7VonXiVGNEfzq','false','2021-11-10 21:06:36','2021-11-10 21:06:36',NULL),(307,'don schneider','shaina22@example.net','$2y$10$8.AhuaHaBmK1YWH9y8uqGeG7OAkGVXegydxsXmC5cBbn4YhSoc6WK','7SrNGeNIEt','1',NULL,'false','2021-11-10 21:06:36','2021-11-10 21:06:36',NULL),(308,'mr. robin vandervort','donna.haag@example.com','$2y$10$8.AhuaHaBmK1YWH9y8uqGeG7OAkGVXegydxsXmC5cBbn4YhSoc6WK','qvZq6vIvk5','1',NULL,'false','2021-11-10 21:06:36','2021-11-10 21:06:36',NULL),(309,'jessie douglas','margarete.spencer@example.org','$2y$10$8.AhuaHaBmK1YWH9y8uqGeG7OAkGVXegydxsXmC5cBbn4YhSoc6WK','tKv7z5wBQn','0','dr7L8Edbcd3Zdh00tmCHlT4httw3y18WhopNe2N5','true','2021-11-10 21:06:36','2021-11-10 21:06:36',NULL),(310,'felicia klocko dvm','retta47@example.net','$2y$10$8.AhuaHaBmK1YWH9y8uqGeG7OAkGVXegydxsXmC5cBbn4YhSoc6WK','Aew0S56803','1',NULL,'true','2021-11-10 21:06:36','2021-11-10 21:06:36',NULL),(311,'jamison rempel','usmitham@example.net','$2y$10$8.AhuaHaBmK1YWH9y8uqGeG7OAkGVXegydxsXmC5cBbn4YhSoc6WK','gKVQJTmtmE','0','OWFszSSAzhRgnlVg57Bur1yjIeXNOnQCfgeyHMDs','false','2021-11-10 21:06:36','2021-11-10 21:06:36',NULL),(312,'roger dicki','jdickens@example.org','$2y$10$8.AhuaHaBmK1YWH9y8uqGeG7OAkGVXegydxsXmC5cBbn4YhSoc6WK','pxpnn0510Q','1',NULL,'false','2021-11-10 21:06:36','2021-11-10 21:06:36',NULL),(313,'sidney friesen','pcummings@example.com','$2y$10$8.AhuaHaBmK1YWH9y8uqGeG7OAkGVXegydxsXmC5cBbn4YhSoc6WK','jedmMCN4NM','0','UMWkoNfYR8QjSXOUR7hv40Zxup5zabS3axl9h07L','true','2021-11-10 21:06:36','2021-11-10 21:06:36',NULL),(314,'connor batz','gregg17@example.org','$2y$10$8.AhuaHaBmK1YWH9y8uqGeG7OAkGVXegydxsXmC5cBbn4YhSoc6WK','8vDXYAOFjv','1',NULL,'true','2021-11-10 21:06:36','2021-11-10 21:06:36',NULL),(315,'abner labadie','wilmer.simonis@example.com','$2y$10$8.AhuaHaBmK1YWH9y8uqGeG7OAkGVXegydxsXmC5cBbn4YhSoc6WK','jnpro0Px9i','1',NULL,'false','2021-11-10 21:06:36','2021-11-10 21:06:36',NULL),(316,'prof. remington hermiston iv','marielle.hane@example.net','$2y$10$8.AhuaHaBmK1YWH9y8uqGeG7OAkGVXegydxsXmC5cBbn4YhSoc6WK','csi3JdKBZe','0','qPl7MECcZ2D2CW94R6lTKhyCncoxJdLHCp6ZcMFb','true','2021-11-10 21:06:36','2021-11-10 21:06:36',NULL),(317,'mrs. paula bode v','runolfsdottir.nia@example.org','$2y$10$8.AhuaHaBmK1YWH9y8uqGeG7OAkGVXegydxsXmC5cBbn4YhSoc6WK','yoUoSvLIWK','1',NULL,'false','2021-11-10 21:06:36','2021-11-10 21:06:36',NULL),(318,'carmelo walter','swiza@example.org','$2y$10$8.AhuaHaBmK1YWH9y8uqGeG7OAkGVXegydxsXmC5cBbn4YhSoc6WK','4bQANnCXDh','0','aYFcNfRKdeGCe4maphSciM3EDX4l9Gu0YdqGPcWN','false','2021-11-10 21:06:36','2021-11-10 21:06:36',NULL),(319,'vernie price','miller.cynthia@example.org','$2y$10$8.AhuaHaBmK1YWH9y8uqGeG7OAkGVXegydxsXmC5cBbn4YhSoc6WK','gY4aCRyXRv','0','Pn50tOuuE3AZb9pUz8fJ9Spke2sg04RauoRJiX1y','false','2021-11-10 21:06:36','2021-11-10 21:06:36',NULL),(320,'nico wuckert','eunice40@example.net','$2y$10$8.AhuaHaBmK1YWH9y8uqGeG7OAkGVXegydxsXmC5cBbn4YhSoc6WK','l7iHnIyndP','1',NULL,'false','2021-11-10 21:06:36','2021-11-10 21:06:36',NULL),(321,'mae reichert','considine.lenora@example.org','$2y$10$8.AhuaHaBmK1YWH9y8uqGeG7OAkGVXegydxsXmC5cBbn4YhSoc6WK','tbaQIy6NIH','1',NULL,'false','2021-11-10 21:06:36','2021-11-10 21:06:36',NULL),(322,'aryanna hill','brad.hayes@example.com','$2y$10$8.AhuaHaBmK1YWH9y8uqGeG7OAkGVXegydxsXmC5cBbn4YhSoc6WK','NiswAtNoiW','1',NULL,'false','2021-11-10 21:06:36','2021-11-10 21:06:36',NULL),(323,'maximillian schaefer','dean89@example.org','$2y$10$8.AhuaHaBmK1YWH9y8uqGeG7OAkGVXegydxsXmC5cBbn4YhSoc6WK','zqbXJOznR9','1',NULL,'false','2021-11-10 21:06:36','2021-11-10 21:06:36',NULL),(324,'donato yundt','carey.kuhlman@example.com','$2y$10$8.AhuaHaBmK1YWH9y8uqGeG7OAkGVXegydxsXmC5cBbn4YhSoc6WK','KDlUBCtSgn','1',NULL,'false','2021-11-10 21:06:36','2021-11-10 21:06:36',NULL),(325,'yasmine erdman','zlangosh@example.org','$2y$10$8.AhuaHaBmK1YWH9y8uqGeG7OAkGVXegydxsXmC5cBbn4YhSoc6WK','fqOfY1oYA6','0','M8MqlMthE9W1vaMc3puruRDvzWlbOGiXonBGb8Rm','true','2021-11-10 21:06:36','2021-11-10 21:06:36',NULL),(326,'willow orn phd','schuppe.sage@example.net','$2y$10$8.AhuaHaBmK1YWH9y8uqGeG7OAkGVXegydxsXmC5cBbn4YhSoc6WK','L6DRyRrzlf','0','v82U0NJHzo095N7dAzE6WHg8Pn3owHf2hvHHJ6wU','true','2021-11-10 21:06:36','2021-11-10 21:06:36',NULL),(327,'yoshiko skiles sr.','kirlin.lavinia@example.org','$2y$10$8.AhuaHaBmK1YWH9y8uqGeG7OAkGVXegydxsXmC5cBbn4YhSoc6WK','yUn5eZ4osl','0','twSlr4gxSwLTeeGHyDsThOHEguTio3HZm52VZ2V3','true','2021-11-10 21:06:36','2021-11-10 21:06:36',NULL),(328,'prof. efrain aufderhar','hwiza@example.net','$2y$10$8.AhuaHaBmK1YWH9y8uqGeG7OAkGVXegydxsXmC5cBbn4YhSoc6WK','6x11KUv3Z9','0','jwhlNZID3gAmodB8orcw7heIEcxqkOoopXZA5Kkj','false','2021-11-10 21:06:36','2021-11-10 21:06:36',NULL),(329,'claudia lind','udibbert@example.net','$2y$10$8.AhuaHaBmK1YWH9y8uqGeG7OAkGVXegydxsXmC5cBbn4YhSoc6WK','TFBXJS9zOE','0','AvQLpeWD8MA4wHPHpreMlgnGbCIKbllOtihKYRM7','true','2021-11-10 21:06:36','2021-11-10 21:06:36',NULL),(330,'yolanda runolfsson','kianna29@example.com','$2y$10$8.AhuaHaBmK1YWH9y8uqGeG7OAkGVXegydxsXmC5cBbn4YhSoc6WK','aT8gTqobPf','0','TtWMdi3maxqXno9TTZJ4OoSmlzcpsbY2wQ8adC2x','true','2021-11-10 21:06:36','2021-11-10 21:06:36',NULL),(331,'jayden koss','reilly.josefina@example.org','$2y$10$8.AhuaHaBmK1YWH9y8uqGeG7OAkGVXegydxsXmC5cBbn4YhSoc6WK','l3ziJu7zJb','1',NULL,'true','2021-11-10 21:06:36','2021-11-10 21:06:36',NULL),(332,'prof. keyon wiegand dds','wratke@example.org','$2y$10$8.AhuaHaBmK1YWH9y8uqGeG7OAkGVXegydxsXmC5cBbn4YhSoc6WK','D2M07K2MBM','1',NULL,'true','2021-11-10 21:06:36','2021-11-10 21:06:36',NULL),(333,'frankie homenick','goldner.miller@example.org','$2y$10$8.AhuaHaBmK1YWH9y8uqGeG7OAkGVXegydxsXmC5cBbn4YhSoc6WK','xhFX5duUmr','1',NULL,'false','2021-11-10 21:06:36','2021-11-10 21:06:36',NULL),(334,'finn ruecker','marisol.yost@example.net','$2y$10$8.AhuaHaBmK1YWH9y8uqGeG7OAkGVXegydxsXmC5cBbn4YhSoc6WK','xnW1NxK9vo','1',NULL,'true','2021-11-10 21:06:36','2021-11-10 21:06:36',NULL),(335,'prof. helmer runolfsdottir','daryl.ortiz@example.org','$2y$10$8.AhuaHaBmK1YWH9y8uqGeG7OAkGVXegydxsXmC5cBbn4YhSoc6WK','ACII9gCa55','1',NULL,'false','2021-11-10 21:06:36','2021-11-10 21:06:36',NULL),(336,'vilma wyman','lottie98@example.org','$2y$10$8.AhuaHaBmK1YWH9y8uqGeG7OAkGVXegydxsXmC5cBbn4YhSoc6WK','C73FhiowAm','1',NULL,'true','2021-11-10 21:06:36','2021-11-10 21:06:36',NULL),(337,'nigel leuschke','ofelia19@example.net','$2y$10$8.AhuaHaBmK1YWH9y8uqGeG7OAkGVXegydxsXmC5cBbn4YhSoc6WK','w5jNKxDM2V','1',NULL,'true','2021-11-10 21:06:36','2021-11-10 21:06:36',NULL),(338,'prof. troy hodkiewicz iv','uhartmann@example.org','$2y$10$8.AhuaHaBmK1YWH9y8uqGeG7OAkGVXegydxsXmC5cBbn4YhSoc6WK','NBhELiroq3','0','pU84dNqh8dwFkOmFQFrNXTdhUHmL45cguUmsdB3c','true','2021-11-10 21:06:36','2021-11-10 21:06:36',NULL),(339,'dawn kohler v','travis84@example.com','$2y$10$8.AhuaHaBmK1YWH9y8uqGeG7OAkGVXegydxsXmC5cBbn4YhSoc6WK','w9etY4gsBn','0','Sq8SGh6vShKO8jlrS4oK60q8LaMoC3WbGi8ZVpWD','true','2021-11-10 21:06:36','2021-11-10 21:06:36',NULL),(340,'madge treutel','kameron.boyer@example.com','$2y$10$8.AhuaHaBmK1YWH9y8uqGeG7OAkGVXegydxsXmC5cBbn4YhSoc6WK','N9W7YNvWsF','0','8iVWR51a0vndFophOGGAGtMjz5GZKZyoopmf2kB9','true','2021-11-10 21:06:36','2021-11-10 21:06:36',NULL),(341,'nico halvorson','ari21@example.net','$2y$10$8.AhuaHaBmK1YWH9y8uqGeG7OAkGVXegydxsXmC5cBbn4YhSoc6WK','D87kWIeXSs','1',NULL,'true','2021-11-10 21:06:36','2021-11-10 21:06:36',NULL),(342,'ally casper','electa80@example.net','$2y$10$8.AhuaHaBmK1YWH9y8uqGeG7OAkGVXegydxsXmC5cBbn4YhSoc6WK','EpL0l8wVMX','1',NULL,'false','2021-11-10 21:06:36','2021-11-10 21:06:36',NULL),(343,'danyka bruen','schneider.dovie@example.com','$2y$10$8.AhuaHaBmK1YWH9y8uqGeG7OAkGVXegydxsXmC5cBbn4YhSoc6WK','JThFpyVgHN','1',NULL,'true','2021-11-10 21:06:36','2021-11-10 21:06:36',NULL),(344,'dr. newell fahey','ahilpert@example.org','$2y$10$8.AhuaHaBmK1YWH9y8uqGeG7OAkGVXegydxsXmC5cBbn4YhSoc6WK','pOiQujQzRA','0','9SRQA6g10tAU0QFboMetEmDEqIl8OzvrWaCKHmYL','true','2021-11-10 21:06:36','2021-11-10 21:06:36',NULL),(345,'casandra spinka','bruen.lexus@example.org','$2y$10$8.AhuaHaBmK1YWH9y8uqGeG7OAkGVXegydxsXmC5cBbn4YhSoc6WK','v1sLByOdxK','1',NULL,'false','2021-11-10 21:06:36','2021-11-10 21:06:36',NULL),(346,'kaleb funk','qveum@example.net','$2y$10$8.AhuaHaBmK1YWH9y8uqGeG7OAkGVXegydxsXmC5cBbn4YhSoc6WK','KY0yyk5TFK','0','2rjSM5MleWsIdWRyI93IioEtt9k62XRms7q8kphE','true','2021-11-10 21:06:36','2021-11-10 21:06:36',NULL),(347,'britney stiedemann','soledad26@example.com','$2y$10$8.AhuaHaBmK1YWH9y8uqGeG7OAkGVXegydxsXmC5cBbn4YhSoc6WK','XkvKxo3l2T','0','j3aEhoR0Iae584zChX4RdT7uJKwTiIFXCyIVzPrC','true','2021-11-10 21:06:36','2021-11-10 21:06:36',NULL),(348,'jamarcus schmeler','theron.cronin@example.net','$2y$10$8.AhuaHaBmK1YWH9y8uqGeG7OAkGVXegydxsXmC5cBbn4YhSoc6WK','fwVIi7jBWH','0','Bp5FrMfGrEOb0T0Cb4fXF07CB9marXrQ8IXK4IEy','false','2021-11-10 21:06:36','2021-11-10 21:06:36',NULL),(349,'anya koelpin','barton.sigmund@example.org','$2y$10$8.AhuaHaBmK1YWH9y8uqGeG7OAkGVXegydxsXmC5cBbn4YhSoc6WK','lRIrgnHr9t','1',NULL,'true','2021-11-10 21:06:36','2021-11-10 21:06:36',NULL),(350,'dr. josh borer','clemens47@example.net','$2y$10$8.AhuaHaBmK1YWH9y8uqGeG7OAkGVXegydxsXmC5cBbn4YhSoc6WK','SeQTYDy1W7','1',NULL,'true','2021-11-10 21:06:36','2021-11-10 21:06:36',NULL),(351,'tiffany roob iv','kuhic.jarrell@example.org','$2y$10$8.AhuaHaBmK1YWH9y8uqGeG7OAkGVXegydxsXmC5cBbn4YhSoc6WK','Omo84hD5Zj','0','oipTl5IqXzdgGiLX8DlNS2hMCQssjREyb5HnktPf','false','2021-11-10 21:06:36','2021-11-10 21:06:36',NULL),(352,'prof. rafael feeney','shannon73@example.com','$2y$10$8.AhuaHaBmK1YWH9y8uqGeG7OAkGVXegydxsXmC5cBbn4YhSoc6WK','AEtyJrxJ0k','0','XScNjt6IXySOBAih0HL3cWTgIB5ao1X6enTJNvVU','false','2021-11-10 21:06:36','2021-11-10 21:06:36',NULL),(353,'filiberto mitchell','garland71@example.com','$2y$10$8.AhuaHaBmK1YWH9y8uqGeG7OAkGVXegydxsXmC5cBbn4YhSoc6WK','3ifPkcDr70','1',NULL,'true','2021-11-10 21:06:36','2021-11-10 21:06:36',NULL),(354,'jerry morissette','sherwood72@example.com','$2y$10$8.AhuaHaBmK1YWH9y8uqGeG7OAkGVXegydxsXmC5cBbn4YhSoc6WK','eMjIyfYrUh','0','r0BPRFiyn4atyZgl3mZ85I8JWHhXukIndCrFT3OP','true','2021-11-10 21:06:36','2021-11-10 21:06:36',NULL),(355,'damaris ferry','julian.thompson@example.net','$2y$10$8.AhuaHaBmK1YWH9y8uqGeG7OAkGVXegydxsXmC5cBbn4YhSoc6WK','QuB30slx6w','0','ODKQvEA8w9capu3IEJDSt4V3MvN4urMorwrd8x9t','true','2021-11-10 21:06:36','2021-11-10 21:06:36',NULL),(356,'lucy goodwin','jocelyn62@example.com','$2y$10$8.AhuaHaBmK1YWH9y8uqGeG7OAkGVXegydxsXmC5cBbn4YhSoc6WK','F9KMZoSDhS','1',NULL,'true','2021-11-10 21:06:36','2021-11-10 21:06:36',NULL),(357,'golden grady','elena98@example.com','$2y$10$8.AhuaHaBmK1YWH9y8uqGeG7OAkGVXegydxsXmC5cBbn4YhSoc6WK','aDprTEzIka','0','JgTuQybeIk86rGzKj6OSwyCDCEC6kKX9RLa3cFm8','true','2021-11-10 21:06:36','2021-11-10 21:06:36',NULL),(358,'ethyl schaden dvm','ujenkins@example.net','$2y$10$8.AhuaHaBmK1YWH9y8uqGeG7OAkGVXegydxsXmC5cBbn4YhSoc6WK','hG8gNgRYu8','0','I8q9jQ12t0xJkUucvrDUNYsCpW1NoGduMgQxPJAc','true','2021-11-10 21:06:36','2021-11-10 21:06:36',NULL),(359,'mrs. roberta cormier','tyrese.raynor@example.org','$2y$10$8.AhuaHaBmK1YWH9y8uqGeG7OAkGVXegydxsXmC5cBbn4YhSoc6WK','ip4wInSyxy','1',NULL,'true','2021-11-10 21:06:36','2021-11-10 21:06:36',NULL),(360,'rylan corwin','ratke.madisen@example.net','$2y$10$8.AhuaHaBmK1YWH9y8uqGeG7OAkGVXegydxsXmC5cBbn4YhSoc6WK','h9eFaXpM6T','1',NULL,'false','2021-11-10 21:06:36','2021-11-10 21:06:36',NULL),(361,'drake gleichner','tyson.williamson@example.net','$2y$10$8.AhuaHaBmK1YWH9y8uqGeG7OAkGVXegydxsXmC5cBbn4YhSoc6WK','w0kNdbGZcg','0','fzMBF4QdwPSURelhgk5DMsuESD6qwsMAM7H7L7w4','true','2021-11-10 21:06:36','2021-11-10 21:06:36',NULL),(362,'major gerhold','liana51@example.com','$2y$10$8.AhuaHaBmK1YWH9y8uqGeG7OAkGVXegydxsXmC5cBbn4YhSoc6WK','hEUBLpMZpZ','0','03xhbTeRg59iA23NciGpuomvHFyAenw4Lk0a1thi','true','2021-11-10 21:06:36','2021-11-10 21:06:36',NULL),(363,'velma yundt','herman65@example.org','$2y$10$8.AhuaHaBmK1YWH9y8uqGeG7OAkGVXegydxsXmC5cBbn4YhSoc6WK','QD5R0oboXs','0','v6gVZaK5YJMGYuFU2KkCsazMBsaqInVZxiEz7VK7','false','2021-11-10 21:06:36','2021-11-10 21:06:36',NULL),(364,'dr. pauline bartoletti','nader.rod@example.org','$2y$10$8.AhuaHaBmK1YWH9y8uqGeG7OAkGVXegydxsXmC5cBbn4YhSoc6WK','YhM04zsXg5','0','2eBtsGrvPcVHBDKbCzyZbDk9rk1VNQ3m0rECTcAR','true','2021-11-10 21:06:36','2021-11-10 21:06:36',NULL),(365,'abe nader','hirthe.jeramie@example.net','$2y$10$8.AhuaHaBmK1YWH9y8uqGeG7OAkGVXegydxsXmC5cBbn4YhSoc6WK','UnziTTxYUs','1',NULL,'true','2021-11-10 21:06:36','2021-11-10 21:06:36',NULL),(366,'gloria haley','chowe@example.com','$2y$10$8.AhuaHaBmK1YWH9y8uqGeG7OAkGVXegydxsXmC5cBbn4YhSoc6WK','5gU3NOLxKz','0','UIWz85Ox24l2oiiVynP64BAZXicIwmkvohX944qP','true','2021-11-10 21:06:36','2021-11-10 21:06:36',NULL),(367,'aidan lindgren','carroll.scottie@example.net','$2y$10$8.AhuaHaBmK1YWH9y8uqGeG7OAkGVXegydxsXmC5cBbn4YhSoc6WK','6cPSjFZLBT','1',NULL,'true','2021-11-10 21:06:36','2021-11-10 21:06:36',NULL),(368,'dr. kirstin schroeder md','harvey.garnett@example.com','$2y$10$8.AhuaHaBmK1YWH9y8uqGeG7OAkGVXegydxsXmC5cBbn4YhSoc6WK','MmcARLSnKq','1',NULL,'false','2021-11-10 21:06:36','2021-11-10 21:06:36',NULL),(369,'miss gregoria gottlieb','kiehn.roosevelt@example.com','$2y$10$8.AhuaHaBmK1YWH9y8uqGeG7OAkGVXegydxsXmC5cBbn4YhSoc6WK','OiVwVGK0Bq','0','2OKmEP3Bvsn86Xy0Z8Fxncy0nYx5Hcpi45f0JjhS','true','2021-11-10 21:06:36','2021-11-10 21:06:36',NULL),(370,'kaley cole','sophia.kuvalis@example.net','$2y$10$8.AhuaHaBmK1YWH9y8uqGeG7OAkGVXegydxsXmC5cBbn4YhSoc6WK','CqOIVsu5S0','0','zTXHlPf2m8n6gnhRkgvb7QDNKyXGLG6TNRmupahK','true','2021-11-10 21:06:36','2021-11-10 21:06:36',NULL),(371,'birdie lynch','mortiz@example.net','$2y$10$8.AhuaHaBmK1YWH9y8uqGeG7OAkGVXegydxsXmC5cBbn4YhSoc6WK','i1SaKIOSzD','0','h4mVZpLdgygYBkdgj1p5qtZ4bIF6bV6kF4kwmvoW','true','2021-11-10 21:06:36','2021-11-10 21:06:36',NULL),(372,'mr. jackson littel','balistreri.alessia@example.org','$2y$10$8.AhuaHaBmK1YWH9y8uqGeG7OAkGVXegydxsXmC5cBbn4YhSoc6WK','d9guFleIw4','1',NULL,'true','2021-11-10 21:06:36','2021-11-10 21:06:36',NULL),(373,'jennie murazik','twitting@example.net','$2y$10$8.AhuaHaBmK1YWH9y8uqGeG7OAkGVXegydxsXmC5cBbn4YhSoc6WK','3HNyQ55Uev','1',NULL,'true','2021-11-10 21:06:36','2021-11-10 21:06:36',NULL),(374,'enrique larson iv','trystan.kassulke@example.org','$2y$10$8.AhuaHaBmK1YWH9y8uqGeG7OAkGVXegydxsXmC5cBbn4YhSoc6WK','Nz1ZUBZ7l3','0','PZE9SzR1OBhfHLubqBPrkROHmlV4Ixzjf3PYFwVi','true','2021-11-10 21:06:36','2021-11-10 21:06:36',NULL),(375,'beverly harber','okon.montana@example.org','$2y$10$8.AhuaHaBmK1YWH9y8uqGeG7OAkGVXegydxsXmC5cBbn4YhSoc6WK','09G6MyUOiq','1',NULL,'false','2021-11-10 21:06:36','2021-11-10 21:06:36',NULL),(376,'dorris block','amira.kirlin@example.org','$2y$10$8.AhuaHaBmK1YWH9y8uqGeG7OAkGVXegydxsXmC5cBbn4YhSoc6WK','xiaUNloou5','0','GDS8izekpBTZPY75h6YMkYupltJUNjYn8GkY8mvi','false','2021-11-10 21:06:36','2021-11-10 21:06:36',NULL),(377,'columbus murray','gheidenreich@example.net','$2y$10$8.AhuaHaBmK1YWH9y8uqGeG7OAkGVXegydxsXmC5cBbn4YhSoc6WK','vxRIQ0Klws','0','ca2aKKbgZBy0bt9oCtenBxMHfpXFxJdD1ZhGrpgn','false','2021-11-10 21:06:36','2021-11-10 21:06:36',NULL),(378,'deborah barrows','uhand@example.com','$2y$10$8.AhuaHaBmK1YWH9y8uqGeG7OAkGVXegydxsXmC5cBbn4YhSoc6WK','IuktiaDlyI','0','CNJQYUNVRlijtgf4q29FXxOAewIDPhXf36cqWqDy','false','2021-11-10 21:06:36','2021-11-10 21:06:36',NULL),(379,'prof. jordon roberts dds','matilda.haag@example.net','$2y$10$8.AhuaHaBmK1YWH9y8uqGeG7OAkGVXegydxsXmC5cBbn4YhSoc6WK','G3BdxcWD6z','1',NULL,'false','2021-11-10 21:06:36','2021-11-10 21:06:36',NULL),(380,'miss daphney kiehn ii','felipa94@example.com','$2y$10$8.AhuaHaBmK1YWH9y8uqGeG7OAkGVXegydxsXmC5cBbn4YhSoc6WK','cNOPj6q1bZ','0','Dld9RcjCYJXGUTHhsSoztp1fKZlqJeP2z59TdIEa','false','2021-11-10 21:06:36','2021-11-10 21:06:36',NULL),(381,'mrs. madaline reichel','newell.gutmann@example.org','$2y$10$8.AhuaHaBmK1YWH9y8uqGeG7OAkGVXegydxsXmC5cBbn4YhSoc6WK','sAOnmJcqLx','0','tvSeLBTYUs9E499ysvVs1J9GKQCD792wmk938D72','false','2021-11-10 21:06:36','2021-11-10 21:06:36',NULL),(382,'clifton ruecker phd','conroy.malachi@example.com','$2y$10$8.AhuaHaBmK1YWH9y8uqGeG7OAkGVXegydxsXmC5cBbn4YhSoc6WK','kmAeyhOxSB','1',NULL,'true','2021-11-10 21:06:36','2021-11-10 21:06:36',NULL),(383,'mr. weston morar','sweimann@example.net','$2y$10$8.AhuaHaBmK1YWH9y8uqGeG7OAkGVXegydxsXmC5cBbn4YhSoc6WK','uHcWrR805s','1',NULL,'false','2021-11-10 21:06:36','2021-11-10 21:06:36',NULL),(384,'mrs. mylene franecki','nedra13@example.org','$2y$10$8.AhuaHaBmK1YWH9y8uqGeG7OAkGVXegydxsXmC5cBbn4YhSoc6WK','BGy6l7f8m9','1',NULL,'false','2021-11-10 21:06:36','2021-11-10 21:06:36',NULL),(385,'hilda kuhic','afton11@example.org','$2y$10$8.AhuaHaBmK1YWH9y8uqGeG7OAkGVXegydxsXmC5cBbn4YhSoc6WK','y4uKKTM9Yr','0','JnQjKU4vhDgKGjSD2RQZasPoCpMHb5x0MwNQVLeY','false','2021-11-10 21:06:36','2021-11-10 21:06:36',NULL),(386,'prof. kadin reichel','vfeil@example.org','$2y$10$8.AhuaHaBmK1YWH9y8uqGeG7OAkGVXegydxsXmC5cBbn4YhSoc6WK','io0P5Ek2Fj','1',NULL,'true','2021-11-10 21:06:36','2021-11-10 21:06:36',NULL),(387,'prince wilderman','xdooley@example.net','$2y$10$8.AhuaHaBmK1YWH9y8uqGeG7OAkGVXegydxsXmC5cBbn4YhSoc6WK','I2384q5K9Z','0','oxVy3xk9ZUljnZiKDZp17SO4k4Vp69RcanOpKfoN','true','2021-11-10 21:06:36','2021-11-10 21:06:36',NULL),(388,'cameron ondricka','konopelski.stewart@example.org','$2y$10$8.AhuaHaBmK1YWH9y8uqGeG7OAkGVXegydxsXmC5cBbn4YhSoc6WK','OE6rr2MaHy','0','94KTH46GVlePUlJwzGIfE2zP9pPgPjd9A127nAQN','false','2021-11-10 21:06:36','2021-11-10 21:06:36',NULL),(389,'mariam beahan','kemmer.anabel@example.com','$2y$10$8.AhuaHaBmK1YWH9y8uqGeG7OAkGVXegydxsXmC5cBbn4YhSoc6WK','rJMyyqleZW','0','z16sk1xTc8a5ndeIWecFxbQt82jHscv5V0L2CSpH','false','2021-11-10 21:06:36','2021-11-10 21:06:36',NULL),(390,'riley brekke','wkris@example.net','$2y$10$8.AhuaHaBmK1YWH9y8uqGeG7OAkGVXegydxsXmC5cBbn4YhSoc6WK','UQWttycKJU','0','1WuJ3H0Ohnc0iV2VNH97VGsmhlTPlloT5Sl1Y774','false','2021-11-10 21:06:36','2021-11-10 21:06:36',NULL),(391,'ryleigh blanda','zboncak.rey@example.com','$2y$10$8.AhuaHaBmK1YWH9y8uqGeG7OAkGVXegydxsXmC5cBbn4YhSoc6WK','RmlQajYo6X','0','S4JQJHnSaEPuVgxnZgBcVwvUo01g1cIckqIq7FcI','false','2021-11-10 21:06:36','2021-11-10 21:06:36',NULL),(392,'amari crist','destinee94@example.org','$2y$10$8.AhuaHaBmK1YWH9y8uqGeG7OAkGVXegydxsXmC5cBbn4YhSoc6WK','y8PRIcmwF9','0','Sbc1H6fKRT0kwg8AqCBklEkWozKTuL7ceO4JVVvr','true','2021-11-10 21:06:36','2021-11-10 21:06:36',NULL),(393,'etha king','feil.weldon@example.net','$2y$10$8.AhuaHaBmK1YWH9y8uqGeG7OAkGVXegydxsXmC5cBbn4YhSoc6WK','Loh8Wh9HdP','1',NULL,'false','2021-11-10 21:06:36','2021-11-10 21:06:36',NULL),(394,'bernadette cartwright','wiegand.hans@example.org','$2y$10$8.AhuaHaBmK1YWH9y8uqGeG7OAkGVXegydxsXmC5cBbn4YhSoc6WK','pnU9neo0Vo','0','xAVJWP1y0gMDUrmaIq2gzZ7Jio5xhbTsyofaL9kM','false','2021-11-10 21:06:36','2021-11-10 21:06:36',NULL),(395,'royal bashirian','julien.lehner@example.org','$2y$10$8.AhuaHaBmK1YWH9y8uqGeG7OAkGVXegydxsXmC5cBbn4YhSoc6WK','FNQtPgdLTu','0','lZeoRb6FWv9QgJ0l7rnu03e06iriswhPjTfKZNej','true','2021-11-10 21:06:36','2021-11-10 21:06:36',NULL),(396,'jerrell pfeffer iv','jolie92@example.org','$2y$10$8.AhuaHaBmK1YWH9y8uqGeG7OAkGVXegydxsXmC5cBbn4YhSoc6WK','vZukkNjwBV','1',NULL,'false','2021-11-10 21:06:36','2021-11-10 21:06:36',NULL),(397,'prof. mittie murray','citlalli.weissnat@example.net','$2y$10$8.AhuaHaBmK1YWH9y8uqGeG7OAkGVXegydxsXmC5cBbn4YhSoc6WK','gRczFpCG0E','1',NULL,'false','2021-11-10 21:06:36','2021-11-10 21:06:36',NULL),(398,'mrs. linnea weimann iii','candice69@example.net','$2y$10$8.AhuaHaBmK1YWH9y8uqGeG7OAkGVXegydxsXmC5cBbn4YhSoc6WK','KVc4fmU5sx','1',NULL,'false','2021-11-10 21:06:36','2021-11-10 21:06:36',NULL),(399,'wilhelmine brekke','xprice@example.net','$2y$10$8.AhuaHaBmK1YWH9y8uqGeG7OAkGVXegydxsXmC5cBbn4YhSoc6WK','rU4BVUAKwl','0','JFqaTrphE4D3EkY6cmi0BDzZ0uq9e3mK2CUqimId','false','2021-11-10 21:06:36','2021-11-10 21:06:36',NULL),(400,'chauncey denesik','olowe@example.org','$2y$10$8.AhuaHaBmK1YWH9y8uqGeG7OAkGVXegydxsXmC5cBbn4YhSoc6WK','IpEqzYCFHW','0','66qgVi75xDrBCRF0DYdS23ppHIdFtHy07yNVSM0h','true','2021-11-10 21:06:36','2021-11-10 21:06:36',NULL),(401,'lambert smith md','mina38@example.com','$2y$10$8.AhuaHaBmK1YWH9y8uqGeG7OAkGVXegydxsXmC5cBbn4YhSoc6WK','HM5NwI7R3H','1',NULL,'false','2021-11-10 21:06:36','2021-11-10 21:06:36',NULL),(402,'sarina gutmann','river48@example.org','$2y$10$8.AhuaHaBmK1YWH9y8uqGeG7OAkGVXegydxsXmC5cBbn4YhSoc6WK','z1J0xKeFCS','0','QTkJxqRgclCMHm7bCNbKZnNH3AJ1yY97g1uaLIn3','false','2021-11-10 21:06:36','2021-11-10 21:06:36',NULL),(403,'milo schmitt','cummings.lora@example.com','$2y$10$8.AhuaHaBmK1YWH9y8uqGeG7OAkGVXegydxsXmC5cBbn4YhSoc6WK','CeVSu8yInd','0','ihGShSiCbCt2Tut6mHC4XePPQN6TPJdnxG3NF9pE','true','2021-11-10 21:06:36','2021-11-10 21:06:36',NULL),(404,'mrs. wanda borer dvm','verla75@example.org','$2y$10$8.AhuaHaBmK1YWH9y8uqGeG7OAkGVXegydxsXmC5cBbn4YhSoc6WK','NyWxDkKde6','0','eYolbv2qazYVt7vEQdxNUqBms2GfQaNZivCKUJAc','true','2021-11-10 21:06:36','2021-11-10 21:06:36',NULL),(405,'reed mcglynn','jorge77@example.org','$2y$10$8.AhuaHaBmK1YWH9y8uqGeG7OAkGVXegydxsXmC5cBbn4YhSoc6WK','X98wlZLmQg','0','fMgf4UGCyRsamT1cljJqTvxRsnOocxm6MmO4HvDN','true','2021-11-10 21:06:36','2021-11-10 21:06:36',NULL),(406,'abdullah cartwright','koepp.rose@example.com','$2y$10$8.AhuaHaBmK1YWH9y8uqGeG7OAkGVXegydxsXmC5cBbn4YhSoc6WK','IRS7aio1g6','1',NULL,'true','2021-11-10 21:06:36','2021-11-10 21:06:36',NULL),(407,'bettie reichert','rschiller@example.net','$2y$10$8.AhuaHaBmK1YWH9y8uqGeG7OAkGVXegydxsXmC5cBbn4YhSoc6WK','T9FKPmPIVc','1',NULL,'false','2021-11-10 21:06:36','2021-11-10 21:06:36',NULL),(408,'miss chasity mosciski','bechtelar.vladimir@example.org','$2y$10$8.AhuaHaBmK1YWH9y8uqGeG7OAkGVXegydxsXmC5cBbn4YhSoc6WK','Dj09rxF7GB','1',NULL,'true','2021-11-10 21:06:36','2021-11-10 21:06:36',NULL),(409,'philip d\'amore iii','tess.koelpin@example.net','$2y$10$8.AhuaHaBmK1YWH9y8uqGeG7OAkGVXegydxsXmC5cBbn4YhSoc6WK','6UgCAzYQ9Q','0','qWYWftFCbaOQPJkMLTNm8w2C42mNmNEE3eDXDufg','true','2021-11-10 21:06:36','2021-11-10 21:06:36',NULL),(410,'allison frami','hintz.sigmund@example.org','$2y$10$8.AhuaHaBmK1YWH9y8uqGeG7OAkGVXegydxsXmC5cBbn4YhSoc6WK','JJVjfVIhQl','0','1iAkG79pYjhN3JNEFYu0yJAbsBNjWS8Rr3mzCrIg','false','2021-11-10 21:06:36','2021-11-10 21:06:36',NULL),(411,'barbara johns','marty51@example.com','$2y$10$8.AhuaHaBmK1YWH9y8uqGeG7OAkGVXegydxsXmC5cBbn4YhSoc6WK','eeRjOZhqz0','0','bIPGK9dHwX1b5yYmoafPE6RCY2K2ZUlmI86Xo32T','true','2021-11-10 21:06:36','2021-11-10 21:06:36',NULL),(412,'mae baumbach','frances.kunze@example.net','$2y$10$8.AhuaHaBmK1YWH9y8uqGeG7OAkGVXegydxsXmC5cBbn4YhSoc6WK','EzRDSTiLUp','1',NULL,'true','2021-11-10 21:06:36','2021-11-10 21:06:36',NULL),(413,'mr. ryder corkery i','donny.legros@example.org','$2y$10$8.AhuaHaBmK1YWH9y8uqGeG7OAkGVXegydxsXmC5cBbn4YhSoc6WK','bb4IJ8zbsR','1',NULL,'false','2021-11-10 21:06:36','2021-11-10 21:06:36',NULL),(414,'elisabeth hoeger','cory.kirlin@example.org','$2y$10$8.AhuaHaBmK1YWH9y8uqGeG7OAkGVXegydxsXmC5cBbn4YhSoc6WK','ixqnRYa3E9','0','R5dzMtIo3z8hX46zg4rwkZKJTVeet97xrdpbki0F','false','2021-11-10 21:06:36','2021-11-10 21:06:36',NULL),(415,'velva wehner','hildegard57@example.net','$2y$10$8.AhuaHaBmK1YWH9y8uqGeG7OAkGVXegydxsXmC5cBbn4YhSoc6WK','i7PzACJe0x','0','WEbOMFf2XixG0Y2Qeu22DPvEylvNIfzK4mPTsy8r','true','2021-11-10 21:06:36','2021-11-10 21:06:36',NULL),(416,'mr. jonathon maggio','alessandra36@example.org','$2y$10$8.AhuaHaBmK1YWH9y8uqGeG7OAkGVXegydxsXmC5cBbn4YhSoc6WK','9NgsnuP4aZ','0','nNvMUyy6N14FhkrIwY9n9ow4r5PEAFl8Zvb2mrR9','true','2021-11-10 21:06:36','2021-11-10 21:06:36',NULL),(417,'jeffrey champlin','abner.nienow@example.org','$2y$10$8.AhuaHaBmK1YWH9y8uqGeG7OAkGVXegydxsXmC5cBbn4YhSoc6WK','rdIMsP2ZsR','0','bbFeeRXkX1NrItmn2lFyEUnODxytugLlpkr2ND3T','false','2021-11-10 21:06:36','2021-11-10 21:06:36',NULL),(418,'bo zboncak','clarissa77@example.org','$2y$10$8.AhuaHaBmK1YWH9y8uqGeG7OAkGVXegydxsXmC5cBbn4YhSoc6WK','6IigXdlHd6','1',NULL,'true','2021-11-10 21:06:36','2021-11-10 21:06:36',NULL),(419,'luciano hamill md','dale.lowe@example.net','$2y$10$8.AhuaHaBmK1YWH9y8uqGeG7OAkGVXegydxsXmC5cBbn4YhSoc6WK','iHFZOTJqVQ','1',NULL,'true','2021-11-10 21:06:36','2021-11-10 21:06:36',NULL),(420,'mr. augustus casper iv','jessika06@example.net','$2y$10$8.AhuaHaBmK1YWH9y8uqGeG7OAkGVXegydxsXmC5cBbn4YhSoc6WK','94IGdBSstI','0','J4JTTyBpt19BXkoei5udwO9XnHEhV2OW8iMpGJ6B','true','2021-11-10 21:06:36','2021-11-10 21:06:36',NULL),(421,'mr. rodrigo ortiz','paige.witting@example.net','$2y$10$8.AhuaHaBmK1YWH9y8uqGeG7OAkGVXegydxsXmC5cBbn4YhSoc6WK','ClRdogFsNq','1',NULL,'true','2021-11-10 21:06:36','2021-11-10 21:06:36',NULL),(422,'jessie beahan','witting.consuelo@example.org','$2y$10$8.AhuaHaBmK1YWH9y8uqGeG7OAkGVXegydxsXmC5cBbn4YhSoc6WK','mhnTcYH7kV','1',NULL,'true','2021-11-10 21:06:36','2021-11-10 21:06:36',NULL),(423,'oliver nicolas','houston09@example.net','$2y$10$8.AhuaHaBmK1YWH9y8uqGeG7OAkGVXegydxsXmC5cBbn4YhSoc6WK','73Xkox0Ux0','0','WkAmXax7muAHRpaU0ez3dBYP4KE2VWDX6QdmqBSC','true','2021-11-10 21:06:36','2021-11-10 21:06:36',NULL),(424,'doyle osinski','ibergstrom@example.net','$2y$10$8.AhuaHaBmK1YWH9y8uqGeG7OAkGVXegydxsXmC5cBbn4YhSoc6WK','C2k2BbemUa','0','2CyLuhEoEHp0zdgwVGNEMGJ7wKJbJw51lQ6lNQql','false','2021-11-10 21:06:36','2021-11-10 21:06:36',NULL),(425,'sherwood schumm i','vschaefer@example.com','$2y$10$8.AhuaHaBmK1YWH9y8uqGeG7OAkGVXegydxsXmC5cBbn4YhSoc6WK','tASuUTlJSW','1',NULL,'false','2021-11-10 21:06:36','2021-11-10 21:06:36',NULL),(426,'melba mante','glenna.ondricka@example.com','$2y$10$8.AhuaHaBmK1YWH9y8uqGeG7OAkGVXegydxsXmC5cBbn4YhSoc6WK','0UEGxU9AmS','0','3XPeFbw0UidAI54RH2vBAFEeAZ4UhSLXVq9Zm39H','false','2021-11-10 21:06:36','2021-11-10 21:06:36',NULL),(427,'rosanna nader','ally23@example.com','$2y$10$8.AhuaHaBmK1YWH9y8uqGeG7OAkGVXegydxsXmC5cBbn4YhSoc6WK','uWAsNiVd0U','0','rreuyLvfvnj3ReLofNetEOHdpKXzy0d0l5bSlYdZ','true','2021-11-10 21:06:36','2021-11-10 21:06:36',NULL),(428,'beau o\'keefe iii','rosa12@example.net','$2y$10$8.AhuaHaBmK1YWH9y8uqGeG7OAkGVXegydxsXmC5cBbn4YhSoc6WK','aMniZiyd7C','0','b2H1ugzzuZTeMuysYpKkfIurYF9hdEpv4wS58CsX','false','2021-11-10 21:06:36','2021-11-10 21:06:36',NULL),(429,'ms. rita casper dvm','carlee.borer@example.org','$2y$10$8.AhuaHaBmK1YWH9y8uqGeG7OAkGVXegydxsXmC5cBbn4YhSoc6WK','w0rwNzfIJE','1',NULL,'false','2021-11-10 21:06:36','2021-11-10 21:06:36',NULL),(430,'miss adella davis jr.','rpredovic@example.org','$2y$10$8.AhuaHaBmK1YWH9y8uqGeG7OAkGVXegydxsXmC5cBbn4YhSoc6WK','UYpdoOqgcZ','0','IAYSQ1AimgE3u9tPBWjnIU35EVHJyqjUnHQQLSHY','false','2021-11-10 21:06:36','2021-11-10 21:06:36',NULL),(431,'carson o\'connell iv','nadia.koelpin@example.org','$2y$10$8.AhuaHaBmK1YWH9y8uqGeG7OAkGVXegydxsXmC5cBbn4YhSoc6WK','Vd7FABw7z0','1',NULL,'true','2021-11-10 21:06:36','2021-11-10 21:06:36',NULL),(432,'marlin gottlieb','adolf.bergnaum@example.net','$2y$10$8.AhuaHaBmK1YWH9y8uqGeG7OAkGVXegydxsXmC5cBbn4YhSoc6WK','XyT4IXEYWY','1',NULL,'true','2021-11-10 21:06:36','2021-11-10 21:06:36',NULL),(433,'miss karen franecki dds','bernier.ewell@example.com','$2y$10$8.AhuaHaBmK1YWH9y8uqGeG7OAkGVXegydxsXmC5cBbn4YhSoc6WK','ABUsiqO5WP','1',NULL,'false','2021-11-10 21:06:36','2021-11-10 21:06:36',NULL),(434,'jayce shields','bmarquardt@example.net','$2y$10$8.AhuaHaBmK1YWH9y8uqGeG7OAkGVXegydxsXmC5cBbn4YhSoc6WK','bObPBnE5cT','1',NULL,'false','2021-11-10 21:06:36','2021-11-10 21:06:36',NULL),(435,'miss effie lesch dds','mraz.margaret@example.net','$2y$10$8.AhuaHaBmK1YWH9y8uqGeG7OAkGVXegydxsXmC5cBbn4YhSoc6WK','6S7VkAniGf','1',NULL,'true','2021-11-10 21:06:36','2021-11-10 21:06:36',NULL),(436,'sherman treutel','marquardt.quincy@example.org','$2y$10$8.AhuaHaBmK1YWH9y8uqGeG7OAkGVXegydxsXmC5cBbn4YhSoc6WK','b3YxUdAv9R','1',NULL,'true','2021-11-10 21:06:36','2021-11-10 21:06:36',NULL),(437,'mrs. eugenia grimes dds','lebsack.tianna@example.net','$2y$10$8.AhuaHaBmK1YWH9y8uqGeG7OAkGVXegydxsXmC5cBbn4YhSoc6WK','EbvaEoAwml','0','IV5QDzwPTXraQs9IjXMXfX9V7wspiDXzOtQltf72','false','2021-11-10 21:06:36','2021-11-10 21:06:36',NULL),(438,'nathanial gottlieb','cartwright.vernice@example.com','$2y$10$8.AhuaHaBmK1YWH9y8uqGeG7OAkGVXegydxsXmC5cBbn4YhSoc6WK','y08APmRS5l','0','fVhoKV4gRryNaACWgQE2JYLI2kwUZrJYcicKJs6Y','false','2021-11-10 21:06:36','2021-11-10 21:06:36',NULL),(439,'kane daugherty','trace82@example.com','$2y$10$8.AhuaHaBmK1YWH9y8uqGeG7OAkGVXegydxsXmC5cBbn4YhSoc6WK','Tj0dofXpXL','1',NULL,'true','2021-11-10 21:06:36','2021-11-10 21:06:36',NULL),(440,'ida carroll','letha26@example.org','$2y$10$8.AhuaHaBmK1YWH9y8uqGeG7OAkGVXegydxsXmC5cBbn4YhSoc6WK','PnRpt09HLG','1',NULL,'true','2021-11-10 21:06:36','2021-11-10 21:06:36',NULL),(441,'darron jakubowski','elijah06@example.com','$2y$10$8.AhuaHaBmK1YWH9y8uqGeG7OAkGVXegydxsXmC5cBbn4YhSoc6WK','fhLgzFnfZr','1',NULL,'true','2021-11-10 21:06:36','2021-11-10 21:06:36',NULL),(442,'emmanuel rutherford','bayer.noemi@example.net','$2y$10$8.AhuaHaBmK1YWH9y8uqGeG7OAkGVXegydxsXmC5cBbn4YhSoc6WK','CNSqYiFQQw','0','HOJeeHZ7QldqH0LQJrR14BwLcjxkBsEIDqI4ldjG','false','2021-11-10 21:06:36','2021-11-10 21:06:36',NULL),(443,'enrico glover','iorn@example.net','$2y$10$8.AhuaHaBmK1YWH9y8uqGeG7OAkGVXegydxsXmC5cBbn4YhSoc6WK','cFNh7M9yY1','1',NULL,'false','2021-11-10 21:06:36','2021-11-10 21:06:36',NULL),(444,'mariano gulgowski','ykunde@example.org','$2y$10$8.AhuaHaBmK1YWH9y8uqGeG7OAkGVXegydxsXmC5cBbn4YhSoc6WK','yyY3Hl7cHl','1',NULL,'true','2021-11-10 21:06:36','2021-11-10 21:06:36',NULL),(445,'stella emmerich','mercedes.lemke@example.net','$2y$10$8.AhuaHaBmK1YWH9y8uqGeG7OAkGVXegydxsXmC5cBbn4YhSoc6WK','yT9E4QVYct','1',NULL,'true','2021-11-10 21:06:36','2021-11-10 21:06:36',NULL),(446,'adolphus dach','birdie88@example.org','$2y$10$8.AhuaHaBmK1YWH9y8uqGeG7OAkGVXegydxsXmC5cBbn4YhSoc6WK','FVMeGWoJy0','1',NULL,'false','2021-11-10 21:06:36','2021-11-10 21:06:36',NULL),(447,'prof. cletus veum','selena.gerhold@example.com','$2y$10$8.AhuaHaBmK1YWH9y8uqGeG7OAkGVXegydxsXmC5cBbn4YhSoc6WK','RXzkPOTn2v','0','rMjOGRH3NHad9SsL1vkomUU0wCKr7gRe77Zh5Ml1','true','2021-11-10 21:06:36','2021-11-10 21:06:36',NULL),(448,'dagmar schultz','osimonis@example.org','$2y$10$8.AhuaHaBmK1YWH9y8uqGeG7OAkGVXegydxsXmC5cBbn4YhSoc6WK','8U70Z3LB0p','1',NULL,'true','2021-11-10 21:06:36','2021-11-10 21:06:36',NULL),(449,'prof. khalil west md','nona17@example.org','$2y$10$8.AhuaHaBmK1YWH9y8uqGeG7OAkGVXegydxsXmC5cBbn4YhSoc6WK','1z5OTPV8Y3','1',NULL,'false','2021-11-10 21:06:36','2021-11-10 21:06:36',NULL),(450,'dr. hollis veum iii','jimmy.greenholt@example.net','$2y$10$8.AhuaHaBmK1YWH9y8uqGeG7OAkGVXegydxsXmC5cBbn4YhSoc6WK','QVeKUnglP0','0','G3LcUewrN9WqaRBMBtl6cM4Gvwd3CGj5W011wiEY','false','2021-11-10 21:06:36','2021-11-10 21:06:36',NULL),(451,'noemy raynor','cecil.cummings@example.net','$2y$10$8.AhuaHaBmK1YWH9y8uqGeG7OAkGVXegydxsXmC5cBbn4YhSoc6WK','lbRu9eLnJW','0','T3SOww3lShDlhIdkT79TXXhph4fdEp9s6g3MXTad','false','2021-11-10 21:06:36','2021-11-10 21:06:36',NULL),(452,'rachelle spinka','swuckert@example.org','$2y$10$8.AhuaHaBmK1YWH9y8uqGeG7OAkGVXegydxsXmC5cBbn4YhSoc6WK','EU42QqMjt8','1',NULL,'true','2021-11-10 21:06:36','2021-11-10 21:06:36',NULL),(453,'crystel fay','gaston.schumm@example.com','$2y$10$8.AhuaHaBmK1YWH9y8uqGeG7OAkGVXegydxsXmC5cBbn4YhSoc6WK','gBrTgrRLlg','0','Bs7Qqk9dMaR33en7DCzE4degotrXVLUxvJ8Wfhxm','true','2021-11-10 21:06:36','2021-11-10 21:06:36',NULL),(454,'drew fahey','jbarrows@example.com','$2y$10$8.AhuaHaBmK1YWH9y8uqGeG7OAkGVXegydxsXmC5cBbn4YhSoc6WK','VwectethnG','0','B77YaNxHL6c3T5rr36qFIEMBjREMn1FS2TfYh5Ti','true','2021-11-10 21:06:36','2021-11-10 21:06:36',NULL),(455,'giles lueilwitz','aurelia.lowe@example.org','$2y$10$8.AhuaHaBmK1YWH9y8uqGeG7OAkGVXegydxsXmC5cBbn4YhSoc6WK','rBV18wP5VS','1',NULL,'true','2021-11-10 21:06:36','2021-11-10 21:06:36',NULL),(456,'missouri pfeffer iii','tobin.nitzsche@example.com','$2y$10$8.AhuaHaBmK1YWH9y8uqGeG7OAkGVXegydxsXmC5cBbn4YhSoc6WK','YAtqyc0Gnt','1',NULL,'true','2021-11-10 21:06:36','2021-11-10 21:06:36',NULL),(457,'deshawn hettinger','sandy.crist@example.org','$2y$10$8.AhuaHaBmK1YWH9y8uqGeG7OAkGVXegydxsXmC5cBbn4YhSoc6WK','HDrP9wFBFk','1',NULL,'true','2021-11-10 21:06:36','2021-11-10 21:06:36',NULL),(458,'theresa beatty','hilda.morar@example.net','$2y$10$8.AhuaHaBmK1YWH9y8uqGeG7OAkGVXegydxsXmC5cBbn4YhSoc6WK','a3KAE2qrO3','0','sBdS0sjesM1z7vf7OnuGXIeacFFoF6IDPHJGzsOx','false','2021-11-10 21:06:36','2021-11-10 21:06:36',NULL),(459,'filiberto bradtke','ztromp@example.org','$2y$10$8.AhuaHaBmK1YWH9y8uqGeG7OAkGVXegydxsXmC5cBbn4YhSoc6WK','9dtIWepWEW','1',NULL,'false','2021-11-10 21:06:36','2021-11-10 21:06:36',NULL),(460,'dr. simone nolan dvm','rollin37@example.org','$2y$10$8.AhuaHaBmK1YWH9y8uqGeG7OAkGVXegydxsXmC5cBbn4YhSoc6WK','1puMVMrEgK','1',NULL,'false','2021-11-10 21:06:36','2021-11-10 21:06:36',NULL),(461,'mrs. kristina baumbach i','stanford11@example.org','$2y$10$8.AhuaHaBmK1YWH9y8uqGeG7OAkGVXegydxsXmC5cBbn4YhSoc6WK','DnkwNWobAc','1',NULL,'true','2021-11-10 21:06:36','2021-11-10 21:06:36',NULL),(462,'dexter barrows md','alfredo.nicolas@example.com','$2y$10$8.AhuaHaBmK1YWH9y8uqGeG7OAkGVXegydxsXmC5cBbn4YhSoc6WK','rg7TW9JoGx','1',NULL,'false','2021-11-10 21:06:36','2021-11-10 21:06:36',NULL),(463,'felipe white','madisyn.welch@example.net','$2y$10$8.AhuaHaBmK1YWH9y8uqGeG7OAkGVXegydxsXmC5cBbn4YhSoc6WK','Q9tPLmyhQP','1',NULL,'true','2021-11-10 21:06:36','2021-11-10 21:06:36',NULL),(464,'mr. marques beatty phd','aryanna03@example.net','$2y$10$8.AhuaHaBmK1YWH9y8uqGeG7OAkGVXegydxsXmC5cBbn4YhSoc6WK','QUR8q7whIM','1',NULL,'false','2021-11-10 21:06:36','2021-11-10 21:06:36',NULL),(465,'alexzander hill','vivien.wuckert@example.org','$2y$10$8.AhuaHaBmK1YWH9y8uqGeG7OAkGVXegydxsXmC5cBbn4YhSoc6WK','lvmxBKlEOR','0','SBw8u1V8mYBrjabvqCsbPLG6ChKNtzxDIQiiJbdD','true','2021-11-10 21:06:36','2021-11-10 21:06:36',NULL),(466,'ashlynn flatley','eleazar.von@example.org','$2y$10$8.AhuaHaBmK1YWH9y8uqGeG7OAkGVXegydxsXmC5cBbn4YhSoc6WK','VuDR9wI1bC','0','x5GweJ0DlbbE4OxLl8gYnb8b9M9ldfvf5cTUZGJs','true','2021-11-10 21:06:36','2021-11-10 21:06:36',NULL),(467,'adonis kohler','medhurst.harrison@example.org','$2y$10$8.AhuaHaBmK1YWH9y8uqGeG7OAkGVXegydxsXmC5cBbn4YhSoc6WK','WpoQ1E2Gvm','0','ge5wrD8pFwNeF68H4yzRWJNpG4Mse6rnoymYOPNs','false','2021-11-10 21:06:36','2021-11-10 21:06:36',NULL),(468,'ottis hackett','genoveva08@example.org','$2y$10$8.AhuaHaBmK1YWH9y8uqGeG7OAkGVXegydxsXmC5cBbn4YhSoc6WK','pzxwHBZx47','1',NULL,'false','2021-11-10 21:06:36','2021-11-10 21:06:36',NULL),(469,'oswaldo kshlerin','althea.mcclure@example.org','$2y$10$8.AhuaHaBmK1YWH9y8uqGeG7OAkGVXegydxsXmC5cBbn4YhSoc6WK','zXYnqf3sGf','1',NULL,'true','2021-11-10 21:06:36','2021-11-10 21:06:36',NULL),(470,'mr. unique kutch','birdie94@example.com','$2y$10$8.AhuaHaBmK1YWH9y8uqGeG7OAkGVXegydxsXmC5cBbn4YhSoc6WK','Nm8yFYSvoF','1',NULL,'true','2021-11-10 21:06:36','2021-11-10 21:06:36',NULL),(471,'tina grimes','marianne.berge@example.com','$2y$10$8.AhuaHaBmK1YWH9y8uqGeG7OAkGVXegydxsXmC5cBbn4YhSoc6WK','DEf0fP3xm2','1',NULL,'true','2021-11-10 21:06:36','2021-11-10 21:06:36',NULL),(472,'margarete zboncak iii','konopelski.hilario@example.org','$2y$10$8.AhuaHaBmK1YWH9y8uqGeG7OAkGVXegydxsXmC5cBbn4YhSoc6WK','GEBWSPGMru','0','ujP0RDk1QhmfZ6dFTgvSE7aPvpcq9tVtEVWNfc7x','false','2021-11-10 21:06:36','2021-11-10 21:06:36',NULL),(473,'lucienne harvey','mclaughlin.joan@example.com','$2y$10$8.AhuaHaBmK1YWH9y8uqGeG7OAkGVXegydxsXmC5cBbn4YhSoc6WK','mbGzXFUix3','1',NULL,'true','2021-11-10 21:06:36','2021-11-10 21:06:36',NULL),(474,'alanis gleichner','sophie09@example.net','$2y$10$8.AhuaHaBmK1YWH9y8uqGeG7OAkGVXegydxsXmC5cBbn4YhSoc6WK','UorzqerBos','1',NULL,'false','2021-11-10 21:06:36','2021-11-10 21:06:36',NULL),(475,'miss eda kris iv','tfay@example.com','$2y$10$8.AhuaHaBmK1YWH9y8uqGeG7OAkGVXegydxsXmC5cBbn4YhSoc6WK','55ovPEkitV','1',NULL,'false','2021-11-10 21:06:36','2021-11-10 21:06:36',NULL),(476,'miss helga gleichner','cornell.torphy@example.net','$2y$10$8.AhuaHaBmK1YWH9y8uqGeG7OAkGVXegydxsXmC5cBbn4YhSoc6WK','8ry8lRY8nk','0','ldFWbwr4ownlo1vri3vIV6kJJe84DwJza8Xqm9tO','true','2021-11-10 21:06:36','2021-11-10 21:06:36',NULL),(477,'brock muller','maxie78@example.org','$2y$10$8.AhuaHaBmK1YWH9y8uqGeG7OAkGVXegydxsXmC5cBbn4YhSoc6WK','eUQKaYPO5e','1',NULL,'true','2021-11-10 21:06:36','2021-11-10 21:06:36',NULL),(478,'mr. bernardo renner ii','freida.white@example.net','$2y$10$8.AhuaHaBmK1YWH9y8uqGeG7OAkGVXegydxsXmC5cBbn4YhSoc6WK','aBmPc2inoO','1',NULL,'false','2021-11-10 21:06:36','2021-11-10 21:06:36',NULL),(479,'jaquelin hauck md','atremblay@example.org','$2y$10$8.AhuaHaBmK1YWH9y8uqGeG7OAkGVXegydxsXmC5cBbn4YhSoc6WK','FyB6dgg4pk','1',NULL,'false','2021-11-10 21:06:36','2021-11-10 21:06:36',NULL),(480,'eunice huels','emard.devyn@example.org','$2y$10$8.AhuaHaBmK1YWH9y8uqGeG7OAkGVXegydxsXmC5cBbn4YhSoc6WK','xh0uU6Ugks','0','ZlNussrJr9j1hdzN25q3MW2obtVBIdl1m3t416YH','false','2021-11-10 21:06:36','2021-11-10 21:06:36',NULL),(481,'prof. khalil moen','imaggio@example.net','$2y$10$8.AhuaHaBmK1YWH9y8uqGeG7OAkGVXegydxsXmC5cBbn4YhSoc6WK','DiT0WCDPTs','0','hJFDYh4PZRDLzNS02sWcAxRzsuzDhKRbQUo2KHy8','false','2021-11-10 21:06:36','2021-11-10 21:06:36',NULL),(482,'everette terry','dale08@example.org','$2y$10$8.AhuaHaBmK1YWH9y8uqGeG7OAkGVXegydxsXmC5cBbn4YhSoc6WK','diXQZfvtKd','0','4GYz1dgjrY21PBsIIR9ZJWyhHu6qYr5RwnRQ26nY','false','2021-11-10 21:06:36','2021-11-10 21:06:36',NULL),(483,'elmer kuphal','williamson.nico@example.net','$2y$10$8.AhuaHaBmK1YWH9y8uqGeG7OAkGVXegydxsXmC5cBbn4YhSoc6WK','Yw6nK1wjNs','1',NULL,'false','2021-11-10 21:06:36','2021-11-10 21:06:36',NULL),(484,'kenton buckridge dvm','norris18@example.net','$2y$10$8.AhuaHaBmK1YWH9y8uqGeG7OAkGVXegydxsXmC5cBbn4YhSoc6WK','TAhbBN0WmX','0','4ijcJQgF1MXm41xEWnFBYaSB2P2hIBtwRNOtaMSL','false','2021-11-10 21:06:36','2021-11-10 21:06:36',NULL),(485,'dr. kris lindgren','kody35@example.org','$2y$10$8.AhuaHaBmK1YWH9y8uqGeG7OAkGVXegydxsXmC5cBbn4YhSoc6WK','92hQaWMpV3','1',NULL,'false','2021-11-10 21:06:36','2021-11-10 21:06:36',NULL),(486,'arden pagac','hallie00@example.org','$2y$10$8.AhuaHaBmK1YWH9y8uqGeG7OAkGVXegydxsXmC5cBbn4YhSoc6WK','oWtuXIgrsP','1',NULL,'true','2021-11-10 21:06:36','2021-11-10 21:06:36',NULL),(487,'kamryn reichel','maritza.bailey@example.net','$2y$10$8.AhuaHaBmK1YWH9y8uqGeG7OAkGVXegydxsXmC5cBbn4YhSoc6WK','t861HjysRi','1',NULL,'true','2021-11-10 21:06:36','2021-11-10 21:06:36',NULL),(488,'dewitt barton','heidenreich.reggie@example.com','$2y$10$8.AhuaHaBmK1YWH9y8uqGeG7OAkGVXegydxsXmC5cBbn4YhSoc6WK','TpufDzqbpl','0','joP99obgsMsWwJDRDvu6FJeaDYKhJZBUWcSvtzy2','false','2021-11-10 21:06:36','2021-11-10 21:06:36',NULL),(489,'marie romaguera','goberbrunner@example.net','$2y$10$8.AhuaHaBmK1YWH9y8uqGeG7OAkGVXegydxsXmC5cBbn4YhSoc6WK','AJRBDqOfZK','1',NULL,'false','2021-11-10 21:06:36','2021-11-10 21:06:36',NULL),(490,'kari lakin','roslyn50@example.org','$2y$10$8.AhuaHaBmK1YWH9y8uqGeG7OAkGVXegydxsXmC5cBbn4YhSoc6WK','F8zr8uzaoO','1',NULL,'false','2021-11-10 21:06:36','2021-11-10 21:06:36',NULL),(491,'prof. elta wisozk iii','hoppe.aylin@example.com','$2y$10$8.AhuaHaBmK1YWH9y8uqGeG7OAkGVXegydxsXmC5cBbn4YhSoc6WK','lqcGdsCoSw','1',NULL,'false','2021-11-10 21:06:36','2021-11-10 21:06:36',NULL),(492,'dr. dedric satterfield iv','crunolfsdottir@example.org','$2y$10$8.AhuaHaBmK1YWH9y8uqGeG7OAkGVXegydxsXmC5cBbn4YhSoc6WK','wanQx0X2h3','1',NULL,'false','2021-11-10 21:06:36','2021-11-10 21:06:36',NULL),(493,'adan o\'hara','schoen.sophia@example.com','$2y$10$8.AhuaHaBmK1YWH9y8uqGeG7OAkGVXegydxsXmC5cBbn4YhSoc6WK','DzkrvJJdXj','0','jjqq1WF5LFyZVJLgFksbKawfP5J0hcYaFnnVeJrE','false','2021-11-10 21:06:36','2021-11-10 21:06:36',NULL),(494,'miss rahsaan corkery sr.','qrutherford@example.org','$2y$10$8.AhuaHaBmK1YWH9y8uqGeG7OAkGVXegydxsXmC5cBbn4YhSoc6WK','GRiClD63Ap','0','2hSpwQDHzNN8QMDzbvppVTkeKZVBlTQQXusgs3m4','true','2021-11-10 21:06:36','2021-11-10 21:06:36',NULL),(495,'gerhard champlin','caitlyn.thiel@example.org','$2y$10$8.AhuaHaBmK1YWH9y8uqGeG7OAkGVXegydxsXmC5cBbn4YhSoc6WK','doztFYO2II','1',NULL,'true','2021-11-10 21:06:36','2021-11-10 21:06:36',NULL),(496,'meagan stoltenberg','lvonrueden@example.com','$2y$10$8.AhuaHaBmK1YWH9y8uqGeG7OAkGVXegydxsXmC5cBbn4YhSoc6WK','Qu2ZDutXTa','1',NULL,'true','2021-11-10 21:06:36','2021-11-10 21:06:36',NULL),(497,'monserrat heathcote','jocelyn.reichert@example.com','$2y$10$8.AhuaHaBmK1YWH9y8uqGeG7OAkGVXegydxsXmC5cBbn4YhSoc6WK','VIWNNtutSk','0','RuUpH4onjObODYEzUqgircypGWoukvygxnlGhJDK','false','2021-11-10 21:06:36','2021-11-10 21:06:36',NULL),(498,'jazmyne borer','williamson.deontae@example.com','$2y$10$8.AhuaHaBmK1YWH9y8uqGeG7OAkGVXegydxsXmC5cBbn4YhSoc6WK','iFqd1q0uxt','1',NULL,'true','2021-11-10 21:06:36','2021-11-10 21:06:36',NULL),(499,'omer prohaska','darron.strosin@example.com','$2y$10$8.AhuaHaBmK1YWH9y8uqGeG7OAkGVXegydxsXmC5cBbn4YhSoc6WK','XrCZdyK2F0','1',NULL,'true','2021-11-10 21:06:36','2021-11-10 21:06:36',NULL),(500,'edison feest','osinski.keaton@example.net','$2y$10$8.AhuaHaBmK1YWH9y8uqGeG7OAkGVXegydxsXmC5cBbn4YhSoc6WK','NE5Yttr0YI','1',NULL,'false','2021-11-10 21:06:36','2021-11-10 21:06:36',NULL),(501,'nicholas kihn','cschowalter@example.net','$2y$10$8.AhuaHaBmK1YWH9y8uqGeG7OAkGVXegydxsXmC5cBbn4YhSoc6WK','JVQVPYMrkx','0','DgL4iHmFWu0lCMOe8R1sIXF9kyP5EU9QXeHTJmvZ','false','2021-11-10 21:06:36','2021-11-10 21:06:36',NULL),(502,'jaden boehm','sawayn.gwendolyn@example.org','$2y$10$8.AhuaHaBmK1YWH9y8uqGeG7OAkGVXegydxsXmC5cBbn4YhSoc6WK','vjsMHlpo0S','1',NULL,'false','2021-11-10 21:06:36','2021-11-10 21:06:36',NULL),(503,'prof. mark bogisich','turcotte.yessenia@example.net','$2y$10$8.AhuaHaBmK1YWH9y8uqGeG7OAkGVXegydxsXmC5cBbn4YhSoc6WK','8cU9Tye0tD','0','OYLFGJ9GIRBQL4txccwYZmqlKkEQYk6TuCJruh32','true','2021-11-10 21:06:36','2021-11-10 21:06:36',NULL),(504,'katrina lemke','jean33@example.com','$2y$10$8.AhuaHaBmK1YWH9y8uqGeG7OAkGVXegydxsXmC5cBbn4YhSoc6WK','hjLhWQYrxd','1',NULL,'false','2021-11-10 21:06:36','2021-11-10 21:06:36',NULL),(505,'betsy hessel ii','considine.garnett@example.org','$2y$10$8.AhuaHaBmK1YWH9y8uqGeG7OAkGVXegydxsXmC5cBbn4YhSoc6WK','8HRm3hA3wq','0','0mzEkXrks47TPXsfCBo6UWaEf4DKoOyQ2u8uogYf','false','2021-11-10 21:06:36','2021-11-10 21:06:36',NULL),(506,'emily dietrich','garth.pollich@example.com','$2y$10$8.AhuaHaBmK1YWH9y8uqGeG7OAkGVXegydxsXmC5cBbn4YhSoc6WK','Oax3rq7GOK','0','1XCtdi15YD25TVtSrcvpckteZT5JwvRwozdFVBLX','true','2021-11-10 21:06:36','2021-11-10 21:06:36',NULL),(507,'miss delfina kunde sr.','prince.bergnaum@example.org','$2y$10$8.AhuaHaBmK1YWH9y8uqGeG7OAkGVXegydxsXmC5cBbn4YhSoc6WK','4Fd47XcJib','0','XOrHiqfjBY7LkeZbevWIG3eIXgDVR61xcb64emaS','true','2021-11-10 21:06:36','2021-11-10 21:06:36',NULL),(508,'alessandro schuster','stiedemann.maureen@example.org','$2y$10$8.AhuaHaBmK1YWH9y8uqGeG7OAkGVXegydxsXmC5cBbn4YhSoc6WK','uZYrFwt2sm','1',NULL,'false','2021-11-10 21:06:36','2021-11-10 21:06:36',NULL),(509,'stanley spencer','amccullough@example.org','$2y$10$8.AhuaHaBmK1YWH9y8uqGeG7OAkGVXegydxsXmC5cBbn4YhSoc6WK','AN6gfgdhAh','1',NULL,'false','2021-11-10 21:06:36','2021-11-10 21:06:36',NULL),(510,'maria greenholt','nmclaughlin@example.com','$2y$10$8.AhuaHaBmK1YWH9y8uqGeG7OAkGVXegydxsXmC5cBbn4YhSoc6WK','aajp7rEirO','0','6wlwBwZRQgedO7OvFDB0bstX5WZBl61Ck72yHRoz','true','2021-11-10 21:06:36','2021-11-10 21:06:36',NULL),(511,'heath effertz','mbrekke@example.net','$2y$10$8.AhuaHaBmK1YWH9y8uqGeG7OAkGVXegydxsXmC5cBbn4YhSoc6WK','q5Oqe2GkPr','0','76JE4rFEOkujUwxiWVq1gD2IT7GSsEEvG2vUZBpM','false','2021-11-10 21:06:36','2021-11-10 21:06:36',NULL),(512,'kennith braun dvm','eunice.abernathy@example.org','$2y$10$8.AhuaHaBmK1YWH9y8uqGeG7OAkGVXegydxsXmC5cBbn4YhSoc6WK','1nKfvYbZp2','1',NULL,'true','2021-11-10 21:06:36','2021-11-10 21:06:36',NULL),(513,'miss edna ziemann md','nwilliamson@example.net','$2y$10$8.AhuaHaBmK1YWH9y8uqGeG7OAkGVXegydxsXmC5cBbn4YhSoc6WK','iblU4MYvWt','0','2438BqkNw1cxmwUYX5ppI0bgMyYI4pUvGMl25MBt','false','2021-11-10 21:06:36','2021-11-10 21:06:36',NULL),(514,'jarred funk','alaina33@example.org','$2y$10$8.AhuaHaBmK1YWH9y8uqGeG7OAkGVXegydxsXmC5cBbn4YhSoc6WK','KboZQiLTg1','0','j4SRH92RU90a0W969jt00IEIEQ2Cjmg23mFDsZoc','false','2021-11-10 21:06:36','2021-11-10 21:06:36',NULL),(515,'mr. nels walker i','audrey.collier@example.org','$2y$10$8.AhuaHaBmK1YWH9y8uqGeG7OAkGVXegydxsXmC5cBbn4YhSoc6WK','cNvcjBFLxC','1',NULL,'true','2021-11-10 21:06:36','2021-11-10 21:06:36',NULL),(516,'bernie ullrich','barton.vern@example.org','$2y$10$8.AhuaHaBmK1YWH9y8uqGeG7OAkGVXegydxsXmC5cBbn4YhSoc6WK','u7OFHThEff','1',NULL,'false','2021-11-10 21:06:36','2021-11-10 21:06:36',NULL),(517,'kevon runolfsdottir','cristal.mccullough@example.net','$2y$10$8.AhuaHaBmK1YWH9y8uqGeG7OAkGVXegydxsXmC5cBbn4YhSoc6WK','NlJfoXmSMu','0','1LFXNat1rnv0KTQRtCmYYmetJ7KRF9PT3v5HX0E2','true','2021-11-10 21:06:36','2021-11-10 21:06:36',NULL),(518,'foster keeling','kelvin.jacobi@example.org','$2y$10$8.AhuaHaBmK1YWH9y8uqGeG7OAkGVXegydxsXmC5cBbn4YhSoc6WK','WWwnZusATk','0','wJlFFdZKnGveBgPb8tqhMFIDNrZlcMBTE0P9vu4l','true','2021-11-10 21:06:36','2021-11-10 21:06:36',NULL),(519,'aditya jaskolski','shanna89@example.org','$2y$10$8.AhuaHaBmK1YWH9y8uqGeG7OAkGVXegydxsXmC5cBbn4YhSoc6WK','WX3zv7LcoX','1',NULL,'true','2021-11-10 21:06:36','2021-11-10 21:06:36',NULL),(520,'lia pacocha iv','effertz.lenna@example.com','$2y$10$8.AhuaHaBmK1YWH9y8uqGeG7OAkGVXegydxsXmC5cBbn4YhSoc6WK','99HyJcZN8f','0','S5SPqkWvrV8g5VDyt5pwDH9Ns1Lq9gO9Ej2rrs5T','false','2021-11-10 21:06:36','2021-11-10 21:06:36',NULL),(521,'ramiro satterfield','georgianna.feeney@example.com','$2y$10$8.AhuaHaBmK1YWH9y8uqGeG7OAkGVXegydxsXmC5cBbn4YhSoc6WK','oQ4s5Uckfr','1',NULL,'true','2021-11-10 21:06:36','2021-11-10 21:06:36',NULL),(522,'lavon jacobson','kobe17@example.net','$2y$10$8.AhuaHaBmK1YWH9y8uqGeG7OAkGVXegydxsXmC5cBbn4YhSoc6WK','re0iSn2jlG','1',NULL,'false','2021-11-10 21:06:36','2021-11-10 21:06:36',NULL),(523,'bria sporer','phahn@example.net','$2y$10$8.AhuaHaBmK1YWH9y8uqGeG7OAkGVXegydxsXmC5cBbn4YhSoc6WK','oT4OjZLkEM','1',NULL,'false','2021-11-10 21:06:36','2021-11-10 21:06:36',NULL),(524,'jean bernhard','pattie.thompson@example.net','$2y$10$8.AhuaHaBmK1YWH9y8uqGeG7OAkGVXegydxsXmC5cBbn4YhSoc6WK','9olsHSEzzK','0','MEGDL7SHhJouoXfhSIDuE15gYJSfnKMXX2Pp2SqO','false','2021-11-10 21:06:36','2021-11-10 21:06:36',NULL),(525,'bryana hansen iv','tremblay.twila@example.com','$2y$10$8.AhuaHaBmK1YWH9y8uqGeG7OAkGVXegydxsXmC5cBbn4YhSoc6WK','8MgE2iTPOo','0','rlILDOC6anqlr8N8Lx6OLinC1HdgrZ1ioWapxliQ','false','2021-11-10 21:06:36','2021-11-10 21:06:36',NULL),(526,'martine stokes','cshields@example.org','$2y$10$8.AhuaHaBmK1YWH9y8uqGeG7OAkGVXegydxsXmC5cBbn4YhSoc6WK','JtIfCE6SPe','0','eZrRJZFNU6RKENAdrLiCrg9hpQsy96tDsNyIgoKR','false','2021-11-10 21:06:36','2021-11-10 21:06:36',NULL),(527,'rylan berge','schiller.sabryna@example.com','$2y$10$8.AhuaHaBmK1YWH9y8uqGeG7OAkGVXegydxsXmC5cBbn4YhSoc6WK','5KWR4HcaEl','1',NULL,'true','2021-11-10 21:06:36','2021-11-10 21:06:36',NULL),(528,'jailyn tromp dvm','doyle.elvis@example.net','$2y$10$8.AhuaHaBmK1YWH9y8uqGeG7OAkGVXegydxsXmC5cBbn4YhSoc6WK','mwiYuz1Mc9','1',NULL,'true','2021-11-10 21:06:36','2021-11-10 21:06:36',NULL),(529,'lorenz okuneva','maggio.ernesto@example.net','$2y$10$8.AhuaHaBmK1YWH9y8uqGeG7OAkGVXegydxsXmC5cBbn4YhSoc6WK','h1mzTYBl8Q','1',NULL,'true','2021-11-10 21:06:36','2021-11-10 21:06:36',NULL),(530,'jessyca haag','therese.harvey@example.com','$2y$10$8.AhuaHaBmK1YWH9y8uqGeG7OAkGVXegydxsXmC5cBbn4YhSoc6WK','MKw5AMYmvh','1',NULL,'true','2021-11-10 21:06:36','2021-11-10 21:06:36',NULL),(531,'mrs. rebeca abshire','skiles.deion@example.org','$2y$10$8.AhuaHaBmK1YWH9y8uqGeG7OAkGVXegydxsXmC5cBbn4YhSoc6WK','QVi7E6BpDN','0','tX83qw7LhcMq0PnlAcRShUDW2uUtSUCmcZkkfFOs','true','2021-11-10 21:06:36','2021-11-10 21:06:36',NULL),(532,'efrain white','ebba54@example.com','$2y$10$8.AhuaHaBmK1YWH9y8uqGeG7OAkGVXegydxsXmC5cBbn4YhSoc6WK','oN8CG7ehTQ','1',NULL,'false','2021-11-10 21:06:36','2021-11-10 21:06:36',NULL),(533,'bernadine hermann','eda.doyle@example.org','$2y$10$8.AhuaHaBmK1YWH9y8uqGeG7OAkGVXegydxsXmC5cBbn4YhSoc6WK','1HUaHggKGB','0','zZnc1wMVH2EX2OzTqwy3pTL1ixqn5avr7Rj3tLce','false','2021-11-10 21:06:36','2021-11-10 21:06:36',NULL),(534,'erika toy','morissette.ramiro@example.com','$2y$10$8.AhuaHaBmK1YWH9y8uqGeG7OAkGVXegydxsXmC5cBbn4YhSoc6WK','6EzYYvu86g','0','CGwDlIEjf3VoixxANWETtQOuKH5WBod7HRdBwzfU','true','2021-11-10 21:06:36','2021-11-10 21:06:36',NULL),(535,'weston gerhold','schuyler.sawayn@example.net','$2y$10$8.AhuaHaBmK1YWH9y8uqGeG7OAkGVXegydxsXmC5cBbn4YhSoc6WK','56Hfnwjp2h','0','vEZF8hpQ9JvEq36tMKwWeMJFCbWRekkPrBuGu8Qa','false','2021-11-10 21:06:36','2021-11-10 21:06:36',NULL),(536,'prof. jasen romaguera phd','darian.mcclure@example.net','$2y$10$8.AhuaHaBmK1YWH9y8uqGeG7OAkGVXegydxsXmC5cBbn4YhSoc6WK','g03fEGmnv7','0','cmUW1vLirp4pmx7c9vEjx8FsJUcUAcAEwNPIccts','true','2021-11-10 21:06:36','2021-11-10 21:06:36',NULL),(537,'donnell langworth','herzog.efren@example.com','$2y$10$8.AhuaHaBmK1YWH9y8uqGeG7OAkGVXegydxsXmC5cBbn4YhSoc6WK','p5QQGEuxKd','1',NULL,'true','2021-11-10 21:06:36','2021-11-10 21:06:36',NULL),(538,'dustin kohler','kip.mckenzie@example.com','$2y$10$8.AhuaHaBmK1YWH9y8uqGeG7OAkGVXegydxsXmC5cBbn4YhSoc6WK','oxNEulrDyS','1',NULL,'true','2021-11-10 21:06:36','2021-11-10 21:06:36',NULL),(539,'maria windler','homenick.camila@example.org','$2y$10$8.AhuaHaBmK1YWH9y8uqGeG7OAkGVXegydxsXmC5cBbn4YhSoc6WK','NDV58FNtl1','0','4ftIfw0HFgOQ90kwoGbdyHrmVsam47sj9pBYKW3t','false','2021-11-10 21:06:36','2021-11-10 21:06:36',NULL),(540,'ms. alexandrine gislason iv','tate76@example.org','$2y$10$8.AhuaHaBmK1YWH9y8uqGeG7OAkGVXegydxsXmC5cBbn4YhSoc6WK','bKawgEqF6w','1',NULL,'false','2021-11-10 21:06:36','2021-11-10 21:06:36',NULL),(541,'rita schmitt','wfarrell@example.org','$2y$10$8.AhuaHaBmK1YWH9y8uqGeG7OAkGVXegydxsXmC5cBbn4YhSoc6WK','GV0PKWNu6o','1',NULL,'true','2021-11-10 21:06:36','2021-11-10 21:06:36',NULL),(542,'savanah morissette','hshields@example.com','$2y$10$8.AhuaHaBmK1YWH9y8uqGeG7OAkGVXegydxsXmC5cBbn4YhSoc6WK','38y91BBO9w','1',NULL,'false','2021-11-10 21:06:36','2021-11-10 21:06:36',NULL),(543,'dr. candelario nicolas ii','adolphus.wehner@example.com','$2y$10$8.AhuaHaBmK1YWH9y8uqGeG7OAkGVXegydxsXmC5cBbn4YhSoc6WK','JYFxBf2AaF','1',NULL,'false','2021-11-10 21:06:36','2021-11-10 21:06:36',NULL),(544,'mrs. vesta hand dvm','magali05@example.com','$2y$10$8.AhuaHaBmK1YWH9y8uqGeG7OAkGVXegydxsXmC5cBbn4YhSoc6WK','p5aU0YAQs4','0','HB0aXvyXAw6vQeTo0Ry2HHsRAdNBZWMgumA8OReZ','false','2021-11-10 21:06:36','2021-11-10 21:06:36',NULL),(545,'wellington effertz','purdy.providenci@example.net','$2y$10$8.AhuaHaBmK1YWH9y8uqGeG7OAkGVXegydxsXmC5cBbn4YhSoc6WK','dGFNcXv5Ll','0','upZlGg3mXfJlBoeJuHW768ecc8sTs1iV84loQMSW','false','2021-11-10 21:06:36','2021-11-10 21:06:36',NULL),(546,'araceli leannon','sabrina38@example.net','$2y$10$8.AhuaHaBmK1YWH9y8uqGeG7OAkGVXegydxsXmC5cBbn4YhSoc6WK','4bxfh8TWHs','0','ClK0sVb4xzftLJfr1JUy3RtWtqPITGT3DcNAvXX7','false','2021-11-10 21:06:36','2021-11-10 21:06:36',NULL),(547,'dariana kautzer','maggio.sylvan@example.com','$2y$10$8.AhuaHaBmK1YWH9y8uqGeG7OAkGVXegydxsXmC5cBbn4YhSoc6WK','LdIuVVgZlh','0','wwxuLUBbaZr9F0tUUH9GJBPiOCpew8wUPnifJLZu','true','2021-11-10 21:06:36','2021-11-10 21:06:36',NULL),(548,'eugene upton','welch.shaylee@example.net','$2y$10$8.AhuaHaBmK1YWH9y8uqGeG7OAkGVXegydxsXmC5cBbn4YhSoc6WK','P7jmejFJm3','1',NULL,'false','2021-11-10 21:06:36','2021-11-10 21:06:36',NULL),(549,'sherman gusikowski','rlubowitz@example.org','$2y$10$8.AhuaHaBmK1YWH9y8uqGeG7OAkGVXegydxsXmC5cBbn4YhSoc6WK','fDqqR6e8LX','1',NULL,'true','2021-11-10 21:06:36','2021-11-10 21:06:36',NULL),(550,'miss america kautzer i','alessandra.brekke@example.net','$2y$10$8.AhuaHaBmK1YWH9y8uqGeG7OAkGVXegydxsXmC5cBbn4YhSoc6WK','KouhLwdWXK','0','29PRaA5J1g843LCZC0MHruVLwmaypcmDB5ZKJJ2f','true','2021-11-10 21:06:36','2021-11-10 21:06:36',NULL),(551,'miss bettie white','marvin.jones@example.com','$2y$10$8.AhuaHaBmK1YWH9y8uqGeG7OAkGVXegydxsXmC5cBbn4YhSoc6WK','vvRXmkMh6r','1',NULL,'true','2021-11-10 21:06:36','2021-11-10 21:06:36',NULL),(552,'isidro fritsch','jaqueline.renner@example.net','$2y$10$8.AhuaHaBmK1YWH9y8uqGeG7OAkGVXegydxsXmC5cBbn4YhSoc6WK','lQWKQrJxAH','1',NULL,'false','2021-11-10 21:06:36','2021-11-10 21:06:36',NULL),(553,'keyon wuckert','pwitting@example.net','$2y$10$8.AhuaHaBmK1YWH9y8uqGeG7OAkGVXegydxsXmC5cBbn4YhSoc6WK','wqF7aDI9K2','0','mQ0GwhmgvMoofb8PiwpGfFfI5g0TZu0RsSYjthUk','true','2021-11-10 21:06:36','2021-11-10 21:06:36',NULL),(554,'corbin kassulke','howell.constance@example.net','$2y$10$8.AhuaHaBmK1YWH9y8uqGeG7OAkGVXegydxsXmC5cBbn4YhSoc6WK','bEhmTk7O1j','0','WhJ3iuR1XTkq8vXBaTyeXSNSbVVlt7h9oZOwmqN1','true','2021-11-10 21:06:36','2021-11-10 21:06:36',NULL),(555,'levi quitzon','virginie93@example.com','$2y$10$8.AhuaHaBmK1YWH9y8uqGeG7OAkGVXegydxsXmC5cBbn4YhSoc6WK','Av77k7v0RA','0','lcUL6NTX8pQg1yHMac3Rxx0A7XNhaZIpGalGcmC2','true','2021-11-10 21:06:36','2021-11-10 21:06:36',NULL),(556,'elnora streich','fmonahan@example.com','$2y$10$8.AhuaHaBmK1YWH9y8uqGeG7OAkGVXegydxsXmC5cBbn4YhSoc6WK','dsE9mQGw8A','1',NULL,'false','2021-11-10 21:06:36','2021-11-10 21:06:36',NULL),(557,'dr. jana schneider','qgrady@example.org','$2y$10$8.AhuaHaBmK1YWH9y8uqGeG7OAkGVXegydxsXmC5cBbn4YhSoc6WK','xSgh6iP1oK','1',NULL,'true','2021-11-10 21:06:36','2021-11-10 21:06:36',NULL),(558,'everardo heaney','zcormier@example.org','$2y$10$8.AhuaHaBmK1YWH9y8uqGeG7OAkGVXegydxsXmC5cBbn4YhSoc6WK','F6tBKrdJva','1',NULL,'true','2021-11-10 21:06:36','2021-11-10 21:06:36',NULL),(559,'prof. prudence dooley','hzboncak@example.com','$2y$10$8.AhuaHaBmK1YWH9y8uqGeG7OAkGVXegydxsXmC5cBbn4YhSoc6WK','W3nE7xhsau','0','sGMLXhOe0gCT4TdOGmxC0KIqHGdCEb56I0HSEVbN','false','2021-11-10 21:06:36','2021-11-10 21:06:36',NULL),(560,'jane gaylord','windler.angie@example.net','$2y$10$8.AhuaHaBmK1YWH9y8uqGeG7OAkGVXegydxsXmC5cBbn4YhSoc6WK','nAu7ytjHSU','0','WdAmYYfdZHbgp6dkDUgmpRWrgv5X9GlcPIj7Qd9C','true','2021-11-10 21:06:36','2021-11-10 21:06:36',NULL),(561,'melisa jakubowski','rfay@example.net','$2y$10$8.AhuaHaBmK1YWH9y8uqGeG7OAkGVXegydxsXmC5cBbn4YhSoc6WK','zqymiJORHK','1',NULL,'false','2021-11-10 21:06:36','2021-11-10 21:06:36',NULL),(562,'bridgette mccullough i','aoconner@example.com','$2y$10$8.AhuaHaBmK1YWH9y8uqGeG7OAkGVXegydxsXmC5cBbn4YhSoc6WK','F8SAZ952b1','1',NULL,'true','2021-11-10 21:06:36','2021-11-10 21:06:36',NULL),(563,'royal reynolds','yessenia.wintheiser@example.net','$2y$10$8.AhuaHaBmK1YWH9y8uqGeG7OAkGVXegydxsXmC5cBbn4YhSoc6WK','MpnDGZ9nJm','1',NULL,'false','2021-11-10 21:06:36','2021-11-10 21:06:36',NULL),(564,'coy dickinson','towne.bridie@example.com','$2y$10$8.AhuaHaBmK1YWH9y8uqGeG7OAkGVXegydxsXmC5cBbn4YhSoc6WK','O0o9BWPNYp','1',NULL,'true','2021-11-10 21:06:36','2021-11-10 21:06:36',NULL),(565,'ms. gudrun schroeder','ludie45@example.net','$2y$10$8.AhuaHaBmK1YWH9y8uqGeG7OAkGVXegydxsXmC5cBbn4YhSoc6WK','tZPMQaKLhb','0','h5e8BVKJKXCuJtOMloyojCPZsQXq58i6sVm6r9zh','false','2021-11-10 21:06:36','2021-11-10 21:06:36',NULL),(566,'abby upton jr.','qpollich@example.com','$2y$10$8.AhuaHaBmK1YWH9y8uqGeG7OAkGVXegydxsXmC5cBbn4YhSoc6WK','psl2PIvAi2','1',NULL,'true','2021-11-10 21:06:36','2021-11-10 21:06:36',NULL),(567,'ben schoen md','alta74@example.net','$2y$10$8.AhuaHaBmK1YWH9y8uqGeG7OAkGVXegydxsXmC5cBbn4YhSoc6WK','2PyyDl1ISP','1',NULL,'true','2021-11-10 21:06:36','2021-11-10 21:06:36',NULL),(568,'giovanni hodkiewicz','paula52@example.org','$2y$10$8.AhuaHaBmK1YWH9y8uqGeG7OAkGVXegydxsXmC5cBbn4YhSoc6WK','xyYbqRzHAJ','0','wpSWn6VgOk3L7hiDWRXKbtOeUr4Njz0ySXK97n1F','false','2021-11-10 21:06:36','2021-11-10 21:06:36',NULL),(569,'krista parisian','skautzer@example.com','$2y$10$8.AhuaHaBmK1YWH9y8uqGeG7OAkGVXegydxsXmC5cBbn4YhSoc6WK','8cAayMwiCJ','1',NULL,'true','2021-11-10 21:06:36','2021-11-10 21:06:36',NULL),(570,'arnaldo okuneva iv','gbrown@example.org','$2y$10$8.AhuaHaBmK1YWH9y8uqGeG7OAkGVXegydxsXmC5cBbn4YhSoc6WK','u7GWW9PK3Y','1',NULL,'true','2021-11-10 21:06:36','2021-11-10 21:06:36',NULL),(571,'anabel schowalter jr.','wframi@example.com','$2y$10$8.AhuaHaBmK1YWH9y8uqGeG7OAkGVXegydxsXmC5cBbn4YhSoc6WK','WY3zzu73Gq','0','Yb5Fetq0MFQscQTyQIwW2TmxkQ2RKFSJrTvuShH6','true','2021-11-10 21:06:36','2021-11-10 21:06:36',NULL),(572,'emelie witting','ifarrell@example.org','$2y$10$8.AhuaHaBmK1YWH9y8uqGeG7OAkGVXegydxsXmC5cBbn4YhSoc6WK','HAGdXOyFI2','1',NULL,'false','2021-11-10 21:06:36','2021-11-10 21:06:36',NULL),(573,'hank terry i','timmothy.murphy@example.org','$2y$10$8.AhuaHaBmK1YWH9y8uqGeG7OAkGVXegydxsXmC5cBbn4YhSoc6WK','VdaAu3iZXf','0','Jy8ie9ELYJc1oAsvxi0O933bTz34JxZv5fCoXZHs','false','2021-11-10 21:06:36','2021-11-10 21:06:36',NULL),(574,'prof. amiya stiedemann','kimberly25@example.net','$2y$10$8.AhuaHaBmK1YWH9y8uqGeG7OAkGVXegydxsXmC5cBbn4YhSoc6WK','XSkUgsF5Ow','0','iwQBylMLbtEO8y7DzuX9T4BYE83rUsPVxHJ5dmfi','false','2021-11-10 21:06:36','2021-11-10 21:06:36',NULL),(575,'jude upton','isidro17@example.com','$2y$10$8.AhuaHaBmK1YWH9y8uqGeG7OAkGVXegydxsXmC5cBbn4YhSoc6WK','2dMrDdAA2i','0','Wg5eUk2v1FhHJYbXPKGL8PkF0XQAcEN3AeRFoNeX','true','2021-11-10 21:06:36','2021-11-10 21:06:36',NULL),(576,'lessie ullrich','hane.jordane@example.org','$2y$10$8.AhuaHaBmK1YWH9y8uqGeG7OAkGVXegydxsXmC5cBbn4YhSoc6WK','8mAoeUk1U0','1',NULL,'false','2021-11-10 21:06:36','2021-11-10 21:06:36',NULL),(577,'eve dietrich','earlene.cummerata@example.org','$2y$10$8.AhuaHaBmK1YWH9y8uqGeG7OAkGVXegydxsXmC5cBbn4YhSoc6WK','2OwOibAoVx','0','rvJ5NxMw6f0yuOw0QBzZwmhG4FfKkYSOxhHzAtzG','true','2021-11-10 21:06:36','2021-11-10 21:06:36',NULL),(578,'marco fay','brakus.dusty@example.org','$2y$10$8.AhuaHaBmK1YWH9y8uqGeG7OAkGVXegydxsXmC5cBbn4YhSoc6WK','uCjYeG8b9h','1',NULL,'false','2021-11-10 21:06:36','2021-11-10 21:06:36',NULL),(579,'prof. lauretta west','howe.della@example.org','$2y$10$8.AhuaHaBmK1YWH9y8uqGeG7OAkGVXegydxsXmC5cBbn4YhSoc6WK','D4xPnrVZYd','1',NULL,'false','2021-11-10 21:06:36','2021-11-10 21:06:36',NULL),(580,'ephraim blick','dvonrueden@example.org','$2y$10$8.AhuaHaBmK1YWH9y8uqGeG7OAkGVXegydxsXmC5cBbn4YhSoc6WK','vOMonulAA5','1',NULL,'true','2021-11-10 21:06:36','2021-11-10 21:06:36',NULL),(581,'julian aufderhar','gkautzer@example.net','$2y$10$8.AhuaHaBmK1YWH9y8uqGeG7OAkGVXegydxsXmC5cBbn4YhSoc6WK','mFIGpdym0X','1',NULL,'true','2021-11-10 21:06:36','2021-11-10 21:06:36',NULL),(582,'dariana langworth','xsawayn@example.com','$2y$10$8.AhuaHaBmK1YWH9y8uqGeG7OAkGVXegydxsXmC5cBbn4YhSoc6WK','yFC8l1yq66','0','ElyS5O81AFN9VBUxhzeNKj97LYeiRiNbeMQZpsye','true','2021-11-10 21:06:36','2021-11-10 21:06:36',NULL),(583,'aletha towne iv','kessler.paula@example.net','$2y$10$8.AhuaHaBmK1YWH9y8uqGeG7OAkGVXegydxsXmC5cBbn4YhSoc6WK','nhhLSwX6tz','0','El0FIhhuXPx3J5POjIGrPtkWjSVj4S929egUNNpZ','true','2021-11-10 21:06:36','2021-11-10 21:06:36',NULL),(584,'allene wunsch','alexandrine76@example.net','$2y$10$8.AhuaHaBmK1YWH9y8uqGeG7OAkGVXegydxsXmC5cBbn4YhSoc6WK','cOoYYXrwTV','1',NULL,'true','2021-11-10 21:06:36','2021-11-10 21:06:36',NULL),(585,'brigitte mante','wintheiser.ashtyn@example.com','$2y$10$8.AhuaHaBmK1YWH9y8uqGeG7OAkGVXegydxsXmC5cBbn4YhSoc6WK','E3rGj2guiW','1',NULL,'false','2021-11-10 21:06:36','2021-11-10 21:06:36',NULL),(586,'mollie muller','daron.trantow@example.com','$2y$10$8.AhuaHaBmK1YWH9y8uqGeG7OAkGVXegydxsXmC5cBbn4YhSoc6WK','nEcAJO1e2T','0','qkssNuyVbjiWozgBvQS061s8HSqHL0d8y7uFgiMp','false','2021-11-10 21:06:36','2021-11-10 21:06:36',NULL),(587,'arnoldo strosin','ojast@example.org','$2y$10$8.AhuaHaBmK1YWH9y8uqGeG7OAkGVXegydxsXmC5cBbn4YhSoc6WK','eoVFIvkpez','1',NULL,'false','2021-11-10 21:06:36','2021-11-10 21:06:36',NULL),(588,'rachelle reinger phd','jwill@example.net','$2y$10$8.AhuaHaBmK1YWH9y8uqGeG7OAkGVXegydxsXmC5cBbn4YhSoc6WK','z1VeuY4oas','0','Yz1wJKJosO3Hmh0AcJLkMuvjHE5NYouNIytsh4bk','false','2021-11-10 21:06:36','2021-11-10 21:06:36',NULL),(589,'prof. josefina rowe sr.','xtremblay@example.com','$2y$10$8.AhuaHaBmK1YWH9y8uqGeG7OAkGVXegydxsXmC5cBbn4YhSoc6WK','9qgSRWV91t','0','m8RAqyFgBQVAH1Pt5RsN8atv7Iz4cDJzSZFaw2IT','false','2021-11-10 21:06:36','2021-11-10 21:06:36',NULL),(590,'lynn koss','hartmann.kimberly@example.org','$2y$10$8.AhuaHaBmK1YWH9y8uqGeG7OAkGVXegydxsXmC5cBbn4YhSoc6WK','vA8TIHWTTt','1',NULL,'true','2021-11-10 21:06:36','2021-11-10 21:06:36',NULL),(591,'chance bednar','pattie25@example.net','$2y$10$8.AhuaHaBmK1YWH9y8uqGeG7OAkGVXegydxsXmC5cBbn4YhSoc6WK','K5dI3Pfe44','0','PycYU2f5GlArknYgzynDkXpSWUXnxSwW9HaCRfAa','false','2021-11-10 21:06:36','2021-11-10 21:06:36',NULL),(592,'rebekah crist','cummings.ona@example.org','$2y$10$8.AhuaHaBmK1YWH9y8uqGeG7OAkGVXegydxsXmC5cBbn4YhSoc6WK','HxC1egn26R','0','ReP1G5aQ0F60Lz5MJXfkuP1XI3Ewb8O6I851i29l','true','2021-11-10 21:06:36','2021-11-10 21:06:36',NULL),(593,'leatha mohr','odessa.ohara@example.com','$2y$10$8.AhuaHaBmK1YWH9y8uqGeG7OAkGVXegydxsXmC5cBbn4YhSoc6WK','kO1miq1eca','1',NULL,'false','2021-11-10 21:06:36','2021-11-10 21:06:36',NULL),(594,'ernesto schimmel','noah10@example.org','$2y$10$8.AhuaHaBmK1YWH9y8uqGeG7OAkGVXegydxsXmC5cBbn4YhSoc6WK','uF9zZQaEyG','1',NULL,'false','2021-11-10 21:06:36','2021-11-10 21:06:36',NULL),(595,'brady rohan','kihn.alene@example.com','$2y$10$8.AhuaHaBmK1YWH9y8uqGeG7OAkGVXegydxsXmC5cBbn4YhSoc6WK','Ho1HbNZeQW','0','vpmK8hIHXnB9sdjCvYtIgvG3aSW1aWeWmUqMKoKR','false','2021-11-10 21:06:36','2021-11-10 21:06:36',NULL),(596,'prof. giuseppe carroll dvm','melissa63@example.net','$2y$10$8.AhuaHaBmK1YWH9y8uqGeG7OAkGVXegydxsXmC5cBbn4YhSoc6WK','sCHVVrl9Al','0','kb6EmlnpCQz1jOQxj3pulv1mTnecvSOB6puacb23','true','2021-11-10 21:06:36','2021-11-10 21:06:36',NULL),(597,'mara moore','alena.gutkowski@example.net','$2y$10$8.AhuaHaBmK1YWH9y8uqGeG7OAkGVXegydxsXmC5cBbn4YhSoc6WK','GDLNhkyiJY','0','qRf35FQi0xi8nThZVt8ypI0y8UOd97SfwNyOBvXC','true','2021-11-10 21:06:36','2021-11-10 21:06:36',NULL),(598,'preston mayer','lindsay.gorczany@example.net','$2y$10$8.AhuaHaBmK1YWH9y8uqGeG7OAkGVXegydxsXmC5cBbn4YhSoc6WK','Ko6KJR1JWY','1',NULL,'false','2021-11-10 21:06:36','2021-11-10 21:06:36',NULL),(599,'mr. justice osinski dvm','randi.bogisich@example.net','$2y$10$8.AhuaHaBmK1YWH9y8uqGeG7OAkGVXegydxsXmC5cBbn4YhSoc6WK','f6pb7tGR98','1',NULL,'true','2021-11-10 21:06:36','2021-11-10 21:06:36',NULL),(600,'bernard marvin','dibbert.estefania@example.com','$2y$10$8.AhuaHaBmK1YWH9y8uqGeG7OAkGVXegydxsXmC5cBbn4YhSoc6WK','lxK67gyyBi','1',NULL,'false','2021-11-10 21:06:36','2021-11-10 21:06:36',NULL),(601,'edmond labadie','rice.kenneth@example.org','$2y$10$8.AhuaHaBmK1YWH9y8uqGeG7OAkGVXegydxsXmC5cBbn4YhSoc6WK','dkWQck5hA2','0','AUaQz5tJmSilnMr8yArwHNtMXGjKat5xziOHTxu7','true','2021-11-10 21:06:36','2021-11-10 21:06:36',NULL),(602,'dana o\'hara','fritsch.anya@example.com','$2y$10$8.AhuaHaBmK1YWH9y8uqGeG7OAkGVXegydxsXmC5cBbn4YhSoc6WK','kyxgf8U4ZJ','1',NULL,'true','2021-11-10 21:06:36','2021-11-10 21:06:36',NULL),(603,'miss shemar bogan','veum.jamal@example.com','$2y$10$8.AhuaHaBmK1YWH9y8uqGeG7OAkGVXegydxsXmC5cBbn4YhSoc6WK','7pcRL7Y1Ao','0','gH9JZONZS6sTBVscREoBjkNkNaHNyjvPQEKDBEod','true','2021-11-10 21:06:36','2021-11-10 21:06:36',NULL),(604,'mr. lew mckenzie sr.','king.christiansen@example.com','$2y$10$8.AhuaHaBmK1YWH9y8uqGeG7OAkGVXegydxsXmC5cBbn4YhSoc6WK','cT4fgd823L','0','dr46TbEzJQKAnbWIb0W4A2ymBtVCFOOTsdoW663P','true','2021-11-10 21:06:36','2021-11-10 21:06:36',NULL),(605,'ernesto haley i','qharber@example.org','$2y$10$8.AhuaHaBmK1YWH9y8uqGeG7OAkGVXegydxsXmC5cBbn4YhSoc6WK','wT1OIEJfzB','0','PAIZ0FtAGbNqQ1cLCOj48YLIwWBUs9MYKRZrr3hP','false','2021-11-10 21:06:36','2021-11-10 21:06:36',NULL),(606,'tom spinka','vzieme@example.net','$2y$10$8.AhuaHaBmK1YWH9y8uqGeG7OAkGVXegydxsXmC5cBbn4YhSoc6WK','hRPOz7FSK1','0','d1HCdzGObTXGOzxZOc3tINyMIYqaDHmdhosO7QyJ','false','2021-11-10 21:06:36','2021-11-10 21:06:36',NULL),(607,'eldridge schneider','lura.miller@example.com','$2y$10$8.AhuaHaBmK1YWH9y8uqGeG7OAkGVXegydxsXmC5cBbn4YhSoc6WK','e4UtsPQkiI','1',NULL,'true','2021-11-10 21:06:36','2021-11-10 21:06:36',NULL),(608,'dr. rodrigo stehr dds','bschamberger@example.org','$2y$10$8.AhuaHaBmK1YWH9y8uqGeG7OAkGVXegydxsXmC5cBbn4YhSoc6WK','rI1iLv9DdH','1',NULL,'true','2021-11-10 21:06:36','2021-11-10 21:06:36',NULL),(609,'myron koelpin','pkuhlman@example.net','$2y$10$8.AhuaHaBmK1YWH9y8uqGeG7OAkGVXegydxsXmC5cBbn4YhSoc6WK','e9BUP3v2qe','1',NULL,'true','2021-11-10 21:06:36','2021-11-10 21:06:36',NULL),(610,'lewis hills','dubuque.claire@example.org','$2y$10$8.AhuaHaBmK1YWH9y8uqGeG7OAkGVXegydxsXmC5cBbn4YhSoc6WK','e1gXDTYX8u','1',NULL,'false','2021-11-10 21:06:36','2021-11-10 21:06:36',NULL),(611,'mr. rolando strosin sr.','lowell.welch@example.net','$2y$10$8.AhuaHaBmK1YWH9y8uqGeG7OAkGVXegydxsXmC5cBbn4YhSoc6WK','lgebP7FuaK','1',NULL,'true','2021-11-10 21:06:36','2021-11-10 21:06:36',NULL),(612,'ms. alisha kemmer','murazik.tobin@example.org','$2y$10$8.AhuaHaBmK1YWH9y8uqGeG7OAkGVXegydxsXmC5cBbn4YhSoc6WK','qNGobHMH7N','0','S3zcTaiJMBBpDJrepNUcUlADBhYfb73qslQ8gKxU','false','2021-11-10 21:06:36','2021-11-10 21:06:36',NULL),(613,'mr. harmon beatty i','monte.ziemann@example.com','$2y$10$8.AhuaHaBmK1YWH9y8uqGeG7OAkGVXegydxsXmC5cBbn4YhSoc6WK','8ocTyy2B39','1',NULL,'true','2021-11-10 21:06:36','2021-11-10 21:06:36',NULL),(614,'araceli schmeler phd','brielle.mayert@example.org','$2y$10$8.AhuaHaBmK1YWH9y8uqGeG7OAkGVXegydxsXmC5cBbn4YhSoc6WK','VmW6k9Ioyk','1',NULL,'true','2021-11-10 21:06:36','2021-11-10 21:06:36',NULL),(615,'mr. lennie torp sr.','steuber.nelle@example.com','$2y$10$8.AhuaHaBmK1YWH9y8uqGeG7OAkGVXegydxsXmC5cBbn4YhSoc6WK','5frqcBRPLd','1',NULL,'false','2021-11-10 21:06:36','2021-11-10 21:06:36',NULL),(616,'morris zemlak','stamm.yvette@example.org','$2y$10$8.AhuaHaBmK1YWH9y8uqGeG7OAkGVXegydxsXmC5cBbn4YhSoc6WK','iQIPoPMOHS','1',NULL,'false','2021-11-10 21:06:36','2021-11-10 21:06:36',NULL),(617,'barton white','schowalter.fletcher@example.com','$2y$10$8.AhuaHaBmK1YWH9y8uqGeG7OAkGVXegydxsXmC5cBbn4YhSoc6WK','cLil39raZe','1',NULL,'true','2021-11-10 21:06:36','2021-11-10 21:06:36',NULL),(618,'dr. amani goodwin','bria55@example.org','$2y$10$8.AhuaHaBmK1YWH9y8uqGeG7OAkGVXegydxsXmC5cBbn4YhSoc6WK','2FYXhO5vVE','0','zULBD6Qa5Uo7vWmCRLMI0WNVRVkoAOxHaF5hmFaQ','true','2021-11-10 21:06:36','2021-11-10 21:06:36',NULL),(619,'fae volkman','albertha.kautzer@example.com','$2y$10$8.AhuaHaBmK1YWH9y8uqGeG7OAkGVXegydxsXmC5cBbn4YhSoc6WK','y59qwrrTdR','0','Qx5vt7cCf7I9yWYanuifMwk425JjMmIy8JD5TAiH','false','2021-11-10 21:06:36','2021-11-10 21:06:36',NULL),(620,'anjali kiehn','hermiston.casimir@example.com','$2y$10$8.AhuaHaBmK1YWH9y8uqGeG7OAkGVXegydxsXmC5cBbn4YhSoc6WK','VUJuLx8j80','1',NULL,'false','2021-11-10 21:06:36','2021-11-10 21:06:36',NULL),(621,'abigayle christiansen jr.','tschinner@example.com','$2y$10$8.AhuaHaBmK1YWH9y8uqGeG7OAkGVXegydxsXmC5cBbn4YhSoc6WK','yueuT4NYfe','1',NULL,'true','2021-11-10 21:06:36','2021-11-10 21:06:36',NULL),(622,'ms. delphine dickinson','carmel.barrows@example.org','$2y$10$8.AhuaHaBmK1YWH9y8uqGeG7OAkGVXegydxsXmC5cBbn4YhSoc6WK','zbBmSQnJTp','0','aoVV12kyl9hKhRgX1jcpGJkhCnICsDt3h3KHhp6r','false','2021-11-10 21:06:36','2021-11-10 21:06:36',NULL),(623,'cristobal towne','lexie.keebler@example.com','$2y$10$8.AhuaHaBmK1YWH9y8uqGeG7OAkGVXegydxsXmC5cBbn4YhSoc6WK','BOhDJlQY9n','1',NULL,'false','2021-11-10 21:06:36','2021-11-10 21:06:36',NULL),(624,'donavon morissette','jettie.monahan@example.org','$2y$10$8.AhuaHaBmK1YWH9y8uqGeG7OAkGVXegydxsXmC5cBbn4YhSoc6WK','WGWoWF7nzr','0','fZhdGH5hs76urq3QNVELOcsdFZf1K5dvnRk8HRm4','true','2021-11-10 21:06:36','2021-11-10 21:06:36',NULL),(625,'mrs. hassie bashirian','alisa20@example.org','$2y$10$8.AhuaHaBmK1YWH9y8uqGeG7OAkGVXegydxsXmC5cBbn4YhSoc6WK','9daoX4KDqH','0','2iLIBlRVKHB1Bxj55ntSJxOdWX1O90we9SWIHb3u','false','2021-11-10 21:06:36','2021-11-10 21:06:36',NULL),(626,'wendy swaniawski','cali44@example.com','$2y$10$8.AhuaHaBmK1YWH9y8uqGeG7OAkGVXegydxsXmC5cBbn4YhSoc6WK','wDkXgD2QG9','0','iVASGIWU4nLPPgqAXBE5ZNxx2r3oC1IQcvydviCF','true','2021-11-10 21:06:36','2021-11-10 21:06:36',NULL),(627,'dr. florence pacocha','drunolfsdottir@example.org','$2y$10$8.AhuaHaBmK1YWH9y8uqGeG7OAkGVXegydxsXmC5cBbn4YhSoc6WK','kLFOepU2pE','1',NULL,'true','2021-11-10 21:06:36','2021-11-10 21:06:36',NULL),(628,'nicola hamill','derick35@example.org','$2y$10$8.AhuaHaBmK1YWH9y8uqGeG7OAkGVXegydxsXmC5cBbn4YhSoc6WK','eyoXq4e7bi','1',NULL,'false','2021-11-10 21:06:36','2021-11-10 21:06:36',NULL),(629,'jalyn beer','sheridan.friesen@example.net','$2y$10$8.AhuaHaBmK1YWH9y8uqGeG7OAkGVXegydxsXmC5cBbn4YhSoc6WK','8j65ruzlcV','1',NULL,'false','2021-11-10 21:06:36','2021-11-10 21:06:36',NULL),(630,'rene bartell','jjohns@example.org','$2y$10$8.AhuaHaBmK1YWH9y8uqGeG7OAkGVXegydxsXmC5cBbn4YhSoc6WK','a8VdRDeS5b','0','io0mw1EuBAXM2qDHthAZGKieN72IFzvRjqzStOiB','false','2021-11-10 21:06:36','2021-11-10 21:06:36',NULL),(631,'orrin kovacek md','bednar.eileen@example.net','$2y$10$8.AhuaHaBmK1YWH9y8uqGeG7OAkGVXegydxsXmC5cBbn4YhSoc6WK','XK9aLz1nJK','1',NULL,'false','2021-11-10 21:06:36','2021-11-10 21:06:36',NULL),(632,'terrill schiller','schmitt.arden@example.org','$2y$10$8.AhuaHaBmK1YWH9y8uqGeG7OAkGVXegydxsXmC5cBbn4YhSoc6WK','fRcC2fo9y6','1',NULL,'true','2021-11-10 21:06:36','2021-11-10 21:06:36',NULL),(633,'chadd trantow','wiegand.sarai@example.net','$2y$10$8.AhuaHaBmK1YWH9y8uqGeG7OAkGVXegydxsXmC5cBbn4YhSoc6WK','Xt8mtLW0Hi','0','UfyLLCqi2X2okpHDwJ4g1rdwEByFDzDmKQA8XS07','false','2021-11-10 21:06:36','2021-11-10 21:06:36',NULL),(634,'calista monahan','emard.rhiannon@example.net','$2y$10$8.AhuaHaBmK1YWH9y8uqGeG7OAkGVXegydxsXmC5cBbn4YhSoc6WK','XZo5mOxswJ','0','9hjJKNd15hvQvOPLo6Pd0vQU6sHUAUfumuRwmWK7','true','2021-11-10 21:06:36','2021-11-10 21:06:36',NULL),(635,'laurie mayer','wmckenzie@example.com','$2y$10$8.AhuaHaBmK1YWH9y8uqGeG7OAkGVXegydxsXmC5cBbn4YhSoc6WK','nwCNZzqf2d','0','6Ykgv9mQwT3amyXsBlwhNnEyWAmlRTJZy3RikR73','true','2021-11-10 21:06:36','2021-11-10 21:06:36',NULL),(636,'kennith lindgren ii','favian58@example.net','$2y$10$8.AhuaHaBmK1YWH9y8uqGeG7OAkGVXegydxsXmC5cBbn4YhSoc6WK','pnsiqjJQWT','1',NULL,'true','2021-11-10 21:06:36','2021-11-10 21:06:36',NULL),(637,'kyle torphy','kuphal.alfredo@example.net','$2y$10$8.AhuaHaBmK1YWH9y8uqGeG7OAkGVXegydxsXmC5cBbn4YhSoc6WK','hdm7DijvDO','1',NULL,'true','2021-11-10 21:06:36','2021-11-10 21:06:36',NULL),(638,'mrs. katrine rice','kyle.yost@example.com','$2y$10$8.AhuaHaBmK1YWH9y8uqGeG7OAkGVXegydxsXmC5cBbn4YhSoc6WK','t0I35pidLg','1',NULL,'true','2021-11-10 21:06:36','2021-11-10 21:06:36',NULL),(639,'prof. christine upton i','efren11@example.org','$2y$10$8.AhuaHaBmK1YWH9y8uqGeG7OAkGVXegydxsXmC5cBbn4YhSoc6WK','njNoJMfGf0','1',NULL,'false','2021-11-10 21:06:36','2021-11-10 21:06:36',NULL),(640,'gerda schuppe','jaylen.mohr@example.net','$2y$10$8.AhuaHaBmK1YWH9y8uqGeG7OAkGVXegydxsXmC5cBbn4YhSoc6WK','v4UsirWMeE','1',NULL,'true','2021-11-10 21:06:36','2021-11-10 21:06:36',NULL),(641,'dr. isom shanahan','abarton@example.com','$2y$10$8.AhuaHaBmK1YWH9y8uqGeG7OAkGVXegydxsXmC5cBbn4YhSoc6WK','w852DHcGBZ','1',NULL,'true','2021-11-10 21:06:36','2021-11-10 21:06:36',NULL),(642,'lennie wyman','hirthe.brody@example.org','$2y$10$8.AhuaHaBmK1YWH9y8uqGeG7OAkGVXegydxsXmC5cBbn4YhSoc6WK','fB2yNzEK5b','0','6794d7qvYBmGApAE0BbzmmjZCiOyx0SU5wQCtdO2','false','2021-11-10 21:06:36','2021-11-10 21:06:36',NULL),(643,'enrico conn iv','mbaumbach@example.com','$2y$10$8.AhuaHaBmK1YWH9y8uqGeG7OAkGVXegydxsXmC5cBbn4YhSoc6WK','ThdNzyL0lH','1',NULL,'true','2021-11-10 21:06:36','2021-11-10 21:06:36',NULL),(644,'chaya shanahan iv','spencer.amos@example.net','$2y$10$8.AhuaHaBmK1YWH9y8uqGeG7OAkGVXegydxsXmC5cBbn4YhSoc6WK','0hkLAcLkAf','1',NULL,'false','2021-11-10 21:06:36','2021-11-10 21:06:36',NULL),(645,'cassandra hackett md','yjenkins@example.org','$2y$10$8.AhuaHaBmK1YWH9y8uqGeG7OAkGVXegydxsXmC5cBbn4YhSoc6WK','4f44dpKQMk','0','J6xzqSfFINpthS7qxOg5G8GiFkikK3bWEIh9rSp8','true','2021-11-10 21:06:36','2021-11-10 21:06:36',NULL),(646,'mallie fadel','ivy.stokes@example.org','$2y$10$8.AhuaHaBmK1YWH9y8uqGeG7OAkGVXegydxsXmC5cBbn4YhSoc6WK','IJWth9FOTT','0','AYVQ1VAqRa4sNKg3fJDG62fEq5pBG6QInpoC4QBX','true','2021-11-10 21:06:36','2021-11-10 21:06:36',NULL),(647,'arnulfo bruen','hollis77@example.net','$2y$10$8.AhuaHaBmK1YWH9y8uqGeG7OAkGVXegydxsXmC5cBbn4YhSoc6WK','sjwnKz5PfD','1',NULL,'true','2021-11-10 21:06:36','2021-11-10 21:06:36',NULL),(648,'mariah jacobi','zachery.schamberger@example.net','$2y$10$8.AhuaHaBmK1YWH9y8uqGeG7OAkGVXegydxsXmC5cBbn4YhSoc6WK','eX7Et2KTAr','1',NULL,'true','2021-11-10 21:06:36','2021-11-10 21:06:36',NULL),(649,'mr. rene mccullough','spencer.felipa@example.org','$2y$10$8.AhuaHaBmK1YWH9y8uqGeG7OAkGVXegydxsXmC5cBbn4YhSoc6WK','sTydZKelvM','1',NULL,'true','2021-11-10 21:06:36','2021-11-10 21:06:36',NULL),(650,'cordell mohr','norma29@example.com','$2y$10$8.AhuaHaBmK1YWH9y8uqGeG7OAkGVXegydxsXmC5cBbn4YhSoc6WK','UwxEzYYv8a','1',NULL,'false','2021-11-10 21:06:36','2021-11-10 21:06:36',NULL),(651,'mrs. monica nikolaus','anastasia47@example.com','$2y$10$8.AhuaHaBmK1YWH9y8uqGeG7OAkGVXegydxsXmC5cBbn4YhSoc6WK','jqGKiHqZBN','1',NULL,'false','2021-11-10 21:06:36','2021-11-10 21:06:36',NULL),(652,'jarred haag','maufderhar@example.org','$2y$10$8.AhuaHaBmK1YWH9y8uqGeG7OAkGVXegydxsXmC5cBbn4YhSoc6WK','RnIUfEx19A','1',NULL,'false','2021-11-10 21:06:36','2021-11-10 21:06:36',NULL),(653,'imelda quitzon md','jovan.connelly@example.net','$2y$10$8.AhuaHaBmK1YWH9y8uqGeG7OAkGVXegydxsXmC5cBbn4YhSoc6WK','Y2xqwEVRCO','1',NULL,'false','2021-11-10 21:06:36','2021-11-10 21:06:36',NULL),(654,'norval haley','zondricka@example.net','$2y$10$8.AhuaHaBmK1YWH9y8uqGeG7OAkGVXegydxsXmC5cBbn4YhSoc6WK','GKdzq7oE6R','0','r1zgGJnN3ttWGeXTXz8NNzzF5Bnzgod4xdMNIR5e','false','2021-11-10 21:06:36','2021-11-10 21:06:36',NULL),(655,'prof. dudley little iv','isobel54@example.org','$2y$10$8.AhuaHaBmK1YWH9y8uqGeG7OAkGVXegydxsXmC5cBbn4YhSoc6WK','cJp2VEYxjC','0','cmA3bgba1rb3iD13y1Lm7oUkfZMX5ypxLjZenMxq','true','2021-11-10 21:06:36','2021-11-10 21:06:36',NULL),(656,'mrs. april stamm','dallas.gutkowski@example.net','$2y$10$8.AhuaHaBmK1YWH9y8uqGeG7OAkGVXegydxsXmC5cBbn4YhSoc6WK','oZjh3ZS1k3','1',NULL,'false','2021-11-10 21:06:36','2021-11-10 21:06:36',NULL),(657,'tad hoeger','romaguera.kris@example.net','$2y$10$8.AhuaHaBmK1YWH9y8uqGeG7OAkGVXegydxsXmC5cBbn4YhSoc6WK','UqiCQpttQG','1',NULL,'true','2021-11-10 21:06:36','2021-11-10 21:06:36',NULL),(658,'jeromy sipes','khuel@example.com','$2y$10$8.AhuaHaBmK1YWH9y8uqGeG7OAkGVXegydxsXmC5cBbn4YhSoc6WK','nOhPxeFL7q','1',NULL,'true','2021-11-10 21:06:36','2021-11-10 21:06:36',NULL),(659,'desmond mccullough ii','llewellyn67@example.org','$2y$10$8.AhuaHaBmK1YWH9y8uqGeG7OAkGVXegydxsXmC5cBbn4YhSoc6WK','sFxBucbt2I','0','Zqy1bR1kH14GVs5R6a3UlED9KSZwcovq8lLI04Kv','true','2021-11-10 21:06:36','2021-11-10 21:06:36',NULL),(660,'marquis bergstrom','olson.larissa@example.org','$2y$10$8.AhuaHaBmK1YWH9y8uqGeG7OAkGVXegydxsXmC5cBbn4YhSoc6WK','cQHQm1KwA4','0','3FwFoifaI7oTZtdW05WwZE1880TjGqFPxs2luhpy','false','2021-11-10 21:06:36','2021-11-10 21:06:36',NULL),(661,'peter ernser','tierra.kuhn@example.com','$2y$10$8.AhuaHaBmK1YWH9y8uqGeG7OAkGVXegydxsXmC5cBbn4YhSoc6WK','thFOHZwA0Z','1',NULL,'true','2021-11-10 21:06:36','2021-11-10 21:06:36',NULL),(662,'miss elmira murphy ii','nkling@example.net','$2y$10$8.AhuaHaBmK1YWH9y8uqGeG7OAkGVXegydxsXmC5cBbn4YhSoc6WK','vxw5jFRE2X','0','9n7eGDM9xVl4QFAGJY4jvB3pZk2ESCMXNULMp1Dv','false','2021-11-10 21:06:36','2021-11-10 21:06:36',NULL),(663,'yoshiko conroy','acollier@example.com','$2y$10$8.AhuaHaBmK1YWH9y8uqGeG7OAkGVXegydxsXmC5cBbn4YhSoc6WK','juzHtDP0GM','1',NULL,'true','2021-11-10 21:06:36','2021-11-10 21:06:36',NULL),(664,'mae wiegand','milan68@example.net','$2y$10$8.AhuaHaBmK1YWH9y8uqGeG7OAkGVXegydxsXmC5cBbn4YhSoc6WK','lK3UrH2pqB','0','kFuyGKOVF1laDfbAYr53xMkjhzkPiF3vEnpL2jLw','false','2021-11-10 21:06:36','2021-11-10 21:06:36',NULL),(665,'jeramie waelchi','nelson86@example.com','$2y$10$8.AhuaHaBmK1YWH9y8uqGeG7OAkGVXegydxsXmC5cBbn4YhSoc6WK','67PJTsc1VL','0','bgRPz7xfUhTpxDb0v0twWS2DK9xkXTWyvSuz1miL','false','2021-11-10 21:06:36','2021-11-10 21:06:36',NULL),(666,'mrs. kirstin parisian','amarquardt@example.com','$2y$10$8.AhuaHaBmK1YWH9y8uqGeG7OAkGVXegydxsXmC5cBbn4YhSoc6WK','cqknHL6Q1B','1',NULL,'true','2021-11-10 21:06:36','2021-11-10 21:06:36',NULL),(667,'uriel murazik','jalyn.cartwright@example.com','$2y$10$8.AhuaHaBmK1YWH9y8uqGeG7OAkGVXegydxsXmC5cBbn4YhSoc6WK','u6tr2P5lgX','0','CzPIoyCFQ4rkUQypD1EqguqysAiJ1NrSPoSX7YjB','true','2021-11-10 21:06:36','2021-11-10 21:06:36',NULL),(668,'prof. jevon considine dvm','johns.kyla@example.net','$2y$10$8.AhuaHaBmK1YWH9y8uqGeG7OAkGVXegydxsXmC5cBbn4YhSoc6WK','HXu49RK3Ad','1',NULL,'true','2021-11-10 21:06:36','2021-11-10 21:06:36',NULL),(669,'ebba schroeder','clinton55@example.net','$2y$10$8.AhuaHaBmK1YWH9y8uqGeG7OAkGVXegydxsXmC5cBbn4YhSoc6WK','nOI20JTzHb','0','xaaovyHBUboOQa31UDGyN321jEgjx54TrG79KnKX','true','2021-11-10 21:06:36','2021-11-10 21:06:36',NULL),(670,'vincenzo halvorson','abelardo46@example.com','$2y$10$8.AhuaHaBmK1YWH9y8uqGeG7OAkGVXegydxsXmC5cBbn4YhSoc6WK','TTCck6z06z','0','Hvq2TcwCH9F2LXRjLk5libEtWDaTS0E1yUgP9gu4','false','2021-11-10 21:06:36','2021-11-10 21:06:36',NULL),(671,'elmo waelchi','lprohaska@example.org','$2y$10$8.AhuaHaBmK1YWH9y8uqGeG7OAkGVXegydxsXmC5cBbn4YhSoc6WK','8QGIxnIr1o','1',NULL,'false','2021-11-10 21:06:36','2021-11-10 21:06:36',NULL),(672,'laila koepp','graham.beth@example.com','$2y$10$8.AhuaHaBmK1YWH9y8uqGeG7OAkGVXegydxsXmC5cBbn4YhSoc6WK','RrUYuVULyA','1',NULL,'true','2021-11-10 21:06:36','2021-11-10 21:06:36',NULL),(673,'jairo daniel iv','yoshiko.goyette@example.org','$2y$10$8.AhuaHaBmK1YWH9y8uqGeG7OAkGVXegydxsXmC5cBbn4YhSoc6WK','Vd2dM5FU2p','1',NULL,'true','2021-11-10 21:06:36','2021-11-10 21:06:36',NULL),(674,'moses pfannerstill','jalon90@example.net','$2y$10$8.AhuaHaBmK1YWH9y8uqGeG7OAkGVXegydxsXmC5cBbn4YhSoc6WK','yTA5cT5mzU','1',NULL,'true','2021-11-10 21:06:36','2021-11-10 21:06:36',NULL),(675,'michale schimmel','lyda93@example.com','$2y$10$8.AhuaHaBmK1YWH9y8uqGeG7OAkGVXegydxsXmC5cBbn4YhSoc6WK','tb9lvi36YM','1',NULL,'true','2021-11-10 21:06:36','2021-11-10 21:06:36',NULL),(676,'kellen watsica','losinski@example.net','$2y$10$8.AhuaHaBmK1YWH9y8uqGeG7OAkGVXegydxsXmC5cBbn4YhSoc6WK','5GWTRs8pq3','1',NULL,'false','2021-11-10 21:06:36','2021-11-10 21:06:36',NULL),(677,'mr. lucas willms phd','nskiles@example.net','$2y$10$8.AhuaHaBmK1YWH9y8uqGeG7OAkGVXegydxsXmC5cBbn4YhSoc6WK','TWpxiNPCoL','1',NULL,'true','2021-11-10 21:06:36','2021-11-10 21:06:36',NULL),(678,'quincy wiza','kara65@example.com','$2y$10$8.AhuaHaBmK1YWH9y8uqGeG7OAkGVXegydxsXmC5cBbn4YhSoc6WK','UHwp4C5JXL','0','wTTxD6Q3yDPoR2MyxBn2uFEC2djNFAw8rr2T2SpT','true','2021-11-10 21:06:36','2021-11-10 21:06:36',NULL),(679,'teresa bahringer dds','blakin@example.com','$2y$10$8.AhuaHaBmK1YWH9y8uqGeG7OAkGVXegydxsXmC5cBbn4YhSoc6WK','U47EfNlRxi','0','jfNcvHwryyyE4K7stIUZiInqgd8YGH3vriPQ2Ai7','false','2021-11-10 21:06:36','2021-11-10 21:06:36',NULL),(680,'connie raynor','ayla06@example.net','$2y$10$8.AhuaHaBmK1YWH9y8uqGeG7OAkGVXegydxsXmC5cBbn4YhSoc6WK','AtdJPjsdam','0','5e96CK6KoWDDoB5jnJyKWUyPTzWX6VpuNCNtxYjt','false','2021-11-10 21:06:36','2021-11-10 21:06:36',NULL),(681,'mr. luther weissnat dvm','catherine.treutel@example.com','$2y$10$8.AhuaHaBmK1YWH9y8uqGeG7OAkGVXegydxsXmC5cBbn4YhSoc6WK','CQqUrufYRc','1',NULL,'false','2021-11-10 21:06:36','2021-11-10 21:06:36',NULL),(682,'mara labadie','godfrey92@example.org','$2y$10$8.AhuaHaBmK1YWH9y8uqGeG7OAkGVXegydxsXmC5cBbn4YhSoc6WK','j6uVmPYqpp','1',NULL,'true','2021-11-10 21:06:36','2021-11-10 21:06:36',NULL),(683,'mrs. maudie legros','arlo.reichel@example.net','$2y$10$8.AhuaHaBmK1YWH9y8uqGeG7OAkGVXegydxsXmC5cBbn4YhSoc6WK','j5PEzwiAuV','0','LBgWlZUYcVDAs1lFY8zD3WAMCBTScO44czT2Uf5I','false','2021-11-10 21:06:36','2021-11-10 21:06:36',NULL),(684,'mr. kris metz','korey.johns@example.org','$2y$10$8.AhuaHaBmK1YWH9y8uqGeG7OAkGVXegydxsXmC5cBbn4YhSoc6WK','Nj0tNDAquG','0','DNTyIkqjxfNvQtD6IClZDtcONta78FgWP8GxKfcw','false','2021-11-10 21:06:36','2021-11-10 21:06:36',NULL),(685,'darrell wisozk','herman.akeem@example.net','$2y$10$8.AhuaHaBmK1YWH9y8uqGeG7OAkGVXegydxsXmC5cBbn4YhSoc6WK','1nOX7RiTJI','0','0E0QhwQVm2A64VbGK6As0de0siZN269bddTPLTy7','true','2021-11-10 21:06:36','2021-11-10 21:06:36',NULL),(686,'celestino howell i','darlene17@example.com','$2y$10$8.AhuaHaBmK1YWH9y8uqGeG7OAkGVXegydxsXmC5cBbn4YhSoc6WK','AWsmlC0Cx8','0','LzOOjE1O369L0aKO2iPWREcN12tXn1cS0htgGnBU','true','2021-11-10 21:06:36','2021-11-10 21:06:36',NULL),(687,'blaze hartmann i','cquitzon@example.org','$2y$10$8.AhuaHaBmK1YWH9y8uqGeG7OAkGVXegydxsXmC5cBbn4YhSoc6WK','i02UieIEaU','1',NULL,'true','2021-11-10 21:06:36','2021-11-10 21:06:36',NULL),(688,'ernesto boyle','dortiz@example.net','$2y$10$8.AhuaHaBmK1YWH9y8uqGeG7OAkGVXegydxsXmC5cBbn4YhSoc6WK','nvmraBpCjG','0','mlZiY4FQ8PmqjwBD34prNMrqfn2XyaeT2Lvk6gdZ','true','2021-11-10 21:06:36','2021-11-10 21:06:36',NULL),(689,'mrs. hertha hamill ii','miguel78@example.net','$2y$10$8.AhuaHaBmK1YWH9y8uqGeG7OAkGVXegydxsXmC5cBbn4YhSoc6WK','ouXznyPF89','1',NULL,'false','2021-11-10 21:06:36','2021-11-10 21:06:36',NULL),(690,'khalil bahringer md','nick25@example.org','$2y$10$8.AhuaHaBmK1YWH9y8uqGeG7OAkGVXegydxsXmC5cBbn4YhSoc6WK','gmyGse9q4I','0','jqMndhpgZ32J1loPRAfc4nOqPSmYUub7HiSd9gR4','true','2021-11-10 21:06:36','2021-11-10 21:06:36',NULL),(691,'kristofer goyette','minnie70@example.com','$2y$10$8.AhuaHaBmK1YWH9y8uqGeG7OAkGVXegydxsXmC5cBbn4YhSoc6WK','q4WLpC67qk','0','5HwF6JKBjyYza94DFN6vseEiGLn44M0oTjjVMQpj','true','2021-11-10 21:06:36','2021-11-10 21:06:36',NULL),(692,'carroll harber','fisher.jovan@example.com','$2y$10$8.AhuaHaBmK1YWH9y8uqGeG7OAkGVXegydxsXmC5cBbn4YhSoc6WK','A1pF2NeK3g','1',NULL,'false','2021-11-10 21:06:36','2021-11-10 21:06:36',NULL),(693,'arielle mosciski','nhagenes@example.com','$2y$10$8.AhuaHaBmK1YWH9y8uqGeG7OAkGVXegydxsXmC5cBbn4YhSoc6WK','8sQCmVT7X4','0','n9i3KQY8ZKqMKKbNkN1l5lUyhdvsM0Sr1gmgacy0','true','2021-11-10 21:06:36','2021-11-10 21:06:36',NULL),(694,'alexie o\'kon','jaeden84@example.org','$2y$10$8.AhuaHaBmK1YWH9y8uqGeG7OAkGVXegydxsXmC5cBbn4YhSoc6WK','eJYMr0V9T8','0','sICnUdHGmI5JiU4oz0evrzyXV791q0YUVrC90J0j','false','2021-11-10 21:06:36','2021-11-10 21:06:36',NULL),(695,'christy legros','walter.hillary@example.com','$2y$10$8.AhuaHaBmK1YWH9y8uqGeG7OAkGVXegydxsXmC5cBbn4YhSoc6WK','2moepyGBRn','1',NULL,'true','2021-11-10 21:06:36','2021-11-10 21:06:36',NULL),(696,'dovie cole','hobart98@example.org','$2y$10$8.AhuaHaBmK1YWH9y8uqGeG7OAkGVXegydxsXmC5cBbn4YhSoc6WK','D4HJuzUCeJ','0','CXARIFGDzVa7Av5osuqAR2IJFFJ90DosH74mGgiU','true','2021-11-10 21:06:36','2021-11-10 21:06:36',NULL),(697,'alexandre durgan','jaron93@example.net','$2y$10$8.AhuaHaBmK1YWH9y8uqGeG7OAkGVXegydxsXmC5cBbn4YhSoc6WK','RDg4ekyLjg','0','0dH11M4hNluLwIRCDoEVYCPsRXVI2ZoK8Nn2tK9l','false','2021-11-10 21:06:36','2021-11-10 21:06:36',NULL),(698,'margarete reichel','zwalker@example.net','$2y$10$8.AhuaHaBmK1YWH9y8uqGeG7OAkGVXegydxsXmC5cBbn4YhSoc6WK','qsguMTNllQ','1',NULL,'true','2021-11-10 21:06:36','2021-11-10 21:06:36',NULL),(699,'lane swaniawski v','dupton@example.com','$2y$10$8.AhuaHaBmK1YWH9y8uqGeG7OAkGVXegydxsXmC5cBbn4YhSoc6WK','liRTZZe9HT','0','vIso51Ka6q8nzphxcZe6crCqjJyQB45x5ZbwvkvR','false','2021-11-10 21:06:36','2021-11-10 21:06:36',NULL),(700,'prof. kenna thiel','dkub@example.net','$2y$10$8.AhuaHaBmK1YWH9y8uqGeG7OAkGVXegydxsXmC5cBbn4YhSoc6WK','9Bk8CepCFk','0','lJFPfTvoRQMbmrYUAejrE7LpvTcdJJX4Vz7EvRTJ','true','2021-11-10 21:06:36','2021-11-10 21:06:36',NULL),(701,'dr. raquel koch','melba73@example.com','$2y$10$8.AhuaHaBmK1YWH9y8uqGeG7OAkGVXegydxsXmC5cBbn4YhSoc6WK','fYlSKtlObv','1',NULL,'false','2021-11-10 21:06:36','2021-11-10 21:06:36',NULL),(702,'miss alessia jenkins dvm','mikayla.frami@example.com','$2y$10$8.AhuaHaBmK1YWH9y8uqGeG7OAkGVXegydxsXmC5cBbn4YhSoc6WK','uEP2Gohrck','0','gQdvdw9Mu3gsXfXYwOPiz5cM68jcyUQthaEjYshZ','false','2021-11-10 21:06:36','2021-11-10 21:06:36',NULL),(703,'dr. marlin bins v','satterfield.garret@example.org','$2y$10$8.AhuaHaBmK1YWH9y8uqGeG7OAkGVXegydxsXmC5cBbn4YhSoc6WK','axqkSLf1NY','1',NULL,'false','2021-11-10 21:06:36','2021-11-10 21:06:36',NULL),(704,'nestor stehr phd','darius71@example.net','$2y$10$8.AhuaHaBmK1YWH9y8uqGeG7OAkGVXegydxsXmC5cBbn4YhSoc6WK','nCWfJjR1Av','0','RJagnjDkiDrPTG6Uh9OhMDAFTSyKaHv5TbUTfAH2','false','2021-11-10 21:06:36','2021-11-10 21:06:36',NULL),(705,'garrett dare','kdooley@example.org','$2y$10$8.AhuaHaBmK1YWH9y8uqGeG7OAkGVXegydxsXmC5cBbn4YhSoc6WK','gpTVntlIMV','1',NULL,'true','2021-11-10 21:06:36','2021-11-10 21:06:36',NULL),(706,'kane dicki','zsauer@example.com','$2y$10$8.AhuaHaBmK1YWH9y8uqGeG7OAkGVXegydxsXmC5cBbn4YhSoc6WK','clkN2RSRyO','1',NULL,'false','2021-11-10 21:06:36','2021-11-10 21:06:36',NULL),(707,'jane bosco','larkin.onie@example.com','$2y$10$8.AhuaHaBmK1YWH9y8uqGeG7OAkGVXegydxsXmC5cBbn4YhSoc6WK','2QFHER4bmO','1',NULL,'true','2021-11-10 21:06:36','2021-11-10 21:06:36',NULL),(708,'prof. dale blick','ioberbrunner@example.net','$2y$10$8.AhuaHaBmK1YWH9y8uqGeG7OAkGVXegydxsXmC5cBbn4YhSoc6WK','Fl8KmYfY5x','1',NULL,'false','2021-11-10 21:06:36','2021-11-10 21:06:36',NULL),(709,'miss susana willms i','cheaney@example.com','$2y$10$8.AhuaHaBmK1YWH9y8uqGeG7OAkGVXegydxsXmC5cBbn4YhSoc6WK','yPrFR5ItAZ','0','CjHvGiaBDshFl28IMlE5KPHBFZ2rfB71Fi1HzauT','true','2021-11-10 21:06:36','2021-11-10 21:06:36',NULL),(710,'ahmed franecki','graham.pasquale@example.org','$2y$10$8.AhuaHaBmK1YWH9y8uqGeG7OAkGVXegydxsXmC5cBbn4YhSoc6WK','VpAlhVAGW7','1',NULL,'false','2021-11-10 21:06:36','2021-11-10 21:06:36',NULL),(711,'miss luz wisozk','milo17@example.org','$2y$10$8.AhuaHaBmK1YWH9y8uqGeG7OAkGVXegydxsXmC5cBbn4YhSoc6WK','KPC3JOgXAA','0','RPo0ZjGGQpidWwYq5AazoCPh5oI0ZRnnWItmR6ka','false','2021-11-10 21:06:36','2021-11-10 21:06:36',NULL),(712,'myrtle kuhn','rogahn.sarina@example.org','$2y$10$8.AhuaHaBmK1YWH9y8uqGeG7OAkGVXegydxsXmC5cBbn4YhSoc6WK','tJyHzpgnVs','0','1vfnwRM849lpg2dSjRKmadYWB6AVdoPK4LfyFLwF','false','2021-11-10 21:06:36','2021-11-10 21:06:36',NULL),(713,'daniela kessler','melody48@example.com','$2y$10$8.AhuaHaBmK1YWH9y8uqGeG7OAkGVXegydxsXmC5cBbn4YhSoc6WK','tTBI3VUiTx','0','P9dA3USRzp339iN76omRRkJospcCc59mJHh1Ro06','false','2021-11-10 21:06:36','2021-11-10 21:06:36',NULL),(714,'mrs. lillie lueilwitz','schiller.einar@example.org','$2y$10$8.AhuaHaBmK1YWH9y8uqGeG7OAkGVXegydxsXmC5cBbn4YhSoc6WK','7Sw1NrNrfC','1',NULL,'true','2021-11-10 21:06:36','2021-11-10 21:06:36',NULL),(715,'robyn mohr','everette.marvin@example.org','$2y$10$8.AhuaHaBmK1YWH9y8uqGeG7OAkGVXegydxsXmC5cBbn4YhSoc6WK','hbC3lwIu8H','0','Can6qUtDusk41qgOejvQBxLoFyNHtck1YjjlJ2AK','true','2021-11-10 21:06:36','2021-11-10 21:06:36',NULL),(716,'malcolm heathcote','augusta10@example.com','$2y$10$8.AhuaHaBmK1YWH9y8uqGeG7OAkGVXegydxsXmC5cBbn4YhSoc6WK','EU0chcP8zY','1',NULL,'true','2021-11-10 21:06:36','2021-11-10 21:06:36',NULL),(717,'nedra murray','oma.johnson@example.net','$2y$10$8.AhuaHaBmK1YWH9y8uqGeG7OAkGVXegydxsXmC5cBbn4YhSoc6WK','cGLC5yYx0J','1',NULL,'true','2021-11-10 21:06:36','2021-11-10 21:06:36',NULL),(718,'joshua hudson','ernie.mcglynn@example.net','$2y$10$8.AhuaHaBmK1YWH9y8uqGeG7OAkGVXegydxsXmC5cBbn4YhSoc6WK','chR1xCujzH','1',NULL,'false','2021-11-10 21:06:36','2021-11-10 21:06:36',NULL),(719,'miss bridgette krajcik','hans12@example.org','$2y$10$8.AhuaHaBmK1YWH9y8uqGeG7OAkGVXegydxsXmC5cBbn4YhSoc6WK','MwOpLsdotJ','0','9S0ZbCibfRc2PQRBF5F6K4LLaorjzPsPoX3uOZQw','false','2021-11-10 21:06:36','2021-11-10 21:06:36',NULL),(720,'geo donnelly','rschulist@example.com','$2y$10$8.AhuaHaBmK1YWH9y8uqGeG7OAkGVXegydxsXmC5cBbn4YhSoc6WK','jNcEMEFi6T','1',NULL,'false','2021-11-10 21:06:36','2021-11-10 21:06:36',NULL),(721,'dr. henry dare iii','prippin@example.org','$2y$10$8.AhuaHaBmK1YWH9y8uqGeG7OAkGVXegydxsXmC5cBbn4YhSoc6WK','WUSue43RhZ','1',NULL,'true','2021-11-10 21:06:36','2021-11-10 21:06:36',NULL),(722,'larissa stokes','cwehner@example.com','$2y$10$8.AhuaHaBmK1YWH9y8uqGeG7OAkGVXegydxsXmC5cBbn4YhSoc6WK','oWliDWupWV','1',NULL,'true','2021-11-10 21:06:36','2021-11-10 21:06:36',NULL),(723,'jeanie robel ii','raymundo.paucek@example.com','$2y$10$8.AhuaHaBmK1YWH9y8uqGeG7OAkGVXegydxsXmC5cBbn4YhSoc6WK','ZQ9uaoiP8S','1',NULL,'false','2021-11-10 21:06:36','2021-11-10 21:06:36',NULL),(724,'dr. weldon witting','christiansen.rubye@example.com','$2y$10$8.AhuaHaBmK1YWH9y8uqGeG7OAkGVXegydxsXmC5cBbn4YhSoc6WK','NnlK0Om04A','1',NULL,'false','2021-11-10 21:06:36','2021-11-10 21:06:36',NULL),(725,'bette crooks','meagan.morar@example.com','$2y$10$8.AhuaHaBmK1YWH9y8uqGeG7OAkGVXegydxsXmC5cBbn4YhSoc6WK','qCWxLrQ2YL','1',NULL,'true','2021-11-10 21:06:36','2021-11-10 21:06:36',NULL),(726,'abbigail wehner','aaufderhar@example.net','$2y$10$8.AhuaHaBmK1YWH9y8uqGeG7OAkGVXegydxsXmC5cBbn4YhSoc6WK','h3wCZ8Byo2','1',NULL,'true','2021-11-10 21:06:36','2021-11-10 21:06:36',NULL),(727,'dr. reba witting','homenick.aiyana@example.org','$2y$10$8.AhuaHaBmK1YWH9y8uqGeG7OAkGVXegydxsXmC5cBbn4YhSoc6WK','aXcTQ2b53j','1',NULL,'true','2021-11-10 21:06:36','2021-11-10 21:06:36',NULL),(728,'keely hermann sr.','susana77@example.com','$2y$10$8.AhuaHaBmK1YWH9y8uqGeG7OAkGVXegydxsXmC5cBbn4YhSoc6WK','NeiWKaU0uQ','1',NULL,'true','2021-11-10 21:06:36','2021-11-10 21:06:36',NULL),(729,'werner jast','cgraham@example.com','$2y$10$8.AhuaHaBmK1YWH9y8uqGeG7OAkGVXegydxsXmC5cBbn4YhSoc6WK','1ydYpyzYGb','1',NULL,'true','2021-11-10 21:06:36','2021-11-10 21:06:36',NULL),(730,'miss elouise feil','rodrick75@example.org','$2y$10$8.AhuaHaBmK1YWH9y8uqGeG7OAkGVXegydxsXmC5cBbn4YhSoc6WK','tH7rkGsE3V','1',NULL,'true','2021-11-10 21:06:36','2021-11-10 21:06:36',NULL),(731,'mr. miller bode ii','squitzon@example.com','$2y$10$8.AhuaHaBmK1YWH9y8uqGeG7OAkGVXegydxsXmC5cBbn4YhSoc6WK','UNpj7bBtI5','1',NULL,'false','2021-11-10 21:06:36','2021-11-10 21:06:36',NULL),(732,'kiel funk','lgoyette@example.net','$2y$10$8.AhuaHaBmK1YWH9y8uqGeG7OAkGVXegydxsXmC5cBbn4YhSoc6WK','a255uYATR7','0','I8YXAYzqlUPruaBBzIVMBWeUNvxJiI3hxx5ardvQ','true','2021-11-10 21:06:36','2021-11-10 21:06:36',NULL),(733,'alysson zboncak','gaylord.franco@example.net','$2y$10$8.AhuaHaBmK1YWH9y8uqGeG7OAkGVXegydxsXmC5cBbn4YhSoc6WK','96LFPNCxOp','1',NULL,'false','2021-11-10 21:06:36','2021-11-10 21:06:36',NULL),(734,'kelli dickens','etha.schuster@example.net','$2y$10$8.AhuaHaBmK1YWH9y8uqGeG7OAkGVXegydxsXmC5cBbn4YhSoc6WK','QpnedanpY9','0','QMWRXoGoBrsVSLyN5txRPyQx3BzqAUQbMX3rVEW1','false','2021-11-10 21:06:36','2021-11-10 21:06:36',NULL),(735,'dr. garrison hickle','xkerluke@example.net','$2y$10$8.AhuaHaBmK1YWH9y8uqGeG7OAkGVXegydxsXmC5cBbn4YhSoc6WK','nLGAIZYnjI','0','toTu58CcD1RguY64Pt3n1QotO3ekHVJyYj0lkqcV','true','2021-11-10 21:06:36','2021-11-10 21:06:36',NULL),(736,'audie wolff iv','jerod11@example.org','$2y$10$8.AhuaHaBmK1YWH9y8uqGeG7OAkGVXegydxsXmC5cBbn4YhSoc6WK','sGXm36I8PU','0','Wdr6yJYngatqtSgQNeLzWzAG2Q5g6XLzmuSg1nFZ','true','2021-11-10 21:06:36','2021-11-10 21:06:36',NULL),(737,'mr. rafael senger','lokon@example.org','$2y$10$8.AhuaHaBmK1YWH9y8uqGeG7OAkGVXegydxsXmC5cBbn4YhSoc6WK','WUhdJeWvW3','0','4kLTm5UH2uBPNpL7l5qFsoQAsoQdwTGlnSlhl7hh','false','2021-11-10 21:06:36','2021-11-10 21:06:36',NULL),(738,'talia moore','homenick.luella@example.net','$2y$10$8.AhuaHaBmK1YWH9y8uqGeG7OAkGVXegydxsXmC5cBbn4YhSoc6WK','A4qXmqqbuI','0','UJIbLbZQ2u7fT61HxD0a4PShJim7xfAL7HBoVhjq','false','2021-11-10 21:06:36','2021-11-10 21:06:36',NULL),(739,'forrest wunsch','dallas31@example.net','$2y$10$8.AhuaHaBmK1YWH9y8uqGeG7OAkGVXegydxsXmC5cBbn4YhSoc6WK','SwYGv6B345','1',NULL,'false','2021-11-10 21:06:36','2021-11-10 21:06:36',NULL),(740,'florence johnston','odie.goodwin@example.net','$2y$10$8.AhuaHaBmK1YWH9y8uqGeG7OAkGVXegydxsXmC5cBbn4YhSoc6WK','gZ4D3YRWBG','1',NULL,'false','2021-11-10 21:06:36','2021-11-10 21:06:36',NULL),(741,'mr. lazaro maggio','lkutch@example.net','$2y$10$8.AhuaHaBmK1YWH9y8uqGeG7OAkGVXegydxsXmC5cBbn4YhSoc6WK','R2cf4JP4h5','0','JikOu7pQuhcDgpEPP589lKSHzwHp76DD06alWpHY','true','2021-11-10 21:06:36','2021-11-10 21:06:36',NULL),(742,'eileen zemlak','nleuschke@example.com','$2y$10$8.AhuaHaBmK1YWH9y8uqGeG7OAkGVXegydxsXmC5cBbn4YhSoc6WK','JhCtTY6uAQ','1',NULL,'true','2021-11-10 21:06:36','2021-11-10 21:06:36',NULL),(743,'dion schaden','chesley45@example.org','$2y$10$8.AhuaHaBmK1YWH9y8uqGeG7OAkGVXegydxsXmC5cBbn4YhSoc6WK','4wYOdLUypS','0','xAfT5gXoYxwZgBR8PPIPYWi4j58MDCSa39iZ6iVR','false','2021-11-10 21:06:36','2021-11-10 21:06:36',NULL),(744,'viola purdy sr.','hmaggio@example.org','$2y$10$8.AhuaHaBmK1YWH9y8uqGeG7OAkGVXegydxsXmC5cBbn4YhSoc6WK','JcAIzLH6WT','1',NULL,'false','2021-11-10 21:06:36','2021-11-10 21:06:36',NULL),(745,'velda deckow','abernathy.armand@example.net','$2y$10$8.AhuaHaBmK1YWH9y8uqGeG7OAkGVXegydxsXmC5cBbn4YhSoc6WK','PtPPSEomwy','0','GzEab0NWSxb4IZCO8eMmj2NIV625MASOtGlSE9w6','false','2021-11-10 21:06:36','2021-11-10 21:06:36',NULL),(746,'chesley lakin','cartwright.clifford@example.com','$2y$10$8.AhuaHaBmK1YWH9y8uqGeG7OAkGVXegydxsXmC5cBbn4YhSoc6WK','UgxnGB2weE','1',NULL,'false','2021-11-10 21:06:36','2021-11-10 21:06:36',NULL),(747,'macy bechtelar','blick.pasquale@example.org','$2y$10$8.AhuaHaBmK1YWH9y8uqGeG7OAkGVXegydxsXmC5cBbn4YhSoc6WK','7b1utH7AQP','1',NULL,'false','2021-11-10 21:06:36','2021-11-10 21:06:36',NULL),(748,'delphia kirlin','wilkinson.osbaldo@example.org','$2y$10$8.AhuaHaBmK1YWH9y8uqGeG7OAkGVXegydxsXmC5cBbn4YhSoc6WK','4FHJKrzYhz','1',NULL,'false','2021-11-10 21:06:36','2021-11-10 21:06:36',NULL),(749,'lolita mosciski','nhaag@example.com','$2y$10$8.AhuaHaBmK1YWH9y8uqGeG7OAkGVXegydxsXmC5cBbn4YhSoc6WK','qVkozkAfFh','0','2dJilNj0OicOQ6QUAWKu4yMLrOYQuyF12YqKDwlL','true','2021-11-10 21:06:36','2021-11-10 21:06:36',NULL),(750,'fredy zulauf','huels.burdette@example.net','$2y$10$8.AhuaHaBmK1YWH9y8uqGeG7OAkGVXegydxsXmC5cBbn4YhSoc6WK','rho8f3t6ZD','0','jNEdvaDCZ7lbQavgYrmScOxIG4OOhVrF887l4dLN','true','2021-11-10 21:06:36','2021-11-10 21:06:36',NULL),(751,'elna upton','april35@example.net','$2y$10$8.AhuaHaBmK1YWH9y8uqGeG7OAkGVXegydxsXmC5cBbn4YhSoc6WK','XH695hR3j5','0','y6YCNcNbjUAVT6azlXjxHA63kHi9DYZLdu1dM1qB','false','2021-11-10 21:06:36','2021-11-10 21:06:36',NULL),(752,'bo pouros','mohamed02@example.com','$2y$10$8.AhuaHaBmK1YWH9y8uqGeG7OAkGVXegydxsXmC5cBbn4YhSoc6WK','DPPk82oZK9','1',NULL,'true','2021-11-10 21:06:36','2021-11-10 21:06:36',NULL),(753,'madisyn runte jr.','rcrona@example.org','$2y$10$8.AhuaHaBmK1YWH9y8uqGeG7OAkGVXegydxsXmC5cBbn4YhSoc6WK','5AyNt2JUeA','0','p296pahgrgOCJ5fl8S0ByImpd4z2ZhCzWpH1Qfhn','false','2021-11-10 21:06:36','2021-11-10 21:06:36',NULL),(754,'cary davis','maiya.lakin@example.com','$2y$10$8.AhuaHaBmK1YWH9y8uqGeG7OAkGVXegydxsXmC5cBbn4YhSoc6WK','HKANIZsWar','1',NULL,'false','2021-11-10 21:06:36','2021-11-10 21:06:36',NULL),(755,'bennett boehm','osinski.carmel@example.net','$2y$10$8.AhuaHaBmK1YWH9y8uqGeG7OAkGVXegydxsXmC5cBbn4YhSoc6WK','ZBckGJaJRy','0','JDRUNKUUTwx3xAJv9b8VCyyr97XOhhUDb4ZHWulA','false','2021-11-10 21:06:36','2021-11-10 21:06:36',NULL),(756,'rafael schroeder v','gdickens@example.net','$2y$10$8.AhuaHaBmK1YWH9y8uqGeG7OAkGVXegydxsXmC5cBbn4YhSoc6WK','9KcPq7u7ZZ','0','PNaUHPovTzLTlvCbJVUn3sTLQL58jiVDA00Qtxft','false','2021-11-10 21:06:36','2021-11-10 21:06:36',NULL),(757,'alba herzog','buck.zieme@example.org','$2y$10$8.AhuaHaBmK1YWH9y8uqGeG7OAkGVXegydxsXmC5cBbn4YhSoc6WK','WpdEfNE9Lz','1',NULL,'true','2021-11-10 21:06:36','2021-11-10 21:06:36',NULL),(758,'mervin volkman','ksmith@example.net','$2y$10$8.AhuaHaBmK1YWH9y8uqGeG7OAkGVXegydxsXmC5cBbn4YhSoc6WK','1OIRuLEO9w','1',NULL,'true','2021-11-10 21:06:36','2021-11-10 21:06:36',NULL),(759,'gregory stracke','rblock@example.com','$2y$10$8.AhuaHaBmK1YWH9y8uqGeG7OAkGVXegydxsXmC5cBbn4YhSoc6WK','ePzlsXYhMN','1',NULL,'true','2021-11-10 21:06:36','2021-11-10 21:06:36',NULL),(760,'ari cormier','wstamm@example.org','$2y$10$8.AhuaHaBmK1YWH9y8uqGeG7OAkGVXegydxsXmC5cBbn4YhSoc6WK','3ySQZeCRSU','1',NULL,'false','2021-11-10 21:06:36','2021-11-10 21:06:36',NULL),(761,'alvah waelchi','ecummerata@example.net','$2y$10$8.AhuaHaBmK1YWH9y8uqGeG7OAkGVXegydxsXmC5cBbn4YhSoc6WK','cZRXdfYryU','0','5aFIL5nLLhyurttzaw5iS63ZNgm80MrtsTOCIy9m','true','2021-11-10 21:06:36','2021-11-10 21:06:36',NULL),(762,'adan stanton','uschmitt@example.org','$2y$10$8.AhuaHaBmK1YWH9y8uqGeG7OAkGVXegydxsXmC5cBbn4YhSoc6WK','wD3Rrudmcb','0','CeLhvwTNE6Q9LVoI27B2aneXsePJ3hc4HFM6km5V','true','2021-11-10 21:06:36','2021-11-10 21:06:36',NULL),(763,'abraham ondricka','uschinner@example.org','$2y$10$8.AhuaHaBmK1YWH9y8uqGeG7OAkGVXegydxsXmC5cBbn4YhSoc6WK','5OSq6O39Hk','1',NULL,'true','2021-11-10 21:06:36','2021-11-10 21:06:36',NULL),(764,'destini deckow','cathrine97@example.net','$2y$10$8.AhuaHaBmK1YWH9y8uqGeG7OAkGVXegydxsXmC5cBbn4YhSoc6WK','j2teuYMeGm','0','c4ZhiS2VBRfrxvQTpnbdKb2L5ed3S6MPXUBhExej','false','2021-11-10 21:06:36','2021-11-10 21:06:36',NULL),(765,'buford bosco md','mervin.blick@example.com','$2y$10$8.AhuaHaBmK1YWH9y8uqGeG7OAkGVXegydxsXmC5cBbn4YhSoc6WK','QZbycFYfIJ','1',NULL,'true','2021-11-10 21:06:36','2021-11-10 21:06:36',NULL),(766,'nels hane','roxanne01@example.com','$2y$10$8.AhuaHaBmK1YWH9y8uqGeG7OAkGVXegydxsXmC5cBbn4YhSoc6WK','0BTdHt8Ybj','0','9joiBQMsoSUZN7mag04LCAIG4Ivqj97bCEcwu8sE','false','2021-11-10 21:06:36','2021-11-10 21:06:36',NULL),(767,'art prohaska','cbins@example.org','$2y$10$8.AhuaHaBmK1YWH9y8uqGeG7OAkGVXegydxsXmC5cBbn4YhSoc6WK','vSOsXuZsbB','1',NULL,'false','2021-11-10 21:06:36','2021-11-10 21:06:36',NULL),(768,'queenie dietrich','efrain19@example.net','$2y$10$8.AhuaHaBmK1YWH9y8uqGeG7OAkGVXegydxsXmC5cBbn4YhSoc6WK','3EZkF7mp5d','0','txbCMwowZD85y9ugzInUldrPtjWHtdBaP0Ecj40N','false','2021-11-10 21:06:36','2021-11-10 21:06:36',NULL),(769,'justine wisoky','angelo.balistreri@example.org','$2y$10$8.AhuaHaBmK1YWH9y8uqGeG7OAkGVXegydxsXmC5cBbn4YhSoc6WK','HGeMCU6f6K','0','Tpf9qy8mIFQxC4Nc50LnzrZuakVfjtvtxe8l7WSR','false','2021-11-10 21:06:36','2021-11-10 21:06:36',NULL),(770,'queen larson','astracke@example.com','$2y$10$8.AhuaHaBmK1YWH9y8uqGeG7OAkGVXegydxsXmC5cBbn4YhSoc6WK','kAQoZSc9p7','0','WIprEFnmSgYM8cvLNet1tzMaBMBtDUALiJioHcnV','true','2021-11-10 21:06:36','2021-11-10 21:06:36',NULL),(771,'norris dach','brisa.will@example.net','$2y$10$8.AhuaHaBmK1YWH9y8uqGeG7OAkGVXegydxsXmC5cBbn4YhSoc6WK','9y0x7psEsm','0','QxT8Bvzorl6IaAHmzkQZJfqMnknguwSpBOO2Xp9e','false','2021-11-10 21:06:36','2021-11-10 21:06:36',NULL),(772,'jeanette ferry','avery.emard@example.com','$2y$10$8.AhuaHaBmK1YWH9y8uqGeG7OAkGVXegydxsXmC5cBbn4YhSoc6WK','ZOS3uy0JvY','0','m7ritSwwcfo8eZEip2nxql9Za5mYTABJmovOaRux','false','2021-11-10 21:06:36','2021-11-10 21:06:36',NULL),(773,'prof. gabriella quitzon','nader.adaline@example.net','$2y$10$8.AhuaHaBmK1YWH9y8uqGeG7OAkGVXegydxsXmC5cBbn4YhSoc6WK','DZL7L82VzX','1',NULL,'false','2021-11-10 21:06:36','2021-11-10 21:06:36',NULL),(774,'veronica johnson','raphaelle.wisozk@example.com','$2y$10$8.AhuaHaBmK1YWH9y8uqGeG7OAkGVXegydxsXmC5cBbn4YhSoc6WK','ApRuGXgxYN','0','T5dalTZ0MB7TScpBMKiHf5xZhtIyOAT7GQy7Wp3w','false','2021-11-10 21:06:36','2021-11-10 21:06:36',NULL),(775,'prof. myrtis kunze v','casper.constantin@example.org','$2y$10$8.AhuaHaBmK1YWH9y8uqGeG7OAkGVXegydxsXmC5cBbn4YhSoc6WK','eaDJ85MPMd','1',NULL,'true','2021-11-10 21:06:36','2021-11-10 21:06:36',NULL),(776,'americo mclaughlin','maurice70@example.net','$2y$10$8.AhuaHaBmK1YWH9y8uqGeG7OAkGVXegydxsXmC5cBbn4YhSoc6WK','X48dylGA4x','0','dCkzNHDburNNdDUHCzOpfTkmnB0cPY7Aa5nAfX4I','true','2021-11-10 21:06:36','2021-11-10 21:06:36',NULL),(777,'jackeline collins','king92@example.net','$2y$10$8.AhuaHaBmK1YWH9y8uqGeG7OAkGVXegydxsXmC5cBbn4YhSoc6WK','LlSElu43xC','0','iatTvnCAtiGUYiWDN81oJIKCKmuDTNKwpGzCi3hg','true','2021-11-10 21:06:36','2021-11-10 21:06:36',NULL),(778,'anastacio pollich','meagan.weimann@example.org','$2y$10$8.AhuaHaBmK1YWH9y8uqGeG7OAkGVXegydxsXmC5cBbn4YhSoc6WK','G6dYTBrgHE','0','of7EkqsC1PFuxJ9sXBsrexi6aStMoRGHi2h22ICH','true','2021-11-10 21:06:36','2021-11-10 21:06:36',NULL),(779,'luz osinski','akassulke@example.org','$2y$10$8.AhuaHaBmK1YWH9y8uqGeG7OAkGVXegydxsXmC5cBbn4YhSoc6WK','pKDQhM2FUO','1',NULL,'true','2021-11-10 21:06:36','2021-11-10 21:06:36',NULL),(780,'alize fahey','watsica.emory@example.com','$2y$10$8.AhuaHaBmK1YWH9y8uqGeG7OAkGVXegydxsXmC5cBbn4YhSoc6WK','PnXhSDKWeP','1',NULL,'true','2021-11-10 21:06:36','2021-11-10 21:06:36',NULL),(781,'prof. celine ruecker','qrohan@example.net','$2y$10$8.AhuaHaBmK1YWH9y8uqGeG7OAkGVXegydxsXmC5cBbn4YhSoc6WK','8cuPJZvsRx','0','9QYr8Wtqo7hyRMuRdz59DzB6KLrAGZMWZwveiwsX','true','2021-11-10 21:06:36','2021-11-10 21:06:36',NULL),(782,'prof. kelley little dds','avery54@example.net','$2y$10$8.AhuaHaBmK1YWH9y8uqGeG7OAkGVXegydxsXmC5cBbn4YhSoc6WK','WZimppUDVK','1',NULL,'true','2021-11-10 21:06:36','2021-11-10 21:06:36',NULL),(783,'kristian lowe','reta44@example.net','$2y$10$8.AhuaHaBmK1YWH9y8uqGeG7OAkGVXegydxsXmC5cBbn4YhSoc6WK','YloecIbpqr','1',NULL,'false','2021-11-10 21:06:36','2021-11-10 21:06:36',NULL),(784,'rosalind schmitt','sister.simonis@example.com','$2y$10$8.AhuaHaBmK1YWH9y8uqGeG7OAkGVXegydxsXmC5cBbn4YhSoc6WK','ok2Nn6AxdR','0','sLcADmr8PIywPBamOnXhtEk7yplvaix3kPv3Lsqe','false','2021-11-10 21:06:36','2021-11-10 21:06:36',NULL),(785,'edd mertz iii','asa.gleason@example.com','$2y$10$8.AhuaHaBmK1YWH9y8uqGeG7OAkGVXegydxsXmC5cBbn4YhSoc6WK','132zmyNinZ','0','XjxvIpHdVXP6W5z97Pi4GUElsjUOzGlKJTr0sLAT','false','2021-11-10 21:06:36','2021-11-10 21:06:36',NULL),(786,'kayley runte','alek87@example.org','$2y$10$8.AhuaHaBmK1YWH9y8uqGeG7OAkGVXegydxsXmC5cBbn4YhSoc6WK','T4UYD7oDkx','1',NULL,'true','2021-11-10 21:06:36','2021-11-10 21:06:36',NULL),(787,'beatrice heaney','danyka13@example.org','$2y$10$8.AhuaHaBmK1YWH9y8uqGeG7OAkGVXegydxsXmC5cBbn4YhSoc6WK','Px1pBHCOrM','1',NULL,'true','2021-11-10 21:06:36','2021-11-10 21:06:36',NULL),(788,'dawson stamm','jarret.weissnat@example.org','$2y$10$8.AhuaHaBmK1YWH9y8uqGeG7OAkGVXegydxsXmC5cBbn4YhSoc6WK','GF1yHl164s','0','jrRDlLZFW9457mrkUwpJU7W8j8my7q6aDI1f1wOS','false','2021-11-10 21:06:36','2021-11-10 21:06:36',NULL),(789,'prof. monty thompson','cbode@example.org','$2y$10$8.AhuaHaBmK1YWH9y8uqGeG7OAkGVXegydxsXmC5cBbn4YhSoc6WK','TuUgsJepFB','1',NULL,'false','2021-11-10 21:06:36','2021-11-10 21:06:36',NULL),(790,'miss giovanna zboncak dvm','breana93@example.net','$2y$10$8.AhuaHaBmK1YWH9y8uqGeG7OAkGVXegydxsXmC5cBbn4YhSoc6WK','MFEor3yUq9','1',NULL,'true','2021-11-10 21:06:36','2021-11-10 21:06:36',NULL),(791,'celestino stiedemann','alfred90@example.com','$2y$10$8.AhuaHaBmK1YWH9y8uqGeG7OAkGVXegydxsXmC5cBbn4YhSoc6WK','EMKQhMYWDT','0','S6gBK1VkIMzhty79vVorvGRnFQgaptxsIHiEwsnD','true','2021-11-10 21:06:36','2021-11-10 21:06:36',NULL),(792,'estefania lindgren','ziemann.adelia@example.org','$2y$10$8.AhuaHaBmK1YWH9y8uqGeG7OAkGVXegydxsXmC5cBbn4YhSoc6WK','HSpx4B3jLZ','0','ZQYDfaiUJ31kb9xyTiADGKcp0laaNYYNQSJYbGoE','true','2021-11-10 21:06:36','2021-11-10 21:06:36',NULL),(793,'dr. mathew goyette','lindsay.tillman@example.org','$2y$10$8.AhuaHaBmK1YWH9y8uqGeG7OAkGVXegydxsXmC5cBbn4YhSoc6WK','wSR6spjumD','0','P3g7MWA59Ro5RRjM0rvj4GYtEDaammFZF30rPQOo','false','2021-11-10 21:06:36','2021-11-10 21:06:36',NULL),(794,'mattie stoltenberg','angelica.schamberger@example.com','$2y$10$8.AhuaHaBmK1YWH9y8uqGeG7OAkGVXegydxsXmC5cBbn4YhSoc6WK','UtFVCq5Qyy','0','FmKP8Amn13X6ICBVwRaE2r4nx8Ex6NHmrJG88kvO','false','2021-11-10 21:06:36','2021-11-10 21:06:36',NULL),(795,'dr. nyah hagenes sr.','sanford.christiansen@example.org','$2y$10$8.AhuaHaBmK1YWH9y8uqGeG7OAkGVXegydxsXmC5cBbn4YhSoc6WK','vUnyJ3GeK4','1',NULL,'false','2021-11-10 21:06:36','2021-11-10 21:06:36',NULL),(796,'mayra bergstrom ii','faustino.ankunding@example.org','$2y$10$8.AhuaHaBmK1YWH9y8uqGeG7OAkGVXegydxsXmC5cBbn4YhSoc6WK','kjeHfKbcZ0','1',NULL,'false','2021-11-10 21:06:36','2021-11-10 21:06:36',NULL),(797,'elyssa haley','gcorwin@example.net','$2y$10$8.AhuaHaBmK1YWH9y8uqGeG7OAkGVXegydxsXmC5cBbn4YhSoc6WK','ERSp6j6hco','1',NULL,'true','2021-11-10 21:06:36','2021-11-10 21:06:36',NULL),(798,'prof. augustine fritsch','shuels@example.net','$2y$10$8.AhuaHaBmK1YWH9y8uqGeG7OAkGVXegydxsXmC5cBbn4YhSoc6WK','BpKe8q6bKX','0','Vo4MG8zfhuUlGFZJXAsNkZG5sJuxYZbmJsRmHioa','true','2021-11-10 21:06:36','2021-11-10 21:06:36',NULL),(799,'leland mcdermott','cbailey@example.org','$2y$10$8.AhuaHaBmK1YWH9y8uqGeG7OAkGVXegydxsXmC5cBbn4YhSoc6WK','X7UI3Xmb1v','0','ont4Yu5S0A3BtypjOBXmyVhyg8qzEX6Oi6dlsFM7','true','2021-11-10 21:06:36','2021-11-10 21:06:36',NULL),(800,'prof. dolly braun','nicholaus07@example.org','$2y$10$8.AhuaHaBmK1YWH9y8uqGeG7OAkGVXegydxsXmC5cBbn4YhSoc6WK','Lu7uzhrn4u','0','hy6jGSMk0rnqHKhton5mR3Fk3CYcpc86f3L19egf','true','2021-11-10 21:06:36','2021-11-10 21:06:36',NULL),(801,'ms. francisca kihn ii','andre.graham@example.com','$2y$10$8.AhuaHaBmK1YWH9y8uqGeG7OAkGVXegydxsXmC5cBbn4YhSoc6WK','hF364hPIYa','1',NULL,'true','2021-11-10 21:06:36','2021-11-10 21:06:36',NULL),(802,'miss marlee schmidt','kavon10@example.net','$2y$10$8.AhuaHaBmK1YWH9y8uqGeG7OAkGVXegydxsXmC5cBbn4YhSoc6WK','DOsNyu7T4f','0','82LPsRea58C7pBIHIFsSXrGCfLlXdDhnk7FZJsJI','false','2021-11-10 21:06:36','2021-11-10 21:06:36',NULL),(803,'rae adams','rzulauf@example.com','$2y$10$8.AhuaHaBmK1YWH9y8uqGeG7OAkGVXegydxsXmC5cBbn4YhSoc6WK','OtUXYq3gLa','0','gmnXFc3tJZib12BmgdiVLQKVlyAJOP1F0SQGtjtT','true','2021-11-10 21:06:36','2021-11-10 21:06:36',NULL),(804,'deanna thiel phd','christelle.kling@example.net','$2y$10$8.AhuaHaBmK1YWH9y8uqGeG7OAkGVXegydxsXmC5cBbn4YhSoc6WK','RV74xgqOfp','0','usHufyWq2ibzRSplLdhrYUbvKDYbwNPx3YmCVgSR','false','2021-11-10 21:06:36','2021-11-10 21:06:36',NULL),(805,'lauryn tremblay','lionel21@example.net','$2y$10$8.AhuaHaBmK1YWH9y8uqGeG7OAkGVXegydxsXmC5cBbn4YhSoc6WK','G36y6tIaye','1',NULL,'false','2021-11-10 21:06:36','2021-11-10 21:06:36',NULL),(806,'alejandrin gleason v','flavie07@example.org','$2y$10$8.AhuaHaBmK1YWH9y8uqGeG7OAkGVXegydxsXmC5cBbn4YhSoc6WK','YPdKbGmKOb','1',NULL,'true','2021-11-10 21:06:36','2021-11-10 21:06:36',NULL),(807,'kylee hintz','clarissa.abernathy@example.org','$2y$10$8.AhuaHaBmK1YWH9y8uqGeG7OAkGVXegydxsXmC5cBbn4YhSoc6WK','VoQXjWkUdj','1',NULL,'true','2021-11-10 21:06:36','2021-11-10 21:06:36',NULL),(808,'olen legros','murphy.cora@example.com','$2y$10$8.AhuaHaBmK1YWH9y8uqGeG7OAkGVXegydxsXmC5cBbn4YhSoc6WK','IKiQp0Eelq','0','RrVfk5GYy0mJuLgig67RVAfPWoY2OUPCsTONf25K','true','2021-11-10 21:06:36','2021-11-10 21:06:36',NULL),(809,'nicholas dickens iii','rempel.rachael@example.org','$2y$10$8.AhuaHaBmK1YWH9y8uqGeG7OAkGVXegydxsXmC5cBbn4YhSoc6WK','diQvLz4F6u','0','IGudQqJJdDmvAbDzHyjVN9BHwARHxZV9mpawnesY','false','2021-11-10 21:06:36','2021-11-10 21:06:36',NULL),(810,'julio kuvalis sr.','langosh.herminio@example.net','$2y$10$8.AhuaHaBmK1YWH9y8uqGeG7OAkGVXegydxsXmC5cBbn4YhSoc6WK','d1z4adCy6d','0','G7FcMLVlAbZJyN15ePzC0yvEHzIDTsvyxRwxLZdO','true','2021-11-10 21:06:36','2021-11-10 21:06:36',NULL),(811,'dr. eva harvey i','jakayla24@example.com','$2y$10$8.AhuaHaBmK1YWH9y8uqGeG7OAkGVXegydxsXmC5cBbn4YhSoc6WK','qM0drMTKMe','0','KiAeQFdd5ceY12XSFQyORATNj0Okfzbb4rGHkJ8c','true','2021-11-10 21:06:36','2021-11-10 21:06:36',NULL),(812,'ms. audreanne stark sr.','harvey.bernita@example.net','$2y$10$8.AhuaHaBmK1YWH9y8uqGeG7OAkGVXegydxsXmC5cBbn4YhSoc6WK','Z1RFjhPhoZ','0','DXo2nhMxsMcuSheGthymgsfUmTBBnc8Z5wdc1sVP','false','2021-11-10 21:06:36','2021-11-10 21:06:36',NULL),(813,'dortha bailey','jeffrey.macejkovic@example.com','$2y$10$8.AhuaHaBmK1YWH9y8uqGeG7OAkGVXegydxsXmC5cBbn4YhSoc6WK','6O3D31uTSu','1',NULL,'true','2021-11-10 21:06:36','2021-11-10 21:06:36',NULL),(814,'conrad wunsch','rodger66@example.org','$2y$10$8.AhuaHaBmK1YWH9y8uqGeG7OAkGVXegydxsXmC5cBbn4YhSoc6WK','ghKDRGWBna','1',NULL,'true','2021-11-10 21:06:36','2021-11-10 21:06:36',NULL),(815,'nels rempel','rodolfo.mitchell@example.net','$2y$10$8.AhuaHaBmK1YWH9y8uqGeG7OAkGVXegydxsXmC5cBbn4YhSoc6WK','H09rHQXlf8','1',NULL,'false','2021-11-10 21:06:36','2021-11-10 21:06:36',NULL),(816,'dejuan nader dvm','chammes@example.com','$2y$10$8.AhuaHaBmK1YWH9y8uqGeG7OAkGVXegydxsXmC5cBbn4YhSoc6WK','htPI1UBCnS','0','2nFgssUxKpYEgi1DP1SVg8iflWwykb3juIBRZZ3I','false','2021-11-10 21:06:36','2021-11-10 21:06:36',NULL),(817,'andrew nader','tyrel.schuppe@example.org','$2y$10$8.AhuaHaBmK1YWH9y8uqGeG7OAkGVXegydxsXmC5cBbn4YhSoc6WK','Fve0vvqJN8','0','MoxphxbIpMXJlc1W4oFUd4weZUK9vZmmrBpUsv13','true','2021-11-10 21:06:36','2021-11-10 21:06:36',NULL),(818,'katlynn wyman md','annalise.johns@example.com','$2y$10$8.AhuaHaBmK1YWH9y8uqGeG7OAkGVXegydxsXmC5cBbn4YhSoc6WK','vdaVLZOpeX','0','aN5YurimSCPwLJCh1kDHoWNtA6ZsSbsgHxYVD0Om','false','2021-11-10 21:06:36','2021-11-10 21:06:36',NULL),(819,'trent goodwin','vsimonis@example.net','$2y$10$8.AhuaHaBmK1YWH9y8uqGeG7OAkGVXegydxsXmC5cBbn4YhSoc6WK','tzvLjJtzfb','1',NULL,'true','2021-11-10 21:06:36','2021-11-10 21:06:36',NULL),(820,'dr. lilly botsford','jacobson.princess@example.org','$2y$10$8.AhuaHaBmK1YWH9y8uqGeG7OAkGVXegydxsXmC5cBbn4YhSoc6WK','TNFq3BzWq1','1',NULL,'true','2021-11-10 21:06:36','2021-11-10 21:06:36',NULL),(821,'marietta macejkovic','chase33@example.net','$2y$10$8.AhuaHaBmK1YWH9y8uqGeG7OAkGVXegydxsXmC5cBbn4YhSoc6WK','uGjb51iEKd','1',NULL,'true','2021-11-10 21:06:36','2021-11-10 21:06:36',NULL),(822,'estevan bruen','pernser@example.com','$2y$10$8.AhuaHaBmK1YWH9y8uqGeG7OAkGVXegydxsXmC5cBbn4YhSoc6WK','OcN3GI954P','1',NULL,'true','2021-11-10 21:06:36','2021-11-10 21:06:36',NULL),(823,'dr. carroll botsford iii','tromp.chad@example.com','$2y$10$8.AhuaHaBmK1YWH9y8uqGeG7OAkGVXegydxsXmC5cBbn4YhSoc6WK','FEwd7kxTts','1',NULL,'false','2021-11-10 21:06:36','2021-11-10 21:06:36',NULL),(824,'prof. blake casper','schulist.jaunita@example.net','$2y$10$8.AhuaHaBmK1YWH9y8uqGeG7OAkGVXegydxsXmC5cBbn4YhSoc6WK','6b05E9HsiN','1',NULL,'false','2021-11-10 21:06:36','2021-11-10 21:06:36',NULL),(825,'pablo mohr','hbalistreri@example.com','$2y$10$8.AhuaHaBmK1YWH9y8uqGeG7OAkGVXegydxsXmC5cBbn4YhSoc6WK','hEJ2ULkJAV','1',NULL,'false','2021-11-10 21:06:36','2021-11-10 21:06:36',NULL),(826,'mr. darrel cummerata i','vgusikowski@example.net','$2y$10$8.AhuaHaBmK1YWH9y8uqGeG7OAkGVXegydxsXmC5cBbn4YhSoc6WK','bpxMTBjx4Y','1',NULL,'true','2021-11-10 21:06:36','2021-11-10 21:06:36',NULL),(827,'miss josiane eichmann','jerrell06@example.com','$2y$10$8.AhuaHaBmK1YWH9y8uqGeG7OAkGVXegydxsXmC5cBbn4YhSoc6WK','0mftkgqpvd','1',NULL,'false','2021-11-10 21:06:36','2021-11-10 21:06:36',NULL),(828,'leonor lockman','gutkowski.emma@example.net','$2y$10$8.AhuaHaBmK1YWH9y8uqGeG7OAkGVXegydxsXmC5cBbn4YhSoc6WK','BAXjgMROOF','1',NULL,'false','2021-11-10 21:06:36','2021-11-10 21:06:36',NULL),(829,'mr. frederik prohaska dds','hershel.cronin@example.net','$2y$10$8.AhuaHaBmK1YWH9y8uqGeG7OAkGVXegydxsXmC5cBbn4YhSoc6WK','I6yMC7Ix4L','1',NULL,'false','2021-11-10 21:06:36','2021-11-10 21:06:36',NULL),(830,'telly ryan','lowe.marietta@example.org','$2y$10$8.AhuaHaBmK1YWH9y8uqGeG7OAkGVXegydxsXmC5cBbn4YhSoc6WK','u3cCPegrhq','0','oyMDY0ZGydYmR1lzL7l4T4wIa9X9jx9gZioEyQsg','false','2021-11-10 21:06:36','2021-11-10 21:06:36',NULL),(831,'garry bogan','stiedemann.carmela@example.com','$2y$10$8.AhuaHaBmK1YWH9y8uqGeG7OAkGVXegydxsXmC5cBbn4YhSoc6WK','OS3hYkProl','1',NULL,'true','2021-11-10 21:06:36','2021-11-10 21:06:36',NULL),(832,'pete hermiston','wpowlowski@example.net','$2y$10$8.AhuaHaBmK1YWH9y8uqGeG7OAkGVXegydxsXmC5cBbn4YhSoc6WK','lDbbv1hTNy','0','ghufHFMySdiahCHQxqY8TCANkenOkoiGWvDrSpsw','true','2021-11-10 21:06:36','2021-11-10 21:06:36',NULL),(833,'zion gerhold md','kylee.sauer@example.org','$2y$10$8.AhuaHaBmK1YWH9y8uqGeG7OAkGVXegydxsXmC5cBbn4YhSoc6WK','f8AKt2CRFK','0','WByXWMccx63djuKfy8h4odvloXsKxbsd1b6S4zHy','false','2021-11-10 21:06:36','2021-11-10 21:06:36',NULL),(834,'jeanette mills dvm','sammy.kuvalis@example.net','$2y$10$8.AhuaHaBmK1YWH9y8uqGeG7OAkGVXegydxsXmC5cBbn4YhSoc6WK','hxTr4UsZME','1',NULL,'true','2021-11-10 21:06:36','2021-11-10 21:06:36',NULL),(835,'adelbert kilback','walker.harold@example.com','$2y$10$8.AhuaHaBmK1YWH9y8uqGeG7OAkGVXegydxsXmC5cBbn4YhSoc6WK','iuxnp1miTl','0','7WHzKIvw03qMrPJwD4NRUFSrAJOdsrdAnrpUbNcN','true','2021-11-10 21:06:36','2021-11-10 21:06:36',NULL),(836,'prof. archibald walsh sr.','jerad19@example.com','$2y$10$8.AhuaHaBmK1YWH9y8uqGeG7OAkGVXegydxsXmC5cBbn4YhSoc6WK','dpdQybgpNK','1',NULL,'false','2021-11-10 21:06:36','2021-11-10 21:06:36',NULL),(837,'garett farrell','ladarius.bahringer@example.org','$2y$10$8.AhuaHaBmK1YWH9y8uqGeG7OAkGVXegydxsXmC5cBbn4YhSoc6WK','S3fi9zGZiI','0','4EJZIgBTIWc3J11LEGemEi97sEZnq2w110usvRd1','false','2021-11-10 21:06:36','2021-11-10 21:06:36',NULL),(838,'jasmin schmeler ii','clotilde62@example.org','$2y$10$8.AhuaHaBmK1YWH9y8uqGeG7OAkGVXegydxsXmC5cBbn4YhSoc6WK','o30q6tW5eG','1',NULL,'false','2021-11-10 21:06:36','2021-11-10 21:06:36',NULL),(839,'piper stroman dvm','khill@example.net','$2y$10$8.AhuaHaBmK1YWH9y8uqGeG7OAkGVXegydxsXmC5cBbn4YhSoc6WK','BiYwFDoBmS','1',NULL,'true','2021-11-10 21:06:36','2021-11-10 21:06:36',NULL),(840,'ms. brisa green jr.','vickie77@example.com','$2y$10$8.AhuaHaBmK1YWH9y8uqGeG7OAkGVXegydxsXmC5cBbn4YhSoc6WK','5K06IXahVp','1',NULL,'true','2021-11-10 21:06:36','2021-11-10 21:06:36',NULL),(841,'josefa cummings','tlowe@example.net','$2y$10$8.AhuaHaBmK1YWH9y8uqGeG7OAkGVXegydxsXmC5cBbn4YhSoc6WK','K2cPdamaOh','0','fABkmArmqQ9MEQPmhWkhWc5svJcILlIUlAVbp9bC','false','2021-11-10 21:06:36','2021-11-10 21:06:36',NULL),(842,'ferne bartoletti','auer.fletcher@example.net','$2y$10$8.AhuaHaBmK1YWH9y8uqGeG7OAkGVXegydxsXmC5cBbn4YhSoc6WK','eLEfnGHaCd','0','aooCCEzx3kIQcRzWgRw9wAloozGwMpCaT7MJL035','false','2021-11-10 21:06:36','2021-11-10 21:06:36',NULL),(843,'christy bogisich i','hmccullough@example.org','$2y$10$8.AhuaHaBmK1YWH9y8uqGeG7OAkGVXegydxsXmC5cBbn4YhSoc6WK','tZ1HC75Dw0','0','OKGJUE7n0tcPTuNTcoN0aSkjF28B6mrc0qr8qQSy','true','2021-11-10 21:06:36','2021-11-10 21:06:36',NULL),(844,'jacynthe spencer','volkman.leopold@example.org','$2y$10$8.AhuaHaBmK1YWH9y8uqGeG7OAkGVXegydxsXmC5cBbn4YhSoc6WK','rAd6EaT09G','0','eFQdP6Vlman9swyrkgG7RAQzGXM76vHCydaM4tlB','false','2021-11-10 21:06:36','2021-11-10 21:06:36',NULL),(845,'johnson dare','marjolaine.okuneva@example.com','$2y$10$8.AhuaHaBmK1YWH9y8uqGeG7OAkGVXegydxsXmC5cBbn4YhSoc6WK','ru0mpj0Vyl','1',NULL,'true','2021-11-10 21:06:36','2021-11-10 21:06:36',NULL),(846,'mr. nat pacocha','selmer.rath@example.org','$2y$10$8.AhuaHaBmK1YWH9y8uqGeG7OAkGVXegydxsXmC5cBbn4YhSoc6WK','ESuwFho4Mo','1',NULL,'false','2021-11-10 21:06:36','2021-11-10 21:06:36',NULL),(847,'dr. annalise keebler','torphy.monserrat@example.net','$2y$10$8.AhuaHaBmK1YWH9y8uqGeG7OAkGVXegydxsXmC5cBbn4YhSoc6WK','pIuDxdSmIC','1',NULL,'false','2021-11-10 21:06:36','2021-11-10 21:06:36',NULL),(848,'amiya powlowski iv','rgreen@example.org','$2y$10$8.AhuaHaBmK1YWH9y8uqGeG7OAkGVXegydxsXmC5cBbn4YhSoc6WK','rRAbXRCgT0','1',NULL,'true','2021-11-10 21:06:36','2021-11-10 21:06:36',NULL),(849,'michael adams','annabell.shanahan@example.com','$2y$10$8.AhuaHaBmK1YWH9y8uqGeG7OAkGVXegydxsXmC5cBbn4YhSoc6WK','3rLVNRNG5M','0','WRyZ2gs1bD0A8cqdPfcsUkn6kCZU7dbIdPCFp6KG','true','2021-11-10 21:06:36','2021-11-10 21:06:36',NULL),(850,'amanda roberts iv','geraldine.wehner@example.org','$2y$10$8.AhuaHaBmK1YWH9y8uqGeG7OAkGVXegydxsXmC5cBbn4YhSoc6WK','njz4AouxqT','1',NULL,'true','2021-11-10 21:06:36','2021-11-10 21:06:36',NULL),(851,'ms. sarina graham','delmer.dibbert@example.net','$2y$10$8.AhuaHaBmK1YWH9y8uqGeG7OAkGVXegydxsXmC5cBbn4YhSoc6WK','PyVHPq6gKl','1',NULL,'true','2021-11-10 21:06:36','2021-11-10 21:06:36',NULL),(852,'laura bechtelar','kaelyn.rohan@example.com','$2y$10$8.AhuaHaBmK1YWH9y8uqGeG7OAkGVXegydxsXmC5cBbn4YhSoc6WK','FKvkcuqR1d','1',NULL,'false','2021-11-10 21:06:36','2021-11-10 21:06:36',NULL),(853,'edwina toy','camylle.kerluke@example.org','$2y$10$8.AhuaHaBmK1YWH9y8uqGeG7OAkGVXegydxsXmC5cBbn4YhSoc6WK','Iwr5MvUo1P','1',NULL,'true','2021-11-10 21:06:36','2021-11-10 21:06:36',NULL),(854,'gerard barrows','benedict76@example.org','$2y$10$8.AhuaHaBmK1YWH9y8uqGeG7OAkGVXegydxsXmC5cBbn4YhSoc6WK','5FFoF3jAap','0','U68d4RuJx2ZH2ABhDjrdyB4Nf0RN7arjjrlltI3G','true','2021-11-10 21:06:36','2021-11-10 21:06:36',NULL),(855,'prof. karlie kozey jr.','jhand@example.com','$2y$10$8.AhuaHaBmK1YWH9y8uqGeG7OAkGVXegydxsXmC5cBbn4YhSoc6WK','jDd1jnagad','1',NULL,'true','2021-11-10 21:06:36','2021-11-10 21:06:36',NULL),(856,'annetta feil iii','bauch.lambert@example.org','$2y$10$8.AhuaHaBmK1YWH9y8uqGeG7OAkGVXegydxsXmC5cBbn4YhSoc6WK','2nJFeGCMwu','0','YPDcmDkEYnGst4iEtQ7ACvG3v0LEeZLhmTGxMwMm','false','2021-11-10 21:06:36','2021-11-10 21:06:36',NULL),(857,'elody leannon jr.','konopelski.loyce@example.com','$2y$10$8.AhuaHaBmK1YWH9y8uqGeG7OAkGVXegydxsXmC5cBbn4YhSoc6WK','BxTlHeFssk','1',NULL,'true','2021-11-10 21:06:36','2021-11-10 21:06:36',NULL),(858,'dr. jamil cummerata v','carolyn47@example.org','$2y$10$8.AhuaHaBmK1YWH9y8uqGeG7OAkGVXegydxsXmC5cBbn4YhSoc6WK','9axjNFnZ33','1',NULL,'true','2021-11-10 21:06:36','2021-11-10 21:06:36',NULL),(859,'leo schoen','luther.klein@example.com','$2y$10$8.AhuaHaBmK1YWH9y8uqGeG7OAkGVXegydxsXmC5cBbn4YhSoc6WK','1ZtTO9Vq1T','0','drO8VpQlrJpXoVVSoIIKJuj9LkBWpv3aV6fAbuHJ','false','2021-11-10 21:06:36','2021-11-10 21:06:36',NULL),(860,'dr. jane ortiz','haven25@example.org','$2y$10$8.AhuaHaBmK1YWH9y8uqGeG7OAkGVXegydxsXmC5cBbn4YhSoc6WK','uS5N8jLh1p','1',NULL,'true','2021-11-10 21:06:36','2021-11-10 21:06:36',NULL),(861,'aleen renner','nannie.vandervort@example.org','$2y$10$8.AhuaHaBmK1YWH9y8uqGeG7OAkGVXegydxsXmC5cBbn4YhSoc6WK','ZFXVob2sOh','0','bo7KvbBKwQEZbbXiXxlUWqQVENtzcHtrysj6shuv','true','2021-11-10 21:06:36','2021-11-10 21:06:36',NULL),(862,'dorothy mayert','peyton.tillman@example.com','$2y$10$8.AhuaHaBmK1YWH9y8uqGeG7OAkGVXegydxsXmC5cBbn4YhSoc6WK','Cmu3GPSs6a','1',NULL,'true','2021-11-10 21:06:36','2021-11-10 21:06:36',NULL),(863,'mr. titus abbott ii','breichel@example.com','$2y$10$8.AhuaHaBmK1YWH9y8uqGeG7OAkGVXegydxsXmC5cBbn4YhSoc6WK','MpfLGqzp8p','0','koJmaLSW8Rq100oXZVhQuXw8NAVJsSLCcWuoMwnl','false','2021-11-10 21:06:36','2021-11-10 21:06:36',NULL),(864,'delilah reynolds','block.nathanial@example.com','$2y$10$8.AhuaHaBmK1YWH9y8uqGeG7OAkGVXegydxsXmC5cBbn4YhSoc6WK','KCSrZCXGMy','1',NULL,'false','2021-11-10 21:06:36','2021-11-10 21:06:36',NULL),(865,'dr. delmer welch','whills@example.net','$2y$10$8.AhuaHaBmK1YWH9y8uqGeG7OAkGVXegydxsXmC5cBbn4YhSoc6WK','hBd9CsRbXB','1',NULL,'false','2021-11-10 21:06:36','2021-11-10 21:06:36',NULL),(866,'edyth o\'kon','gutmann.wilbert@example.com','$2y$10$8.AhuaHaBmK1YWH9y8uqGeG7OAkGVXegydxsXmC5cBbn4YhSoc6WK','3P1ymNEzcO','1',NULL,'false','2021-11-10 21:06:36','2021-11-10 21:06:36',NULL),(867,'dandre gerlach','kelton70@example.org','$2y$10$8.AhuaHaBmK1YWH9y8uqGeG7OAkGVXegydxsXmC5cBbn4YhSoc6WK','yHc0rfO7ji','0','OzVZsy7AdyYvYwFzyfaR1yfm6yYQKBMvQtsp3hQc','true','2021-11-10 21:06:36','2021-11-10 21:06:36',NULL),(868,'jaylon fritsch','qzboncak@example.com','$2y$10$8.AhuaHaBmK1YWH9y8uqGeG7OAkGVXegydxsXmC5cBbn4YhSoc6WK','iAzDNbkYz7','1',NULL,'true','2021-11-10 21:06:36','2021-11-10 21:06:36',NULL),(869,'mrs. dina ortiz ii','oswaldo17@example.org','$2y$10$8.AhuaHaBmK1YWH9y8uqGeG7OAkGVXegydxsXmC5cBbn4YhSoc6WK','1S7SOLxctT','0','CLqSSMOUvwFhquS0PJRCHwx4oF2mukJoSOJZJRQY','true','2021-11-10 21:06:36','2021-11-10 21:06:36',NULL),(870,'juvenal miller','schaefer.maryse@example.org','$2y$10$8.AhuaHaBmK1YWH9y8uqGeG7OAkGVXegydxsXmC5cBbn4YhSoc6WK','DnD7PBEs1r','1',NULL,'true','2021-11-10 21:06:36','2021-11-10 21:06:36',NULL),(871,'nina breitenberg','dkulas@example.org','$2y$10$8.AhuaHaBmK1YWH9y8uqGeG7OAkGVXegydxsXmC5cBbn4YhSoc6WK','171cLlZNKE','0','eAoFD3o7J1psImRWAEBMmEtndJg2N7mWhvJCoK6E','false','2021-11-10 21:06:36','2021-11-10 21:06:36',NULL),(872,'bartholome ortiz','king84@example.net','$2y$10$8.AhuaHaBmK1YWH9y8uqGeG7OAkGVXegydxsXmC5cBbn4YhSoc6WK','6agTL1rgGi','1',NULL,'false','2021-11-10 21:06:36','2021-11-10 21:06:36',NULL),(873,'janet satterfield dvm','edgar47@example.net','$2y$10$8.AhuaHaBmK1YWH9y8uqGeG7OAkGVXegydxsXmC5cBbn4YhSoc6WK','liBk9aLE2h','0','lG8n2wxH29BrtV4oqTgKktyM50EAY859etgTZlug','false','2021-11-10 21:06:36','2021-11-10 21:06:36',NULL),(874,'dr. gudrun blanda','schneider.grant@example.net','$2y$10$8.AhuaHaBmK1YWH9y8uqGeG7OAkGVXegydxsXmC5cBbn4YhSoc6WK','mt731JeUP6','1',NULL,'true','2021-11-10 21:06:36','2021-11-10 21:06:36',NULL),(875,'marisol monahan ii','conn.jerald@example.com','$2y$10$8.AhuaHaBmK1YWH9y8uqGeG7OAkGVXegydxsXmC5cBbn4YhSoc6WK','Kw9STrQCbB','0','qc847awZSCrD9JoHfYypE59a0PChKJmgAC5EhPIh','false','2021-11-10 21:06:36','2021-11-10 21:06:36',NULL),(876,'lorine dare md','ashton99@example.net','$2y$10$8.AhuaHaBmK1YWH9y8uqGeG7OAkGVXegydxsXmC5cBbn4YhSoc6WK','yoItKFR675','0','Mx1O9vWri92PCdDzSgNWrDy5iIclKIH9mvULjUGt','false','2021-11-10 21:06:36','2021-11-10 21:06:36',NULL),(877,'sarina bahringer md','lon.auer@example.net','$2y$10$8.AhuaHaBmK1YWH9y8uqGeG7OAkGVXegydxsXmC5cBbn4YhSoc6WK','RxW9rr2xm9','1',NULL,'false','2021-11-10 21:06:36','2021-11-10 21:06:36',NULL),(878,'troy kunze','sroberts@example.com','$2y$10$8.AhuaHaBmK1YWH9y8uqGeG7OAkGVXegydxsXmC5cBbn4YhSoc6WK','HgWStax302','1',NULL,'true','2021-11-10 21:06:36','2021-11-10 21:06:36',NULL),(879,'dr. abraham hammes jr.','harvey.kelvin@example.org','$2y$10$8.AhuaHaBmK1YWH9y8uqGeG7OAkGVXegydxsXmC5cBbn4YhSoc6WK','WVR3Zb4HKD','0','CwwR29PJit6JficGdZMH5VuGlYxlT9adYPag9NLB','true','2021-11-10 21:06:36','2021-11-10 21:06:36',NULL),(880,'mr. fredy howe iv','tiffany27@example.com','$2y$10$8.AhuaHaBmK1YWH9y8uqGeG7OAkGVXegydxsXmC5cBbn4YhSoc6WK','PQXr3ap92j','0','M73u2GejDakb7MMX52kWluIx1TlzDmCpDOFQq6IT','true','2021-11-10 21:06:36','2021-11-10 21:06:36',NULL),(881,'gilberto kozey','demetrius.lueilwitz@example.net','$2y$10$8.AhuaHaBmK1YWH9y8uqGeG7OAkGVXegydxsXmC5cBbn4YhSoc6WK','xiSrYz7Em9','1',NULL,'true','2021-11-10 21:06:36','2021-11-10 21:06:36',NULL),(882,'daryl moen','wbreitenberg@example.org','$2y$10$8.AhuaHaBmK1YWH9y8uqGeG7OAkGVXegydxsXmC5cBbn4YhSoc6WK','TmG86jgJQI','1',NULL,'false','2021-11-10 21:06:36','2021-11-10 21:06:36',NULL),(883,'miss dawn trantow','weber.gardner@example.com','$2y$10$8.AhuaHaBmK1YWH9y8uqGeG7OAkGVXegydxsXmC5cBbn4YhSoc6WK','GLp6oSAsUm','1',NULL,'false','2021-11-10 21:06:36','2021-11-10 21:06:36',NULL),(884,'darrel shields','golda.kuhlman@example.com','$2y$10$8.AhuaHaBmK1YWH9y8uqGeG7OAkGVXegydxsXmC5cBbn4YhSoc6WK','6aTSg3d6JM','0','wpuMdPls8T8oFxZMl7rSfqcXHeQcd6UdMaP7dvpF','false','2021-11-10 21:06:36','2021-11-10 21:06:36',NULL),(885,'lavinia christiansen','xgleason@example.com','$2y$10$8.AhuaHaBmK1YWH9y8uqGeG7OAkGVXegydxsXmC5cBbn4YhSoc6WK','dt7NdI4yN2','1',NULL,'true','2021-11-10 21:06:36','2021-11-10 21:06:36',NULL),(886,'mr. eino kohler','mwisoky@example.org','$2y$10$8.AhuaHaBmK1YWH9y8uqGeG7OAkGVXegydxsXmC5cBbn4YhSoc6WK','ZmHzJPDtK7','1',NULL,'true','2021-11-10 21:06:36','2021-11-10 21:06:36',NULL),(887,'thalia ferry','robel.humberto@example.com','$2y$10$8.AhuaHaBmK1YWH9y8uqGeG7OAkGVXegydxsXmC5cBbn4YhSoc6WK','yEvGGbLbZa','0','EyQp8sXwOVg1Uj5azaF5fSV1VLDxgfk5pR0ZnZIA','true','2021-11-10 21:06:36','2021-11-10 21:06:36',NULL),(888,'crystel smith','paula.sipes@example.com','$2y$10$8.AhuaHaBmK1YWH9y8uqGeG7OAkGVXegydxsXmC5cBbn4YhSoc6WK','3acaeoUpV7','1',NULL,'true','2021-11-10 21:06:36','2021-11-10 21:06:36',NULL),(889,'prof. ocie hammes','anita.fahey@example.com','$2y$10$8.AhuaHaBmK1YWH9y8uqGeG7OAkGVXegydxsXmC5cBbn4YhSoc6WK','d9gZewvuuk','1',NULL,'false','2021-11-10 21:06:36','2021-11-10 21:06:36',NULL),(890,'jeffry price','bcorwin@example.com','$2y$10$8.AhuaHaBmK1YWH9y8uqGeG7OAkGVXegydxsXmC5cBbn4YhSoc6WK','MdE2PbBBsW','0','dlwz3LEpou2b9HilQikGFsfXW9MGKGCpfJqJG9VI','false','2021-11-10 21:06:36','2021-11-10 21:06:36',NULL),(891,'mrs. jazmyn kutch','leuschke.pedro@example.com','$2y$10$8.AhuaHaBmK1YWH9y8uqGeG7OAkGVXegydxsXmC5cBbn4YhSoc6WK','QTG1dXjvoc','0','zYYFU0SRT73NvNw3UJsf63mW5V0NXFX9zPbyVOo4','false','2021-11-10 21:06:36','2021-11-10 21:06:36',NULL),(892,'dr. osbaldo predovic iii','mraynor@example.com','$2y$10$8.AhuaHaBmK1YWH9y8uqGeG7OAkGVXegydxsXmC5cBbn4YhSoc6WK','cvKeApbgq4','0','OCfipM9nO0v88AhD7H4HDDEtak5Axx7kXlm9Cg9g','false','2021-11-10 21:06:36','2021-11-10 21:06:36',NULL),(893,'teresa hintz','bailey.kelsi@example.com','$2y$10$8.AhuaHaBmK1YWH9y8uqGeG7OAkGVXegydxsXmC5cBbn4YhSoc6WK','7MswYsQDve','1',NULL,'false','2021-11-10 21:06:36','2021-11-10 21:06:36',NULL),(894,'anabelle daugherty','becker.ignatius@example.net','$2y$10$8.AhuaHaBmK1YWH9y8uqGeG7OAkGVXegydxsXmC5cBbn4YhSoc6WK','MKPEbAnIvY','1',NULL,'false','2021-11-10 21:06:36','2021-11-10 21:06:36',NULL),(895,'chadrick littel','urban.moen@example.net','$2y$10$8.AhuaHaBmK1YWH9y8uqGeG7OAkGVXegydxsXmC5cBbn4YhSoc6WK','PEZfTiQZQn','1',NULL,'true','2021-11-10 21:06:36','2021-11-10 21:06:36',NULL),(896,'carrie feil','tkreiger@example.net','$2y$10$8.AhuaHaBmK1YWH9y8uqGeG7OAkGVXegydxsXmC5cBbn4YhSoc6WK','ylk0ubBmtX','1',NULL,'false','2021-11-10 21:06:36','2021-11-10 21:06:36',NULL),(897,'dr. irwin sanford phd','melvin.mertz@example.net','$2y$10$8.AhuaHaBmK1YWH9y8uqGeG7OAkGVXegydxsXmC5cBbn4YhSoc6WK','CtacaWlvTx','1',NULL,'true','2021-11-10 21:06:36','2021-11-10 21:06:36',NULL),(898,'doyle koepp','mohara@example.net','$2y$10$8.AhuaHaBmK1YWH9y8uqGeG7OAkGVXegydxsXmC5cBbn4YhSoc6WK','oqSxParnV9','1',NULL,'true','2021-11-10 21:06:36','2021-11-10 21:06:36',NULL),(899,'juwan little','lowe.lisa@example.net','$2y$10$8.AhuaHaBmK1YWH9y8uqGeG7OAkGVXegydxsXmC5cBbn4YhSoc6WK','7ol9xX4LUe','0','zDLn0pireuUvmLoFO7TMZoI9OGHfQnmitAZw2HGH','true','2021-11-10 21:06:36','2021-11-10 21:06:36',NULL),(900,'kelton sporer','duane.kuhn@example.com','$2y$10$8.AhuaHaBmK1YWH9y8uqGeG7OAkGVXegydxsXmC5cBbn4YhSoc6WK','itVcDzosRc','0','LI0BuAvxlCnBPShqMdJ4E94B9oaNgMjscqWNhMGz','false','2021-11-10 21:06:36','2021-11-10 21:06:36',NULL),(901,'misael dickens jr.','pagac.miles@example.net','$2y$10$8.AhuaHaBmK1YWH9y8uqGeG7OAkGVXegydxsXmC5cBbn4YhSoc6WK','UMXHk8qHMO','0','Ssi2Vg59gi07NuAGdGuGMtjOBA1oxggZVywkMpHV','false','2021-11-10 21:06:36','2021-11-10 21:06:36',NULL),(902,'marcelo king','joe.mccullough@example.net','$2y$10$8.AhuaHaBmK1YWH9y8uqGeG7OAkGVXegydxsXmC5cBbn4YhSoc6WK','pYX93EzUVs','0','OJ4mRGPlBpSAAkFRCwkuXRvZb4v9XM2dKjEtCub0','true','2021-11-10 21:06:36','2021-11-10 21:06:36',NULL),(903,'anna von','white.liliana@example.org','$2y$10$8.AhuaHaBmK1YWH9y8uqGeG7OAkGVXegydxsXmC5cBbn4YhSoc6WK','YDA0ZPjsai','1',NULL,'false','2021-11-10 21:06:36','2021-11-10 21:06:36',NULL),(904,'dr. jan jacobson jr.','estrella.emmerich@example.net','$2y$10$8.AhuaHaBmK1YWH9y8uqGeG7OAkGVXegydxsXmC5cBbn4YhSoc6WK','mexuMDJmZg','1',NULL,'true','2021-11-10 21:06:36','2021-11-10 21:06:36',NULL),(905,'ethyl kutch jr.','klakin@example.net','$2y$10$8.AhuaHaBmK1YWH9y8uqGeG7OAkGVXegydxsXmC5cBbn4YhSoc6WK','rb6Zexf0Z4','0','cuuAQDjlKIh2MtgHigAW3XpOdoulocYl4y4pS24l','true','2021-11-10 21:06:36','2021-11-10 21:06:36',NULL),(906,'prof. ally von iii','stiedemann.katelynn@example.org','$2y$10$8.AhuaHaBmK1YWH9y8uqGeG7OAkGVXegydxsXmC5cBbn4YhSoc6WK','wrDUG3KsC3','0','mL7tSD40jwlj5nRhLcpzSwYLE67PN0qIHoFFcZkM','false','2021-11-10 21:06:36','2021-11-10 21:06:36',NULL),(907,'maximo harvey','rodriguez.tavares@example.com','$2y$10$8.AhuaHaBmK1YWH9y8uqGeG7OAkGVXegydxsXmC5cBbn4YhSoc6WK','SOtRS0u1F9','0','A8zSarQfJZHfU1C0F1SSfAKqJcCqiA2Mq2cxc20X','false','2021-11-10 21:06:36','2021-11-10 21:06:36',NULL),(908,'schuyler ratke','jarrett.heaney@example.com','$2y$10$8.AhuaHaBmK1YWH9y8uqGeG7OAkGVXegydxsXmC5cBbn4YhSoc6WK','9HKh0PNqV7','0','GfH4Z3wjxYEMdl0KDkogfJE8IjOCe4Msnvm3W0dk','false','2021-11-10 21:06:36','2021-11-10 21:06:36',NULL),(909,'celia tromp','rowe.estevan@example.org','$2y$10$8.AhuaHaBmK1YWH9y8uqGeG7OAkGVXegydxsXmC5cBbn4YhSoc6WK','1FW8DHXXMw','1',NULL,'false','2021-11-10 21:06:36','2021-11-10 21:06:36',NULL),(910,'jarod grady','omosciski@example.org','$2y$10$8.AhuaHaBmK1YWH9y8uqGeG7OAkGVXegydxsXmC5cBbn4YhSoc6WK','inbx4UmNkS','1',NULL,'true','2021-11-10 21:06:36','2021-11-10 21:06:36',NULL),(911,'prof. martine hoppe','coby.robel@example.net','$2y$10$8.AhuaHaBmK1YWH9y8uqGeG7OAkGVXegydxsXmC5cBbn4YhSoc6WK','3IYXz3fvqk','1',NULL,'false','2021-11-10 21:06:36','2021-11-10 21:06:36',NULL),(912,'jannie eichmann','nienow.annamae@example.net','$2y$10$8.AhuaHaBmK1YWH9y8uqGeG7OAkGVXegydxsXmC5cBbn4YhSoc6WK','YVlnycylbp','1',NULL,'true','2021-11-10 21:06:36','2021-11-10 21:06:36',NULL),(913,'prof. dax labadie','vbecker@example.com','$2y$10$8.AhuaHaBmK1YWH9y8uqGeG7OAkGVXegydxsXmC5cBbn4YhSoc6WK','55ErymlPqm','1',NULL,'true','2021-11-10 21:06:36','2021-11-10 21:06:36',NULL),(914,'shaylee quigley','adonnelly@example.org','$2y$10$8.AhuaHaBmK1YWH9y8uqGeG7OAkGVXegydxsXmC5cBbn4YhSoc6WK','n5jWJuRnl1','0','3m3mPJ63QwxlT0cYVQwpcqWiRNJrgc0YtsIVWrMr','true','2021-11-10 21:06:36','2021-11-10 21:06:36',NULL),(915,'darryl donnelly','leilani57@example.org','$2y$10$8.AhuaHaBmK1YWH9y8uqGeG7OAkGVXegydxsXmC5cBbn4YhSoc6WK','DfCuyS4K2H','0','ivv9nGurp7yJbKk98o7h8FAYNl2IGsoQhDfESiBy','false','2021-11-10 21:06:36','2021-11-10 21:06:36',NULL),(916,'baby weissnat','justine25@example.net','$2y$10$8.AhuaHaBmK1YWH9y8uqGeG7OAkGVXegydxsXmC5cBbn4YhSoc6WK','T5ninIa7GU','0','XZZv0KFYoPvujE3pOQVM1sL5TFw85J3JLoeVSq4K','false','2021-11-10 21:06:36','2021-11-10 21:06:36',NULL),(917,'wava hegmann','pullrich@example.com','$2y$10$8.AhuaHaBmK1YWH9y8uqGeG7OAkGVXegydxsXmC5cBbn4YhSoc6WK','OTNUrmzGhx','1',NULL,'true','2021-11-10 21:06:36','2021-11-10 21:06:36',NULL),(918,'marcella koss','vfritsch@example.net','$2y$10$8.AhuaHaBmK1YWH9y8uqGeG7OAkGVXegydxsXmC5cBbn4YhSoc6WK','QAZy2I3Zvc','0','5rmaEGU4pBS8rsHDojO3lzfg9irgV7RkXfRbW6A2','false','2021-11-10 21:06:36','2021-11-10 21:06:36',NULL),(919,'dr. reece nienow','tommie.torp@example.net','$2y$10$8.AhuaHaBmK1YWH9y8uqGeG7OAkGVXegydxsXmC5cBbn4YhSoc6WK','9uYioatd3o','1',NULL,'false','2021-11-10 21:06:36','2021-11-10 21:06:36',NULL),(920,'miss dolores mante','andre74@example.com','$2y$10$8.AhuaHaBmK1YWH9y8uqGeG7OAkGVXegydxsXmC5cBbn4YhSoc6WK','Pmx15irL6N','1',NULL,'false','2021-11-10 21:06:36','2021-11-10 21:06:36',NULL),(921,'johnathan weimann','hermiston.ilene@example.com','$2y$10$8.AhuaHaBmK1YWH9y8uqGeG7OAkGVXegydxsXmC5cBbn4YhSoc6WK','rnYLyHnSf3','0','XDlWUWtzdiwZVyNuoLTNBnFxAMQUoamqeHpaaClA','true','2021-11-10 21:06:36','2021-11-10 21:06:36',NULL),(922,'darrick runolfsdottir iv','jett.wisoky@example.net','$2y$10$8.AhuaHaBmK1YWH9y8uqGeG7OAkGVXegydxsXmC5cBbn4YhSoc6WK','bZUjJqnkZu','0','9sIWBBZh06jWbCsk9w3oo70GDz3EWP22tnHoehgS','true','2021-11-10 21:06:36','2021-11-10 21:06:36',NULL),(923,'myah mosciski','georgette.beer@example.net','$2y$10$8.AhuaHaBmK1YWH9y8uqGeG7OAkGVXegydxsXmC5cBbn4YhSoc6WK','Prh9vHfF7e','0','8Yz1m59CCbkXM8RPJarRcevzZ3BPYvmswAzgfhlL','true','2021-11-10 21:06:36','2021-11-10 21:06:36',NULL),(924,'miss adelia gislason ii','cicero20@example.org','$2y$10$8.AhuaHaBmK1YWH9y8uqGeG7OAkGVXegydxsXmC5cBbn4YhSoc6WK','HEMK59gkAz','0','FRLxF9UWHYpqn7wXtvno2JgAgsnuujmGDEYT9J4S','true','2021-11-10 21:06:36','2021-11-10 21:06:36',NULL),(925,'milford mcdermott dvm','ikihn@example.net','$2y$10$8.AhuaHaBmK1YWH9y8uqGeG7OAkGVXegydxsXmC5cBbn4YhSoc6WK','2aF72VtIW6','0','wGYfBLeOWn6rlqEtNmK4QyX4UVq8jEIrLPX7ODyY','false','2021-11-10 21:06:36','2021-11-10 21:06:36',NULL),(926,'gavin anderson','twuckert@example.net','$2y$10$8.AhuaHaBmK1YWH9y8uqGeG7OAkGVXegydxsXmC5cBbn4YhSoc6WK','DcYWDCE73G','0','SavuKd2PLEkZqyeUUfZEsJlFEHJMb4FDzfmTq6zD','false','2021-11-10 21:06:36','2021-11-10 21:06:36',NULL),(927,'prof. charity lowe','oconner.pearlie@example.net','$2y$10$8.AhuaHaBmK1YWH9y8uqGeG7OAkGVXegydxsXmC5cBbn4YhSoc6WK','2CPpw9zS8P','0','Mh3nf69jEWVNFTuhy29WZwpOMsRNtxS1mOvgydyM','true','2021-11-10 21:06:36','2021-11-10 21:06:36',NULL),(928,'jacinthe wuckert','hkihn@example.net','$2y$10$8.AhuaHaBmK1YWH9y8uqGeG7OAkGVXegydxsXmC5cBbn4YhSoc6WK','CqakbbN4HX','0','3oo7DfaR9apMh9swkX3XaJyhqCuvJ4qmwc8z2nrM','false','2021-11-10 21:06:36','2021-11-10 21:06:36',NULL),(929,'helen daugherty sr.','wlynch@example.org','$2y$10$8.AhuaHaBmK1YWH9y8uqGeG7OAkGVXegydxsXmC5cBbn4YhSoc6WK','ygQt5FBLtf','1',NULL,'true','2021-11-10 21:06:36','2021-11-10 21:06:36',NULL),(930,'jerrell collier','mandy.green@example.com','$2y$10$8.AhuaHaBmK1YWH9y8uqGeG7OAkGVXegydxsXmC5cBbn4YhSoc6WK','MjUCHY10X2','1',NULL,'true','2021-11-10 21:06:36','2021-11-10 21:06:36',NULL),(931,'john nitzsche sr.','gfriesen@example.org','$2y$10$8.AhuaHaBmK1YWH9y8uqGeG7OAkGVXegydxsXmC5cBbn4YhSoc6WK','g3orzdrpp3','1',NULL,'false','2021-11-10 21:06:36','2021-11-10 21:06:36',NULL),(932,'prof. rex bashirian','marks.rolando@example.net','$2y$10$8.AhuaHaBmK1YWH9y8uqGeG7OAkGVXegydxsXmC5cBbn4YhSoc6WK','SCV8Wocg9G','1',NULL,'true','2021-11-10 21:06:36','2021-11-10 21:06:36',NULL),(933,'derick erdman','ondricka.jerome@example.net','$2y$10$8.AhuaHaBmK1YWH9y8uqGeG7OAkGVXegydxsXmC5cBbn4YhSoc6WK','jGtLMkTFge','1',NULL,'true','2021-11-10 21:06:36','2021-11-10 21:06:36',NULL),(934,'sylvia haley','lkoelpin@example.net','$2y$10$8.AhuaHaBmK1YWH9y8uqGeG7OAkGVXegydxsXmC5cBbn4YhSoc6WK','HUWZSnZ25X','1',NULL,'true','2021-11-10 21:06:36','2021-11-10 21:06:36',NULL),(935,'dr. dereck boyer jr.','spinka.cyril@example.com','$2y$10$8.AhuaHaBmK1YWH9y8uqGeG7OAkGVXegydxsXmC5cBbn4YhSoc6WK','MjV9PGXU5o','1',NULL,'false','2021-11-10 21:06:36','2021-11-10 21:06:36',NULL),(936,'jed lindgren','eladio70@example.org','$2y$10$8.AhuaHaBmK1YWH9y8uqGeG7OAkGVXegydxsXmC5cBbn4YhSoc6WK','IyGUjLkAJf','1',NULL,'false','2021-11-10 21:06:36','2021-11-10 21:06:36',NULL),(937,'lyda hessel','curt.larson@example.net','$2y$10$8.AhuaHaBmK1YWH9y8uqGeG7OAkGVXegydxsXmC5cBbn4YhSoc6WK','GNIOxQjk8l','1',NULL,'false','2021-11-10 21:06:36','2021-11-10 21:06:36',NULL),(938,'mrs. beverly brakus','akirlin@example.com','$2y$10$8.AhuaHaBmK1YWH9y8uqGeG7OAkGVXegydxsXmC5cBbn4YhSoc6WK','vLCZMCsXHD','0','wHJ83kWIW5dLDGncsV59gpuuhr3026VAqcUMe2PT','true','2021-11-10 21:06:36','2021-11-10 21:06:36',NULL),(939,'vladimir pouros v','gupton@example.com','$2y$10$8.AhuaHaBmK1YWH9y8uqGeG7OAkGVXegydxsXmC5cBbn4YhSoc6WK','jYY8h6uUQz','1',NULL,'true','2021-11-10 21:06:36','2021-11-10 21:06:36',NULL),(940,'devin hauck i','sallie52@example.net','$2y$10$8.AhuaHaBmK1YWH9y8uqGeG7OAkGVXegydxsXmC5cBbn4YhSoc6WK','wo4Ec6N0py','0','6UeOYwCTL3TlQZNX0WesT9GItfK99QQH7LfYODU1','false','2021-11-10 21:06:36','2021-11-10 21:06:36',NULL),(941,'aric rempel','dale67@example.com','$2y$10$8.AhuaHaBmK1YWH9y8uqGeG7OAkGVXegydxsXmC5cBbn4YhSoc6WK','HnT8ude5yI','0','F2dSf8wajri3sCFe4modKEKW64A3iXqbEQW7ReCD','true','2021-11-10 21:06:36','2021-11-10 21:06:36',NULL),(942,'douglas rutherford','lance83@example.org','$2y$10$8.AhuaHaBmK1YWH9y8uqGeG7OAkGVXegydxsXmC5cBbn4YhSoc6WK','9vCkNrHq44','1',NULL,'true','2021-11-10 21:06:36','2021-11-10 21:06:36',NULL),(943,'marquise zieme','reinhold25@example.net','$2y$10$8.AhuaHaBmK1YWH9y8uqGeG7OAkGVXegydxsXmC5cBbn4YhSoc6WK','QqA9YbKmLq','1',NULL,'false','2021-11-10 21:06:36','2021-11-10 21:06:36',NULL),(944,'dr. richmond kris','xkunze@example.org','$2y$10$8.AhuaHaBmK1YWH9y8uqGeG7OAkGVXegydxsXmC5cBbn4YhSoc6WK','KskMwvL6VV','0','KImQYZEsgdGR6dPAiaGvb7yWIrah8wNWZw9ImfE3','true','2021-11-10 21:06:36','2021-11-10 21:06:36',NULL),(945,'dariana schuster','promaguera@example.org','$2y$10$8.AhuaHaBmK1YWH9y8uqGeG7OAkGVXegydxsXmC5cBbn4YhSoc6WK','PVXGbGwkUZ','0','xGDWIpgJdEErpKPxrCFCJOXn7RoY0wMqoXNYkC2A','false','2021-11-10 21:06:36','2021-11-10 21:06:36',NULL),(946,'brock walter','duane53@example.org','$2y$10$8.AhuaHaBmK1YWH9y8uqGeG7OAkGVXegydxsXmC5cBbn4YhSoc6WK','TylbSLNsXF','1',NULL,'true','2021-11-10 21:06:36','2021-11-10 21:06:36',NULL),(947,'elvis von','schultz.nelle@example.com','$2y$10$8.AhuaHaBmK1YWH9y8uqGeG7OAkGVXegydxsXmC5cBbn4YhSoc6WK','Go6OwCgSFk','0','C7WD17AkxitQAmD5NnklEme1vTs7WMPn5YJIgLrr','true','2021-11-10 21:06:36','2021-11-10 21:06:36',NULL),(948,'dena senger','jayden.denesik@example.org','$2y$10$8.AhuaHaBmK1YWH9y8uqGeG7OAkGVXegydxsXmC5cBbn4YhSoc6WK','QLLdAtE3So','1',NULL,'false','2021-11-10 21:06:36','2021-11-10 21:06:36',NULL),(949,'kyler will','ckreiger@example.net','$2y$10$8.AhuaHaBmK1YWH9y8uqGeG7OAkGVXegydxsXmC5cBbn4YhSoc6WK','uAYcbDUna3','0','9FJFIWFSmplwqkJ3Wg2X0SXmtSksvzwY2L8Yf9yb','false','2021-11-10 21:06:36','2021-11-10 21:06:36',NULL),(950,'mr. jaime hettinger','auer.gabriel@example.com','$2y$10$8.AhuaHaBmK1YWH9y8uqGeG7OAkGVXegydxsXmC5cBbn4YhSoc6WK','L1FT8Jguge','1',NULL,'true','2021-11-10 21:06:36','2021-11-10 21:06:36',NULL),(951,'leila becker','barrows.mariane@example.net','$2y$10$8.AhuaHaBmK1YWH9y8uqGeG7OAkGVXegydxsXmC5cBbn4YhSoc6WK','mUhEd2MA5S','0','dqr4Ph3LPq3XpFmtxx7pOxbrtDkYdQRcZdrcAwoA','false','2021-11-10 21:06:36','2021-11-10 21:06:36',NULL),(952,'dena balistreri','druecker@example.com','$2y$10$8.AhuaHaBmK1YWH9y8uqGeG7OAkGVXegydxsXmC5cBbn4YhSoc6WK','Hrq1dy2udR','1',NULL,'false','2021-11-10 21:06:36','2021-11-10 21:06:36',NULL),(953,'hannah olson','garfield66@example.net','$2y$10$8.AhuaHaBmK1YWH9y8uqGeG7OAkGVXegydxsXmC5cBbn4YhSoc6WK','Yrnviaiqx4','0','trX0ISdXavxHV0ybrrxI4CouuAdAlPKLRKDhCXnB','true','2021-11-10 21:06:36','2021-11-10 21:06:36',NULL),(954,'dr. kole hermiston','ioreilly@example.org','$2y$10$8.AhuaHaBmK1YWH9y8uqGeG7OAkGVXegydxsXmC5cBbn4YhSoc6WK','EKhCkzeQZl','0','kKhN8MOubK4NATudKuTjRhKLFRSHPXZk4mZqvkty','true','2021-11-10 21:06:36','2021-11-10 21:06:36',NULL),(955,'jameson ledner iii','ischneider@example.net','$2y$10$8.AhuaHaBmK1YWH9y8uqGeG7OAkGVXegydxsXmC5cBbn4YhSoc6WK','Xfp1igpmBJ','0','gF69q7EZ2p0d1IFBj3a52Fs2vQYwZjr3jcjnZQrt','true','2021-11-10 21:06:36','2021-11-10 21:06:36',NULL),(956,'fermin sawayn','larson.billie@example.org','$2y$10$8.AhuaHaBmK1YWH9y8uqGeG7OAkGVXegydxsXmC5cBbn4YhSoc6WK','aBmGd5p2v5','1',NULL,'true','2021-11-10 21:06:36','2021-11-10 21:06:36',NULL),(957,'tobin schowalter','olga26@example.com','$2y$10$8.AhuaHaBmK1YWH9y8uqGeG7OAkGVXegydxsXmC5cBbn4YhSoc6WK','KsXjF29I65','1',NULL,'true','2021-11-10 21:06:36','2021-11-10 21:06:36',NULL),(958,'adaline lindgren','leopoldo.heathcote@example.com','$2y$10$8.AhuaHaBmK1YWH9y8uqGeG7OAkGVXegydxsXmC5cBbn4YhSoc6WK','f4WKAeKfcL','1',NULL,'true','2021-11-10 21:06:36','2021-11-10 21:06:36',NULL),(959,'gerda satterfield','orpha.lueilwitz@example.net','$2y$10$8.AhuaHaBmK1YWH9y8uqGeG7OAkGVXegydxsXmC5cBbn4YhSoc6WK','HovD3Jg7r2','0','oc9wfWgIx3QEDIrjWAsvKUcJ7nMAGwIGG1sWdBON','true','2021-11-10 21:06:36','2021-11-10 21:06:36',NULL),(960,'miss bernice lemke','schneider.frank@example.net','$2y$10$8.AhuaHaBmK1YWH9y8uqGeG7OAkGVXegydxsXmC5cBbn4YhSoc6WK','QN91TmBR2e','0','fn0QYB0xNsDAGVMyCXclF4giJIDR8xMqDhSCE2K6','false','2021-11-10 21:06:36','2021-11-10 21:06:36',NULL),(961,'clint turner ii','juvenal.swift@example.org','$2y$10$8.AhuaHaBmK1YWH9y8uqGeG7OAkGVXegydxsXmC5cBbn4YhSoc6WK','TONhhGXwPd','1',NULL,'true','2021-11-10 21:06:36','2021-11-10 21:06:36',NULL),(962,'ms. bonita cruickshank dds','iward@example.net','$2y$10$8.AhuaHaBmK1YWH9y8uqGeG7OAkGVXegydxsXmC5cBbn4YhSoc6WK','556JSxqxpM','1',NULL,'false','2021-11-10 21:06:36','2021-11-10 21:06:36',NULL),(963,'dr. isaias von','fhoeger@example.com','$2y$10$8.AhuaHaBmK1YWH9y8uqGeG7OAkGVXegydxsXmC5cBbn4YhSoc6WK','x1okpVVLMF','1',NULL,'true','2021-11-10 21:06:36','2021-11-10 21:06:36',NULL),(964,'raheem grant','lue36@example.com','$2y$10$8.AhuaHaBmK1YWH9y8uqGeG7OAkGVXegydxsXmC5cBbn4YhSoc6WK','zMrgjRtsou','1',NULL,'true','2021-11-10 21:06:36','2021-11-10 21:06:36',NULL),(965,'berniece kuhic i','cecelia.ziemann@example.com','$2y$10$8.AhuaHaBmK1YWH9y8uqGeG7OAkGVXegydxsXmC5cBbn4YhSoc6WK','Q5ZDlb7bmZ','1',NULL,'true','2021-11-10 21:06:36','2021-11-10 21:06:36',NULL),(966,'hans johnson ii','ayana.crooks@example.org','$2y$10$8.AhuaHaBmK1YWH9y8uqGeG7OAkGVXegydxsXmC5cBbn4YhSoc6WK','rfcI3NLaLf','0','SQeWztQozqoCbzzFLQwQU2JxJ1BnTJHyqws2EUqx','false','2021-11-10 21:06:36','2021-11-10 21:06:36',NULL),(967,'orrin o\'hara','helene81@example.org','$2y$10$8.AhuaHaBmK1YWH9y8uqGeG7OAkGVXegydxsXmC5cBbn4YhSoc6WK','c6u1A9HLO8','0','99LN710L6duKSZCgi9Vz4zMMpirhTvk8pa8B5DQc','false','2021-11-10 21:06:36','2021-11-10 21:06:36',NULL),(968,'van ziemann jr.','heaney.miller@example.com','$2y$10$8.AhuaHaBmK1YWH9y8uqGeG7OAkGVXegydxsXmC5cBbn4YhSoc6WK','jEJp5E4Kxm','1',NULL,'true','2021-11-10 21:06:36','2021-11-10 21:06:36',NULL),(969,'sonya abshire','okuneva.fay@example.net','$2y$10$8.AhuaHaBmK1YWH9y8uqGeG7OAkGVXegydxsXmC5cBbn4YhSoc6WK','Yns2VrDAsC','0','HE6iMYI7viKVlXwZ3CLiRX5o7iGNSU32Yg9kOsgW','false','2021-11-10 21:06:36','2021-11-10 21:06:36',NULL),(970,'rosanna quitzon','maiya83@example.com','$2y$10$8.AhuaHaBmK1YWH9y8uqGeG7OAkGVXegydxsXmC5cBbn4YhSoc6WK','oVDghzyDEW','0','1DnVItBDyyCf9hLoiPyICoClsSrGDHc2LNQ5ww6P','true','2021-11-10 21:06:36','2021-11-10 21:06:36',NULL),(971,'philip mills','jbartell@example.com','$2y$10$8.AhuaHaBmK1YWH9y8uqGeG7OAkGVXegydxsXmC5cBbn4YhSoc6WK','EKqNglCgh4','0','EbgZSEvzWZG0nQX51quJ50wC5Q1VZBpCOabUQY77','true','2021-11-10 21:06:36','2021-11-10 21:06:36',NULL),(972,'elton boyer','dhettinger@example.net','$2y$10$8.AhuaHaBmK1YWH9y8uqGeG7OAkGVXegydxsXmC5cBbn4YhSoc6WK','Yr0o74v3FU','0','gN6G4QNEN3GoaEcp8H8YEi5B2jJ7aFnfPUIxHaWo','false','2021-11-10 21:06:36','2021-11-10 21:06:36',NULL),(973,'abbigail kautzer phd','stehr.reyna@example.com','$2y$10$8.AhuaHaBmK1YWH9y8uqGeG7OAkGVXegydxsXmC5cBbn4YhSoc6WK','Efv0vfMyCP','1',NULL,'false','2021-11-10 21:06:36','2021-11-10 21:06:36',NULL),(974,'isidro strosin','scassin@example.org','$2y$10$8.AhuaHaBmK1YWH9y8uqGeG7OAkGVXegydxsXmC5cBbn4YhSoc6WK','SsbGmVGahA','1',NULL,'false','2021-11-10 21:06:36','2021-11-10 21:06:36',NULL),(975,'dr. jerad prohaska dds','carrie.buckridge@example.net','$2y$10$8.AhuaHaBmK1YWH9y8uqGeG7OAkGVXegydxsXmC5cBbn4YhSoc6WK','c6iHsWreD5','0','L4KiKmIBlV214y64P0sVVyQSYaFOhwHinWUuvIW1','true','2021-11-10 21:06:36','2021-11-10 21:06:36',NULL),(976,'rhoda moen','oyost@example.net','$2y$10$8.AhuaHaBmK1YWH9y8uqGeG7OAkGVXegydxsXmC5cBbn4YhSoc6WK','4qnOBfiEwh','0','87HupMpogMzqOjFwqmu81xEgvO9jUYkPx1vbNuBW','false','2021-11-10 21:06:36','2021-11-10 21:06:36',NULL),(977,'katelyn brown','crooks.michale@example.net','$2y$10$8.AhuaHaBmK1YWH9y8uqGeG7OAkGVXegydxsXmC5cBbn4YhSoc6WK','KK7kwvLXIB','0','quLc6g9nUUMDaoBRJUvNmgiyXaeLYsoLJkluJUIn','false','2021-11-10 21:06:36','2021-11-10 21:06:36',NULL),(978,'dr. giovanni gibson iv','lew.wehner@example.org','$2y$10$8.AhuaHaBmK1YWH9y8uqGeG7OAkGVXegydxsXmC5cBbn4YhSoc6WK','zPoy0s8fNP','0','Ec2r387zKoBFCDCd1SGe1I3GDIXjgrxoK9ZRfbCv','false','2021-11-10 21:06:36','2021-11-10 21:06:36',NULL),(979,'prof. corbin auer i','kiehn.sabryna@example.com','$2y$10$8.AhuaHaBmK1YWH9y8uqGeG7OAkGVXegydxsXmC5cBbn4YhSoc6WK','uTJrA2IouT','0','ppbmiG20rcLj4YXxfL19T1bPFAdWUxvZWIdR4jHd','true','2021-11-10 21:06:36','2021-11-10 21:06:36',NULL),(980,'vincenzo harvey','fkiehn@example.net','$2y$10$8.AhuaHaBmK1YWH9y8uqGeG7OAkGVXegydxsXmC5cBbn4YhSoc6WK','JrEBNGIiv1','0','Qj6ozWDWqaKbkdg5U0UTC8yEMEx3aAA2deRHiNQp','false','2021-11-10 21:06:36','2021-11-10 21:06:36',NULL),(981,'mrs. patsy nolan','dare.ocie@example.com','$2y$10$8.AhuaHaBmK1YWH9y8uqGeG7OAkGVXegydxsXmC5cBbn4YhSoc6WK','41QubccAmB','1',NULL,'false','2021-11-10 21:06:36','2021-11-10 21:06:36',NULL),(982,'alfreda goodwin','ankunding.sidney@example.com','$2y$10$8.AhuaHaBmK1YWH9y8uqGeG7OAkGVXegydxsXmC5cBbn4YhSoc6WK','2L3fsiddwZ','0','cvnqeSfBxEOrPKqgVux7deEZdpzSyxbnRlD3M4cw','true','2021-11-10 21:06:36','2021-11-10 21:06:36',NULL),(983,'heaven flatley','jayson50@example.org','$2y$10$8.AhuaHaBmK1YWH9y8uqGeG7OAkGVXegydxsXmC5cBbn4YhSoc6WK','gCdDaY2tcA','0','veZLDETSrgUBWJeHgS5mEZr1xpvMLOfe9bgf35zg','true','2021-11-10 21:06:36','2021-11-10 21:06:36',NULL),(984,'otha upton','damore.nasir@example.net','$2y$10$8.AhuaHaBmK1YWH9y8uqGeG7OAkGVXegydxsXmC5cBbn4YhSoc6WK','xoF0FEMZ01','1',NULL,'false','2021-11-10 21:06:36','2021-11-10 21:06:36',NULL),(985,'tabitha bashirian','paucek.leonardo@example.org','$2y$10$8.AhuaHaBmK1YWH9y8uqGeG7OAkGVXegydxsXmC5cBbn4YhSoc6WK','tA0BytjpQE','0','A9EyyLoDmETzmJL1aieGcOZ2slC0M2mfEoIhW7q8','true','2021-11-10 21:06:36','2021-11-10 21:06:36',NULL),(986,'mrs. marilyne o\'hara iii','murphy.carlo@example.com','$2y$10$8.AhuaHaBmK1YWH9y8uqGeG7OAkGVXegydxsXmC5cBbn4YhSoc6WK','NnWgeyIOF4','0','NRnC2ct706XnvD84Z0tnD4MwKoc2CYsFDqyFz3rC','false','2021-11-10 21:06:36','2021-11-10 21:06:36',NULL),(987,'prof. dagmar beer','wayne96@example.com','$2y$10$8.AhuaHaBmK1YWH9y8uqGeG7OAkGVXegydxsXmC5cBbn4YhSoc6WK','8TDXf7UPqh','0','CpS333cFEJlGP2zxxYFoITiEem5yBjuoOfSwELs8','true','2021-11-10 21:06:36','2021-11-10 21:06:36',NULL),(988,'prof. renee cassin phd','neal.stiedemann@example.com','$2y$10$8.AhuaHaBmK1YWH9y8uqGeG7OAkGVXegydxsXmC5cBbn4YhSoc6WK','QRcKNuMsyS','0','UpVzHjIdmAb6QoYQXjGmqGPIQWhlnfv2eWWNUt7P','true','2021-11-10 21:06:36','2021-11-10 21:06:36',NULL),(989,'harvey dare','mlemke@example.net','$2y$10$8.AhuaHaBmK1YWH9y8uqGeG7OAkGVXegydxsXmC5cBbn4YhSoc6WK','bSDtuYl3jK','0','YWBzpJHBKQof536HXh2ZNH6YjuJGPGRjlyxsFBrn','false','2021-11-10 21:06:36','2021-11-10 21:06:36',NULL),(990,'alec jaskolski','foberbrunner@example.org','$2y$10$8.AhuaHaBmK1YWH9y8uqGeG7OAkGVXegydxsXmC5cBbn4YhSoc6WK','R2zxPMeRAk','0','8sbbELaNR0W9MBrcAQtNecS5W4MG3bj72lM5cFEg','false','2021-11-10 21:06:36','2021-11-10 21:06:36',NULL),(991,'nikolas breitenberg','camron.west@example.org','$2y$10$8.AhuaHaBmK1YWH9y8uqGeG7OAkGVXegydxsXmC5cBbn4YhSoc6WK','onyBfe7kwi','1',NULL,'false','2021-11-10 21:06:36','2021-11-10 21:06:36',NULL),(992,'otis ziemann','maye.barton@example.com','$2y$10$8.AhuaHaBmK1YWH9y8uqGeG7OAkGVXegydxsXmC5cBbn4YhSoc6WK','lOjazZTO70','1',NULL,'false','2021-11-10 21:06:36','2021-11-10 21:06:36',NULL),(993,'randy schuppe','jasen.gulgowski@example.com','$2y$10$8.AhuaHaBmK1YWH9y8uqGeG7OAkGVXegydxsXmC5cBbn4YhSoc6WK','iz6DCC8Eft','0','MTR1JS88eQCL0xAx7nCmwUKihsUoqJeoCBeWLwSG','false','2021-11-10 21:06:36','2021-11-10 21:06:36',NULL),(994,'johnathon howe','gregorio01@example.org','$2y$10$8.AhuaHaBmK1YWH9y8uqGeG7OAkGVXegydxsXmC5cBbn4YhSoc6WK','y3bvjfsyoe','0','MNBWutoEtLL7wnmOYM5KZ9aqo4QhLuzlZzRmKmu2','true','2021-11-10 21:06:36','2021-11-10 21:06:36',NULL),(995,'cora wisozk','laurel.denesik@example.com','$2y$10$8.AhuaHaBmK1YWH9y8uqGeG7OAkGVXegydxsXmC5cBbn4YhSoc6WK','tK8jq51wt7','0','RdIOXCmPCns04uPsepEM25itYhiOyj3bFBSX35Ya','true','2021-11-10 21:06:36','2021-11-10 21:06:36',NULL),(996,'mr. izaiah pfeffer dvm','klesch@example.com','$2y$10$8.AhuaHaBmK1YWH9y8uqGeG7OAkGVXegydxsXmC5cBbn4YhSoc6WK','UHlKWz8pIS','1',NULL,'false','2021-11-10 21:06:36','2021-11-10 21:06:36',NULL),(997,'miss virginie denesik','weber.marina@example.com','$2y$10$8.AhuaHaBmK1YWH9y8uqGeG7OAkGVXegydxsXmC5cBbn4YhSoc6WK','0wo9Lb7Ygl','0','9zAupTcLxsGMOWwc5kOCXEOkVguumhAhnENDIVsj','true','2021-11-10 21:06:36','2021-11-10 21:06:36',NULL),(998,'mossie hauck','derrick87@example.com','$2y$10$8.AhuaHaBmK1YWH9y8uqGeG7OAkGVXegydxsXmC5cBbn4YhSoc6WK','AsFdY4XOV4','1',NULL,'false','2021-11-10 21:06:36','2021-11-10 21:06:36',NULL),(999,'bruce jacobson','otis.towne@example.org','$2y$10$8.AhuaHaBmK1YWH9y8uqGeG7OAkGVXegydxsXmC5cBbn4YhSoc6WK','0S9cOTjgmU','1',NULL,'false','2021-11-10 21:06:36','2021-11-10 21:06:36',NULL),(1000,'ms. katharina klocko sr.','dickens.alden@example.org','$2y$10$8.AhuaHaBmK1YWH9y8uqGeG7OAkGVXegydxsXmC5cBbn4YhSoc6WK','pWKnzoQlOQ','0','lEbjZE4zCqFg2RBoXoVqmfd2IMPgKkTGx7KVAvJh','false','2021-11-10 21:06:36','2021-11-10 21:06:36',NULL);
/*!40000 ALTER TABLE `users` ENABLE KEYS */;
UNLOCK TABLES;
/*!40103 SET TIME_ZONE=@OLD_TIME_ZONE */;

/*!40101 SET SQL_MODE=@OLD_SQL_MODE */;
/*!40014 SET FOREIGN_KEY_CHECKS=@OLD_FOREIGN_KEY_CHECKS */;
/*!40014 SET UNIQUE_CHECKS=@OLD_UNIQUE_CHECKS */;
/*!40101 SET CHARACTER_SET_CLIENT=@OLD_CHARACTER_SET_CLIENT */;
/*!40101 SET CHARACTER_SET_RESULTS=@OLD_CHARACTER_SET_RESULTS */;
/*!40101 SET COLLATION_CONNECTION=@OLD_COLLATION_CONNECTION */;
/*!40111 SET SQL_NOTES=@OLD_SQL_NOTES */;

-- Dump completed on 2021-11-11 10:35:35
